{"level":"info","message":"🚀 ProctorX Backend Server listening on port 8000 in development environment.","service":"proctorx-backend","timestamp":"2026-07-06 14:25:08"}
{"level":"info","message":"🔑 Seeding: Default admin credentials registered in PostgreSQL.","service":"proctorx-backend","timestamp":"2026-07-06 14:25:09"}
{"level":"info","message":"🚀 ProctorX Backend Server listening on port 8000 in development environment.","service":"proctorx-backend","timestamp":"2026-07-06 14:28:23"}
{"level":"info","message":"🚀 ProctorX Backend Server listening on port 8000 in development environment.","service":"proctorx-backend","timestamp":"2026-07-06 14:41:46"}
{"level":"info","message":"🚀 ProctorX Backend Server listening on port 8000 in development environment.","service":"proctorx-backend","timestamp":"2026-07-06 14:41:53"}
{"level":"info","message":"ProctorX Backend Server listening on port 8000 in development environment.","service":"proctorx-backend","timestamp":"2026-07-06 14:42:04"}
{"level":"info","message":"ProctorX Backend Server listening on port 8000 in development environment.","service":"proctorx-backend","timestamp":"2026-07-06 14:42:14"}
{"level":"info","message":"ProctorX Backend Server listening on port 8000 in development environment.","service":"proctorx-backend","timestamp":"2026-07-06 14:42:22"}
{"level":"info","message":"ProctorX Backend Server listening on port 8000 in development environment.","service":"proctorx-backend","timestamp":"2026-07-06 14:42:36"}
{"level":"info","message":"ProctorX Backend Server listening on port 8000 in development environment.","service":"proctorx-backend","timestamp":"2026-07-06 14:42:48"}
{"level":"info","message":"Email sent successfully: <67684b23-337b-9561-e80f-5e027ac7ddf7@gmail.com> to student_1783329174319@test.com","service":"proctorx-backend","timestamp":"2026-07-06 14:42:56"}
{"level":"info","message":"Email sent successfully: <1c6fa581-9ea9-8da4-4168-0529f3d95a31@gmail.com> to teacher_1783329175122@test.com","service":"proctorx-backend","timestamp":"2026-07-06 14:42:56"}
{"level":"info","message":"Email sent successfully: <093d469c-9b24-fc0e-effa-dd4d1d4a7a2e@gmail.com> to teacher_1783329175122@test.com","service":"proctorx-backend","timestamp":"2026-07-06 14:42:57"}
{"level":"error","message":"Global Error caught: Invalid OTP code","service":"proctorx-backend","stack":"Error: Invalid OTP code\n    at Object.verifyOTP (D:\\Projects\\ProctorX\\Back-End\\src\\services\\quiz.service.js:242:17)\n    at process.processTicksAndRejections (node:internal/process/task_queues:95:5)\n    at async verifyOTP (D:\\Projects\\ProctorX\\Back-End\\src\\controllers\\quiz.controller.js:92:20)","statusCode":400,"timestamp":"2026-07-06 14:43:06"}
{"level":"info","message":"Email sent successfully: <a7d0c974-12f1-82cc-7186-82218ea84a26@gmail.com> to temp_teacher_1783329199954@test.com","service":"proctorx-backend","timestamp":"2026-07-06 14:43:21"}
{"level":"info","message":"Email sent successfully: <4005e1a0-8246-314a-6994-bbf499f26aa0@gmail.com> to temp_teacher_1783329199954@test.com","service":"proctorx-backend","timestamp":"2026-07-06 14:43:22"}
{"level":"info","message":"ProctorX Backend Server listening on port 8000 in development environment.","service":"proctorx-backend","timestamp":"2026-07-06 14:43:29"}
{"level":"info","message":"Email sent successfully: <92e4ec23-7268-84f4-6594-4505ad797deb@gmail.com> to student_1783329213790@test.com","service":"proctorx-backend","timestamp":"2026-07-06 14:43:35"}
{"level":"info","message":"Email sent successfully: <6418f9f5-6a1a-e178-4893-10abfe064d4c@gmail.com> to teacher_1783329214529@test.com","service":"proctorx-backend","timestamp":"2026-07-06 14:43:36"}
{"level":"info","message":"Email sent successfully: <23400063-c120-19c4-0ad6-7dcfaf2d9d29@gmail.com> to teacher_1783329214529@test.com","service":"proctorx-backend","timestamp":"2026-07-06 14:43:36"}
{"level":"error","message":"Global Error caught: Invalid OTP code","service":"proctorx-backend","stack":"Error: Invalid OTP code\n    at Object.verifyOTP (D:\\Projects\\ProctorX\\Back-End\\src\\services\\quiz.service.js:242:17)\n    at process.processTicksAndRejections (node:internal/process/task_queues:95:5)\n    at async verifyOTP (D:\\Projects\\ProctorX\\Back-End\\src\\controllers\\quiz.controller.js:92:20)","statusCode":400,"timestamp":"2026-07-06 14:43:42"}
{"level":"info","message":"Email sent successfully: <a1a916b9-4437-1de6-a3c9-3c09b0bdddbd@gmail.com> to temp_teacher_1783329234055@test.com","service":"proctorx-backend","timestamp":"2026-07-06 14:43:56"}
{"level":"info","message":"Email sent successfully: <ae2941c7-f8a2-c34a-93a7-e9f70f64583d@gmail.com> to temp_teacher_1783329234055@test.com","service":"proctorx-backend","timestamp":"2026-07-06 14:43:56"}
{"level":"info","message":"ProctorX Backend Server listening on port 8000 in development environment.","service":"proctorx-backend","timestamp":"2026-07-06 14:44:14"}
{"level":"info","message":"Email sent successfully: <406fb0ef-ca28-424e-c36a-529670765842@gmail.com> to student_1783329257962@test.com","service":"proctorx-backend","timestamp":"2026-07-06 14:44:20"}
{"level":"info","message":"Email sent successfully: <cd102b03-5d3b-6188-c909-67c15023788a@gmail.com> to teacher_1783329258836@test.com","service":"proctorx-backend","timestamp":"2026-07-06 14:44:20"}
{"level":"info","message":"Email sent successfully: <06870ac9-0329-a0fe-e34b-4dc582bc1dbf@gmail.com> to teacher_1783329258836@test.com","service":"proctorx-backend","timestamp":"2026-07-06 14:44:21"}
{"level":"info","message":"Email sent successfully: <ca21c352-acac-34e4-094d-fef55d6e753c@gmail.com> to temp_teacher_1783329276717@test.com","service":"proctorx-backend","timestamp":"2026-07-06 14:44:41"}
{"level":"info","message":"Email sent successfully: <07105f3a-bdff-b0ea-04c4-eff0460d3f74@gmail.com> to temp_teacher_1783329276717@test.com","service":"proctorx-backend","timestamp":"2026-07-06 14:44:42"}
{"level":"info","message":"ProctorX Backend Server listening on port 8000 in development environment.","service":"proctorx-backend","timestamp":"2026-07-06 14:50:58"}
{"level":"info","message":"ProctorX Backend Server listening on port 8000 in development environment.","service":"proctorx-backend","timestamp":"2026-07-06 14:51:07"}
{"level":"info","message":"ProctorX Backend Server listening on port 8000 in development environment.","service":"proctorx-backend","timestamp":"2026-07-06 14:51:16"}
{"level":"info","message":"ProctorX Backend Server listening on port 8000 in development environment.","service":"proctorx-backend","timestamp":"2026-07-06 14:51:51"}
{"level":"info","message":"Email sent successfully: <77a969f5-f9a7-bf38-5599-16ed8b47e545@gmail.com> to student_1783329716590@test.com","service":"proctorx-backend","timestamp":"2026-07-06 14:52:00"}
{"level":"info","message":"Email sent successfully: <d37dbb3e-171b-b8a3-cc31-2db08d456a9a@gmail.com> to teacher_1783329718141@test.com","service":"proctorx-backend","timestamp":"2026-07-06 14:52:01"}
{"level":"info","message":"Email sent successfully: <26a99c05-ecfd-e7f3-fd78-2f3891657ee2@gmail.com> to teacher_1783329718141@test.com","service":"proctorx-backend","timestamp":"2026-07-06 14:52:01"}
{"clientVersion":"5.22.0","level":"error","message":"Global Error caught: \nInvalid `prisma.quiz.findMany()` invocation in\nD:\\Projects\\ProctorX\\Back-End\\src\\services\\quiz.service.js:310:37\n\n  307 };\n  308 \n  309 const getPublicQuizzes = async () => {\n→ 310   const quizzes = await prisma.quiz.findMany({\n          select: {\n            quizId: true,\n            title: true,\n            createdAt: true,\n            teacher: {\n            ~~~~~~~\n              select: {\n                name: true,\n                email: true\n              }\n            },\n        ?   id?: true,\n        ?   status?: true,\n        ?   allowedStudents?: true,\n        ?   durationInMinutes?: true,\n        ?   otp?: true,\n        ?   otpExpiresAt?: true,\n        ?   createdById?: true,\n        ?   createdBy?: true,\n        ?   questions?: true,\n        ?   results?: true,\n        ?   _count?: true\n          },\n          orderBy: {\n            createdAt: \"desc\"\n          }\n        })\n\nUnknown field `teacher` for select statement on model `Quiz`. Available options are marked with ?.","name":"PrismaClientValidationError","service":"proctorx-backend","stack":"PrismaClientValidationError: \nInvalid `prisma.quiz.findMany()` invocation in\nD:\\Projects\\ProctorX\\Back-End\\src\\services\\quiz.service.js:310:37\n\n  307 };\n  308 \n  309 const getPublicQuizzes = async () => {\n→ 310   const quizzes = await prisma.quiz.findMany({\n          select: {\n            quizId: true,\n            title: true,\n            createdAt: true,\n            teacher: {\n            ~~~~~~~\n              select: {\n                name: true,\n                email: true\n              }\n            },\n        ?   id?: true,\n        ?   status?: true,\n        ?   allowedStudents?: true,\n        ?   durationInMinutes?: true,\n        ?   otp?: true,\n        ?   otpExpiresAt?: true,\n        ?   createdById?: true,\n        ?   createdBy?: true,\n        ?   questions?: true,\n        ?   results?: true,\n        ?   _count?: true\n          },\n          orderBy: {\n            createdAt: \"desc\"\n          }\n        })\n\nUnknown field `teacher` for select statement on model `Quiz`. Available options are marked with ?.\n    at wn (D:\\Projects\\ProctorX\\Back-End\\node_modules\\@prisma\\client\\runtime\\library.js:29:1363)\n    at $n.handleRequestError (D:\\Projects\\ProctorX\\Back-End\\node_modules\\@prisma\\client\\runtime\\library.js:121:6958)\n    at $n.handleAndLogRequestError (D:\\Projects\\ProctorX\\Back-End\\node_modules\\@prisma\\client\\runtime\\library.js:121:6623)\n    at $n.request (D:\\Projects\\ProctorX\\Back-End\\node_modules\\@prisma\\client\\runtime\\library.js:121:6307)\n    at async l (D:\\Projects\\ProctorX\\Back-End\\node_modules\\@prisma\\client\\runtime\\library.js:130:9633)\n    at async Object.getPublicQuizzes (D:\\Projects\\ProctorX\\Back-End\\src\\services\\quiz.service.js:310:19)\n    at async getPublicQuizzes (D:\\Projects\\ProctorX\\Back-End\\src\\controllers\\quiz.controller.js:117:20)","timestamp":"2026-07-06 14:52:19"}
{"clientVersion":"5.22.0","level":"error","message":"Global Error caught: \nInvalid `prisma.quiz.findUnique()` invocation in\nD:\\Projects\\ProctorX\\Back-End\\src\\services\\quiz.service.js:333:34\n\n  330 };\n  331 \n  332 const getPublicQuizByQuizId = async (quizId) => {\n→ 333   const quiz = await prisma.quiz.findUnique({\n          where: {\n            quizId: \"QZ-XT9UWO\"\n          },\n          include: {\n            questions: {\n              select: {\n                questionText: true,\n                options: true,\n                order: true\n              },\n              orderBy: {\n                order: \"asc\"\n              }\n            },\n            teacher: {\n            ~~~~~~~\n              select: {\n                name: true,\n                email: true\n              }\n            },\n        ?   createdBy?: true,\n        ?   results?: true\n          }\n        })\n\nUnknown field `teacher` for include statement on model `Quiz`. Available options are marked with ?.","name":"PrismaClientValidationError","service":"proctorx-backend","stack":"PrismaClientValidationError: \nInvalid `prisma.quiz.findUnique()` invocation in\nD:\\Projects\\ProctorX\\Back-End\\src\\services\\quiz.service.js:333:34\n\n  330 };\n  331 \n  332 const getPublicQuizByQuizId = async (quizId) => {\n→ 333   const quiz = await prisma.quiz.findUnique({\n          where: {\n            quizId: \"QZ-XT9UWO\"\n          },\n          include: {\n            questions: {\n              select: {\n                questionText: true,\n                options: true,\n                order: true\n              },\n              orderBy: {\n                order: \"asc\"\n              }\n            },\n            teacher: {\n            ~~~~~~~\n              select: {\n                name: true,\n                email: true\n              }\n            },\n        ?   createdBy?: true,\n        ?   results?: true\n          }\n        })\n\nUnknown field `teacher` for include statement on model `Quiz`. Available options are marked with ?.\n    at wn (D:\\Projects\\ProctorX\\Back-End\\node_modules\\@prisma\\client\\runtime\\library.js:29:1363)\n    at $n.handleRequestError (D:\\Projects\\ProctorX\\Back-End\\node_modules\\@prisma\\client\\runtime\\library.js:121:6958)\n    at $n.handleAndLogRequestError (D:\\Projects\\ProctorX\\Back-End\\node_modules\\@prisma\\client\\runtime\\library.js:121:6623)\n    at $n.request (D:\\Projects\\ProctorX\\Back-End\\node_modules\\@prisma\\client\\runtime\\library.js:121:6307)\n    at async l (D:\\Projects\\ProctorX\\Back-End\\node_modules\\@prisma\\client\\runtime\\library.js:130:9633)\n    at async Object.getPublicQuizByQuizId (D:\\Projects\\ProctorX\\Back-End\\src\\services\\quiz.service.js:333:16)\n    at async getPublicQuiz (D:\\Projects\\ProctorX\\Back-End\\src\\controllers\\quiz.controller.js:126:20)","timestamp":"2026-07-06 14:52:19"}
{"level":"info","message":"Email sent successfully: <b6b0633d-131f-d591-b0ca-bd0e0e00a1fd@gmail.com> to temp_teacher_1783329741782@test.com","service":"proctorx-backend","timestamp":"2026-07-06 14:52:25"}
{"level":"info","message":"Email sent successfully: <251a73d8-572b-135b-b45b-87fc355764ac@gmail.com> to temp_teacher_1783329741782@test.com","service":"proctorx-backend","timestamp":"2026-07-06 14:52:26"}
{"level":"info","message":"ProctorX Backend Server listening on port 8000 in development environment.","service":"proctorx-backend","timestamp":"2026-07-06 14:52:38"}
{"level":"info","message":"Email sent successfully: <3060e565-5ba5-6916-268a-7d757d837e70@gmail.com> to student_1783329764889@test.com","service":"proctorx-backend","timestamp":"2026-07-06 14:52:47"}
{"level":"info","message":"Email sent successfully: <ab2fae0e-d00c-538e-492c-f08ccb6e2644@gmail.com> to teacher_1783329765660@test.com","service":"proctorx-backend","timestamp":"2026-07-06 14:52:48"}
{"level":"info","message":"Email sent successfully: <d7f52b3b-8694-a0d2-ad10-fdfe6964104b@gmail.com> to teacher_1783329765660@test.com","service":"proctorx-backend","timestamp":"2026-07-06 14:52:48"}
{"level":"info","message":"Email sent successfully: <0934dffe-3977-009d-9d01-10bb7ac889a8@gmail.com> to temp_teacher_1783329789098@test.com","service":"proctorx-backend","timestamp":"2026-07-06 14:53:11"}
{"level":"info","message":"Email sent successfully: <64ea70e4-d6da-cd8e-44f1-98fec2403b72@gmail.com> to temp_teacher_1783329789098@test.com","service":"proctorx-backend","timestamp":"2026-07-06 14:53:12"}
{"level":"info","message":"ProctorX Backend Server listening on port 8000 in development environment.","service":"proctorx-backend","timestamp":"2026-07-06 14:56:03"}
{"level":"info","message":"ProctorX Backend Server listening on port 8000 in development environment.","service":"proctorx-backend","timestamp":"2026-07-06 14:56:16"}
{"level":"info","message":"ProctorX Backend Server listening on port 8000 in development environment.","service":"proctorx-backend","timestamp":"2026-07-06 14:56:23"}
{"level":"info","message":"ProctorX Backend Server listening on port 8000 in development environment.","service":"proctorx-backend","timestamp":"2026-07-06 14:56:32"}
{"level":"info","message":"ProctorX Backend Server listening on port 8000 in development environment.","service":"proctorx-backend","timestamp":"2026-07-06 14:57:22"}
{"level":"info","message":"ProctorX Backend Server listening on port 8000 in development environment.","service":"proctorx-backend","timestamp":"2026-07-06 14:57:35"}
{"level":"info","message":"Email sent successfully: <4d970b56-9867-ad6f-14b2-a863175174d6@gmail.com> to student_1783330060117@test.com","service":"proctorx-backend","timestamp":"2026-07-06 14:57:42"}
{"level":"info","message":"Email sent successfully: <22ebee8c-d7c8-cfa8-62e3-cdf06028bdd8@gmail.com> to pending_1783330062069@test.com","service":"proctorx-backend","timestamp":"2026-07-06 14:57:45"}
{"level":"info","message":"Email sent successfully: <64ad48fd-065e-c57f-911e-fa658875c0bc@gmail.com> to temp_teacher_1783330082229@test.com","service":"proctorx-backend","timestamp":"2026-07-06 14:58:05"}
{"level":"info","message":"ProctorX Backend Server listening on port 8000 in development environment.","service":"proctorx-backend","timestamp":"2026-07-06 15:11:34"}
{"level":"info","message":"ProctorX Backend Server listening on port 8000 in development environment.","service":"proctorx-backend","timestamp":"2026-07-06 15:11:39"}
{"level":"info","message":"ProctorX Backend Server listening on port 8000 in development environment.","service":"proctorx-backend","timestamp":"2026-07-06 15:11:48"}
{"level":"info","message":"ProctorX Backend Server listening on port 8000 in development environment.","service":"proctorx-backend","timestamp":"2026-07-06 15:11:58"}
{"level":"info","message":"ProctorX Backend Server listening on port 8000 in development environment.","service":"proctorx-backend","timestamp":"2026-07-06 15:12:05"}
{"level":"info","message":"ProctorX Backend Server listening on port 8000 in development environment.","service":"proctorx-backend","timestamp":"2026-07-06 15:12:20"}
{"level":"info","message":"ProctorX Backend Server listening on port 8000 in development environment.","service":"proctorx-backend","timestamp":"2026-07-06 15:12:35"}
{"level":"info","message":"ProctorX Backend Server listening on port 8000 in development environment.","service":"proctorx-backend","timestamp":"2026-07-06 15:12:48"}
{"level":"info","message":"ProctorX Backend Server listening on port 8000 in development environment.","service":"proctorx-backend","timestamp":"2026-07-06 15:14:10"}
{"level":"info","message":"ProctorX Backend Server listening on port 8000 in development environment.","service":"proctorx-backend","timestamp":"2026-07-06 15:15:19"}
{"level":"info","message":"ProctorX Backend Server listening on port 8000 in development environment.","service":"proctorx-backend","timestamp":"2026-07-06 15:16:42"}
{"level":"info","message":"Email sent successfully: <61cd8a02-c8ad-6443-c4e4-3e95176f175a@gmail.com> to student_1783331213209@test.com","service":"proctorx-backend","timestamp":"2026-07-06 15:16:54"}
{"level":"info","message":"Email sent successfully: <40c95109-bde7-35b0-c004-3a66d851af8a@gmail.com> to pending_1783331215091@test.com","service":"proctorx-backend","timestamp":"2026-07-06 15:16:57"}
{"level":"info","message":"Socket client connected: VErvQJRdRQM87sHbAAAC (user: Sanjaipandian)","service":"proctorx-backend","timestamp":"2026-07-06 15:17:04"}
{"level":"info","message":"Socket teacher:monitor -> quiz: QZ-K2WGD7","service":"proctorx-backend","timestamp":"2026-07-06 15:17:04"}
{"level":"info","message":"Email sent successfully: <8cae2cf5-adc5-342b-a3a9-a2ed1aed8af8@gmail.com> to temp_teacher_1783331239377@test.com","service":"proctorx-backend","timestamp":"2026-07-06 15:17:21"}
{"level":"info","message":"Email sent successfully: <09dbb398-ea7f-888e-e98a-46793eca75ed@gmail.com> to sanjaipandian77@gmail.com","service":"proctorx-backend","timestamp":"2026-07-06 15:19:54"}
{"level":"info","message":"Socket client connected: LBqNm1017MQOkHQiAAAF (user: sanjaipandian)","service":"proctorx-backend","timestamp":"2026-07-06 15:20:42"}
{"level":"info","message":"Socket student:join -> student: sanjaipandian (0130dbd8-2f05-4e70-af4d-daf15f1923b0), quiz: QZ-K2WGD7","service":"proctorx-backend","timestamp":"2026-07-06 15:21:27"}
{"level":"info","message":"Socket student:join -> student: sanjaipandian (0130dbd8-2f05-4e70-af4d-daf15f1923b0), quiz: QZ-K2WGD7","service":"proctorx-backend","timestamp":"2026-07-06 15:21:28"}
{"level":"info","message":"Socket student:join -> student: sanjaipandian (0130dbd8-2f05-4e70-af4d-daf15f1923b0), quiz: QZ-K2WGD7","service":"proctorx-backend","timestamp":"2026-07-06 15:21:29"}
{"level":"info","message":"Socket student:join -> student: sanjaipandian (0130dbd8-2f05-4e70-af4d-daf15f1923b0), quiz: QZ-K2WGD7","service":"proctorx-backend","timestamp":"2026-07-06 15:21:30"}
{"level":"info","message":"Socket student:join -> student: sanjaipandian (0130dbd8-2f05-4e70-af4d-daf15f1923b0), quiz: QZ-K2WGD7","service":"proctorx-backend","timestamp":"2026-07-06 15:21:31"}
{"level":"info","message":"Socket student:join -> student: sanjaipandian (0130dbd8-2f05-4e70-af4d-daf15f1923b0), quiz: QZ-K2WGD7","service":"proctorx-backend","timestamp":"2026-07-06 15:21:32"}
{"level":"info","message":"Socket student:join -> student: sanjaipandian (0130dbd8-2f05-4e70-af4d-daf15f1923b0), quiz: QZ-K2WGD7","service":"proctorx-backend","timestamp":"2026-07-06 15:21:33"}
{"level":"info","message":"Socket student:warning -> student: 0130dbd8-2f05-4e70-af4d-daf15f1923b0, quiz: QZ-K2WGD7, type: TAB_SWITCH","service":"proctorx-backend","timestamp":"2026-07-06 15:21:33"}
{"level":"info","message":"Socket student:join -> student: sanjaipandian (0130dbd8-2f05-4e70-af4d-daf15f1923b0), quiz: QZ-K2WGD7","service":"proctorx-backend","timestamp":"2026-07-06 15:21:38"}
{"level":"info","message":"Socket student:join -> student: sanjaipandian (0130dbd8-2f05-4e70-af4d-daf15f1923b0), quiz: QZ-K2WGD7","service":"proctorx-backend","timestamp":"2026-07-06 15:21:39"}
{"level":"info","message":"Socket student:join -> student: sanjaipandian (0130dbd8-2f05-4e70-af4d-daf15f1923b0), quiz: QZ-K2WGD7","service":"proctorx-backend","timestamp":"2026-07-06 15:21:40"}
{"level":"info","message":"Socket student:join -> student: sanjaipandian (0130dbd8-2f05-4e70-af4d-daf15f1923b0), quiz: QZ-K2WGD7","service":"proctorx-backend","timestamp":"2026-07-06 15:21:41"}
{"level":"info","message":"Socket student:join -> student: sanjaipandian (0130dbd8-2f05-4e70-af4d-daf15f1923b0), quiz: QZ-K2WGD7","service":"proctorx-backend","timestamp":"2026-07-06 15:21:42"}
{"level":"info","message":"Socket student:join -> student: sanjaipandian (0130dbd8-2f05-4e70-af4d-daf15f1923b0), quiz: QZ-K2WGD7","service":"proctorx-backend","timestamp":"2026-07-06 15:21:43"}
{"level":"info","message":"Socket student:join -> student: sanjaipandian (0130dbd8-2f05-4e70-af4d-daf15f1923b0), quiz: QZ-K2WGD7","service":"proctorx-backend","timestamp":"2026-07-06 15:21:44"}
{"level":"info","message":"Socket student:join -> student: sanjaipandian (0130dbd8-2f05-4e70-af4d-daf15f1923b0), quiz: QZ-K2WGD7","service":"proctorx-backend","timestamp":"2026-07-06 15:21:45"}
{"level":"info","message":"Socket student:join -> student: sanjaipandian (0130dbd8-2f05-4e70-af4d-daf15f1923b0), quiz: QZ-K2WGD7","service":"proctorx-backend","timestamp":"2026-07-06 15:21:46"}
{"level":"info","message":"Socket student:join -> student: sanjaipandian (0130dbd8-2f05-4e70-af4d-daf15f1923b0), quiz: QZ-K2WGD7","service":"proctorx-backend","timestamp":"2026-07-06 15:21:47"}
{"level":"info","message":"Socket student:join -> student: sanjaipandian (0130dbd8-2f05-4e70-af4d-daf15f1923b0), quiz: QZ-K2WGD7","service":"proctorx-backend","timestamp":"2026-07-06 15:21:48"}
{"level":"info","message":"Socket student:warning -> student: 0130dbd8-2f05-4e70-af4d-daf15f1923b0, quiz: QZ-K2WGD7, type: TAB_SWITCH","service":"proctorx-backend","timestamp":"2026-07-06 15:21:49"}
{"level":"info","message":"Socket student:join -> student: sanjaipandian (0130dbd8-2f05-4e70-af4d-daf15f1923b0), quiz: QZ-K2WGD7","service":"proctorx-backend","timestamp":"2026-07-06 15:21:52"}
{"level":"info","message":"Socket student:join -> student: sanjaipandian (0130dbd8-2f05-4e70-af4d-daf15f1923b0), quiz: QZ-K2WGD7","service":"proctorx-backend","timestamp":"2026-07-06 15:21:53"}
{"level":"info","message":"Socket student:join -> student: sanjaipandian (0130dbd8-2f05-4e70-af4d-daf15f1923b0), quiz: QZ-K2WGD7","service":"proctorx-backend","timestamp":"2026-07-06 15:21:54"}
{"level":"info","message":"Socket student:warning -> student: 0130dbd8-2f05-4e70-af4d-daf15f1923b0, quiz: QZ-K2WGD7, type: TAB_SWITCH","service":"proctorx-backend","timestamp":"2026-07-06 15:21:55"}
{"level":"info","message":"Socket student:join -> student: sanjaipandian (0130dbd8-2f05-4e70-af4d-daf15f1923b0), quiz: QZ-K2WGD7","service":"proctorx-backend","timestamp":"2026-07-06 15:21:59"}
{"level":"info","message":"Socket student:join -> student: sanjaipandian (0130dbd8-2f05-4e70-af4d-daf15f1923b0), quiz: QZ-K2WGD7","service":"proctorx-backend","timestamp":"2026-07-06 15:22:00"}
{"level":"info","message":"Socket student:warning -> student: 0130dbd8-2f05-4e70-af4d-daf15f1923b0, quiz: QZ-K2WGD7, type: TAB_SWITCH","service":"proctorx-backend","timestamp":"2026-07-06 15:22:00"}
{"level":"info","message":"Socket student:join -> student: sanjaipandian (0130dbd8-2f05-4e70-af4d-daf15f1923b0), quiz: QZ-K2WGD7","service":"proctorx-backend","timestamp":"2026-07-06 15:22:03"}
{"level":"info","message":"Socket student:join -> student: sanjaipandian (0130dbd8-2f05-4e70-af4d-daf15f1923b0), quiz: QZ-K2WGD7","service":"proctorx-backend","timestamp":"2026-07-06 15:22:04"}
{"level":"info","message":"Socket student:join -> student: sanjaipandian (0130dbd8-2f05-4e70-af4d-daf15f1923b0), quiz: QZ-K2WGD7","service":"proctorx-backend","timestamp":"2026-07-06 15:22:05"}
{"level":"info","message":"Socket student:warning -> student: 0130dbd8-2f05-4e70-af4d-daf15f1923b0, quiz: QZ-K2WGD7, type: TAB_SWITCH","service":"proctorx-backend","timestamp":"2026-07-06 15:22:06"}
{"level":"info","message":"Socket student:join -> student: sanjaipandian (0130dbd8-2f05-4e70-af4d-daf15f1923b0), quiz: QZ-K2WGD7","service":"proctorx-backend","timestamp":"2026-07-06 15:22:06"}
{"level":"info","message":"Socket student:warning -> student: 0130dbd8-2f05-4e70-af4d-daf15f1923b0, quiz: QZ-K2WGD7, type: TAB_SWITCH","service":"proctorx-backend","timestamp":"2026-07-06 15:22:06"}
{"level":"info","message":"Socket student:join -> student: sanjaipandian (0130dbd8-2f05-4e70-af4d-daf15f1923b0), quiz: QZ-K2WGD7","service":"proctorx-backend","timestamp":"2026-07-06 15:22:06"}
{"level":"info","message":"Socket student:warning -> student: 0130dbd8-2f05-4e70-af4d-daf15f1923b0, quiz: QZ-K2WGD7, type: TAB_SWITCH","service":"proctorx-backend","timestamp":"2026-07-06 15:22:06"}
{"level":"info","message":"Socket student:join -> student: sanjaipandian (0130dbd8-2f05-4e70-af4d-daf15f1923b0), quiz: QZ-K2WGD7","service":"proctorx-backend","timestamp":"2026-07-06 15:22:06"}
{"level":"info","message":"Socket student:warning -> student: 0130dbd8-2f05-4e70-af4d-daf15f1923b0, quiz: QZ-K2WGD7, type: TAB_SWITCH","service":"proctorx-backend","timestamp":"2026-07-06 15:22:06"}
{"level":"info","message":"Socket student:join -> student: sanjaipandian (0130dbd8-2f05-4e70-af4d-daf15f1923b0), quiz: QZ-K2WGD7","service":"proctorx-backend","timestamp":"2026-07-06 15:22:06"}
{"level":"info","message":"Socket student:warning -> student: 0130dbd8-2f05-4e70-af4d-daf15f1923b0, quiz: QZ-K2WGD7, type: TAB_SWITCH","service":"proctorx-backend","timestamp":"2026-07-06 15:22:06"}
{"level":"info","message":"Socket student:join -> student: sanjaipandian (0130dbd8-2f05-4e70-af4d-daf15f1923b0), quiz: QZ-K2WGD7","service":"proctorx-backend","timestamp":"2026-07-06 15:22:06"}
{"level":"info","message":"Socket student:warning -> student: 0130dbd8-2f05-4e70-af4d-daf15f1923b0, quiz: QZ-K2WGD7, type: TAB_SWITCH","service":"proctorx-backend","timestamp":"2026-07-06 15:22:06"}
{"level":"info","message":"Socket student:join -> student: sanjaipandian (0130dbd8-2f05-4e70-af4d-daf15f1923b0), quiz: QZ-K2WGD7","service":"proctorx-backend","timestamp":"2026-07-06 15:22:06"}
{"level":"info","message":"Socket student:warning -> student: 0130dbd8-2f05-4e70-af4d-daf15f1923b0, quiz: QZ-K2WGD7, type: TAB_SWITCH","service":"proctorx-backend","timestamp":"2026-07-06 15:22:06"}
{"level":"info","message":"Socket student:join -> student: sanjaipandian (0130dbd8-2f05-4e70-af4d-daf15f1923b0), quiz: QZ-K2WGD7","service":"proctorx-backend","timestamp":"2026-07-06 15:22:06"}
{"level":"info","message":"Socket student:warning -> student: 0130dbd8-2f05-4e70-af4d-daf15f1923b0, quiz: QZ-K2WGD7, type: TAB_SWITCH","service":"proctorx-backend","timestamp":"2026-07-06 15:22:06"}
{"level":"info","message":"Socket student:join -> student: sanjaipandian (0130dbd8-2f05-4e70-af4d-daf15f1923b0), quiz: QZ-K2WGD7","service":"proctorx-backend","timestamp":"2026-07-06 15:22:06"}
{"level":"info","message":"Socket student:warning -> student: 0130dbd8-2f05-4e70-af4d-daf15f1923b0, quiz: QZ-K2WGD7, type: TAB_SWITCH","service":"proctorx-backend","timestamp":"2026-07-06 15:22:06"}
{"level":"info","message":"Socket student:join -> student: sanjaipandian (0130dbd8-2f05-4e70-af4d-daf15f1923b0), quiz: QZ-K2WGD7","service":"proctorx-backend","timestamp":"2026-07-06 15:22:06"}
{"level":"info","message":"Socket student:warning -> student: 0130dbd8-2f05-4e70-af4d-daf15f1923b0, quiz: QZ-K2WGD7, type: TAB_SWITCH","service":"proctorx-backend","timestamp":"2026-07-06 15:22:06"}
{"level":"info","message":"Socket student:join -> student: sanjaipandian (0130dbd8-2f05-4e70-af4d-daf15f1923b0), quiz: QZ-K2WGD7","service":"proctorx-backend","timestamp":"2026-07-06 15:22:06"}
{"level":"info","message":"Socket student:warning -> student: 0130dbd8-2f05-4e70-af4d-daf15f1923b0, quiz: QZ-K2WGD7, type: TAB_SWITCH","service":"proctorx-backend","timestamp":"2026-07-06 15:22:06"}
{"level":"info","message":"Socket student:join -> student: sanjaipandian (0130dbd8-2f05-4e70-af4d-daf15f1923b0), quiz: QZ-K2WGD7","service":"proctorx-backend","timestamp":"2026-07-06 15:22:06"}
{"level":"info","message":"Socket student:warning -> student: 0130dbd8-2f05-4e70-af4d-daf15f1923b0, quiz: QZ-K2WGD7, type: TAB_SWITCH","service":"proctorx-backend","timestamp":"2026-07-06 15:22:06"}
{"level":"info","message":"Socket student:join -> student: sanjaipandian (0130dbd8-2f05-4e70-af4d-daf15f1923b0), quiz: QZ-K2WGD7","service":"proctorx-backend","timestamp":"2026-07-06 15:22:06"}
{"level":"info","message":"Socket student:warning -> student: 0130dbd8-2f05-4e70-af4d-daf15f1923b0, quiz: QZ-K2WGD7, type: TAB_SWITCH","service":"proctorx-backend","timestamp":"2026-07-06 15:22:06"}
{"level":"info","message":"Socket student:join -> student: sanjaipandian (0130dbd8-2f05-4e70-af4d-daf15f1923b0), quiz: QZ-K2WGD7","service":"proctorx-backend","timestamp":"2026-07-06 15:22:06"}
{"level":"info","message":"Socket student:warning -> student: 0130dbd8-2f05-4e70-af4d-daf15f1923b0, quiz: QZ-K2WGD7, type: TAB_SWITCH","service":"proctorx-backend","timestamp":"2026-07-06 15:22:06"}
{"level":"info","message":"Socket student:join -> student: sanjaipandian (0130dbd8-2f05-4e70-af4d-daf15f1923b0), quiz: QZ-K2WGD7","service":"proctorx-backend","timestamp":"2026-07-06 15:22:06"}
{"level":"info","message":"Socket student:warning -> student: 0130dbd8-2f05-4e70-af4d-daf15f1923b0, quiz: QZ-K2WGD7, type: TAB_SWITCH","service":"proctorx-backend","timestamp":"2026-07-06 15:22:06"}
{"level":"info","message":"Socket student:join -> student: sanjaipandian (0130dbd8-2f05-4e70-af4d-daf15f1923b0), quiz: QZ-K2WGD7","service":"proctorx-backend","timestamp":"2026-07-06 15:22:06"}
{"level":"info","message":"Socket student:warning -> student: 0130dbd8-2f05-4e70-af4d-daf15f1923b0, quiz: QZ-K2WGD7, type: TAB_SWITCH","service":"proctorx-backend","timestamp":"2026-07-06 15:22:06"}
{"level":"info","message":"Socket student:join -> student: sanjaipandian (0130dbd8-2f05-4e70-af4d-daf15f1923b0), quiz: QZ-K2WGD7","service":"proctorx-backend","timestamp":"2026-07-06 15:22:06"}
{"level":"info","message":"Socket student:warning -> student: 0130dbd8-2f05-4e70-af4d-daf15f1923b0, quiz: QZ-K2WGD7, type: TAB_SWITCH","service":"proctorx-backend","timestamp":"2026-07-06 15:22:06"}
{"level":"info","message":"Socket student:join -> student: sanjaipandian (0130dbd8-2f05-4e70-af4d-daf15f1923b0), quiz: QZ-K2WGD7","service":"proctorx-backend","timestamp":"2026-07-06 15:22:06"}
{"level":"info","message":"Socket student:warning -> student: 0130dbd8-2f05-4e70-af4d-daf15f1923b0, quiz: QZ-K2WGD7, type: TAB_SWITCH","service":"proctorx-backend","timestamp":"2026-07-06 15:22:06"}
{"level":"info","message":"Socket student:join -> student: sanjaipandian (0130dbd8-2f05-4e70-af4d-daf15f1923b0), quiz: QZ-K2WGD7","service":"proctorx-backend","timestamp":"2026-07-06 15:22:06"}
{"level":"info","message":"Socket student:warning -> student: 0130dbd8-2f05-4e70-af4d-daf15f1923b0, quiz: QZ-K2WGD7, type: TAB_SWITCH","service":"proctorx-backend","timestamp":"2026-07-06 15:22:06"}
{"level":"info","message":"Socket student:join -> student: sanjaipandian (0130dbd8-2f05-4e70-af4d-daf15f1923b0), quiz: QZ-K2WGD7","service":"proctorx-backend","timestamp":"2026-07-06 15:22:06"}
{"level":"info","message":"Socket student:warning -> student: 0130dbd8-2f05-4e70-af4d-daf15f1923b0, quiz: QZ-K2WGD7, type: TAB_SWITCH","service":"proctorx-backend","timestamp":"2026-07-06 15:22:06"}
{"level":"info","message":"Socket student:join -> student: sanjaipandian (0130dbd8-2f05-4e70-af4d-daf15f1923b0), quiz: QZ-K2WGD7","service":"proctorx-backend","timestamp":"2026-07-06 15:22:06"}
{"level":"info","message":"Socket student:warning -> student: 0130dbd8-2f05-4e70-af4d-daf15f1923b0, quiz: QZ-K2WGD7, type: TAB_SWITCH","service":"proctorx-backend","timestamp":"2026-07-06 15:22:06"}
{"level":"info","message":"Socket student:join -> student: sanjaipandian (0130dbd8-2f05-4e70-af4d-daf15f1923b0), quiz: QZ-K2WGD7","service":"proctorx-backend","timestamp":"2026-07-06 15:22:06"}
{"level":"info","message":"Socket student:warning -> student: 0130dbd8-2f05-4e70-af4d-daf15f1923b0, quiz: QZ-K2WGD7, type: TAB_SWITCH","service":"proctorx-backend","timestamp":"2026-07-06 15:22:06"}
{"level":"info","message":"Socket student:join -> student: sanjaipandian (0130dbd8-2f05-4e70-af4d-daf15f1923b0), quiz: QZ-K2WGD7","service":"proctorx-backend","timestamp":"2026-07-06 15:22:06"}
{"level":"info","message":"Socket student:warning -> student: 0130dbd8-2f05-4e70-af4d-daf15f1923b0, quiz: QZ-K2WGD7, type: TAB_SWITCH","service":"proctorx-backend","timestamp":"2026-07-06 15:22:06"}
{"level":"info","message":"Socket disconnect -> Student: sanjaipandian (0130dbd8-2f05-4e70-af4d-daf15f1923b0), quiz: QZ-K2WGD7","service":"proctorx-backend","timestamp":"2026-07-06 15:22:06"}
{"clientVersion":"5.22.0","code":"P2002","level":"error","message":"Global Error caught: \nInvalid `tx.result.create()` invocation in\nD:\\Projects\\ProctorX\\Back-End\\src\\services\\result.service.js:62:22\n\n  59 }\n  60 \n  61 // 2. Create result with responses\n→ 62 return tx.result.create(\nUnique constraint failed on the fields: (`quizId`,`studentId`)","meta":{"modelName":"Result","target":["quizId","studentId"]},"name":"PrismaClientKnownRequestError","service":"proctorx-backend","stack":"PrismaClientKnownRequestError: \nInvalid `tx.result.create()` invocation in\nD:\\Projects\\ProctorX\\Back-End\\src\\services\\result.service.js:62:22\n\n  59 }\n  60 \n  61 // 2. Create result with responses\n→ 62 return tx.result.create(\nUnique constraint failed on the fields: (`quizId`,`studentId`)\n    at $n.handleRequestError (D:\\Projects\\ProctorX\\Back-End\\node_modules\\@prisma\\client\\runtime\\library.js:121:7315)\n    at $n.handleAndLogRequestError (D:\\Projects\\ProctorX\\Back-End\\node_modules\\@prisma\\client\\runtime\\library.js:121:6623)\n    at $n.request (D:\\Projects\\ProctorX\\Back-End\\node_modules\\@prisma\\client\\runtime\\library.js:121:6307)\n    at async l (D:\\Projects\\ProctorX\\Back-End\\node_modules\\@prisma\\client\\runtime\\library.js:130:9633)\n    at async Proxy._transactionWithCallback (D:\\Projects\\ProctorX\\Back-End\\node_modules\\@prisma\\client\\runtime\\library.js:130:8000)\n    at async Object.submitQuiz (D:\\Projects\\ProctorX\\Back-End\\src\\services\\result.service.js:44:18)\n    at async submitResult (D:\\Projects\\ProctorX\\Back-End\\src\\controllers\\result.controller.js:6:20)","timestamp":"2026-07-06 15:22:10"}
{"clientVersion":"5.22.0","code":"P2002","level":"error","message":"Global Error caught: \nInvalid `tx.result.create()` invocation in\nD:\\Projects\\ProctorX\\Back-End\\src\\services\\result.service.js:62:22\n\n  59 }\n  60 \n  61 // 2. Create result with responses\n→ 62 return tx.result.create(\nUnique constraint failed on the fields: (`quizId`,`studentId`)","meta":{"modelName":"Result","target":["quizId","studentId"]},"name":"PrismaClientKnownRequestError","service":"proctorx-backend","stack":"PrismaClientKnownRequestError: \nInvalid `tx.result.create()` invocation in\nD:\\Projects\\ProctorX\\Back-End\\src\\services\\result.service.js:62:22\n\n  59 }\n  60 \n  61 // 2. Create result with responses\n→ 62 return tx.result.create(\nUnique constraint failed on the fields: (`quizId`,`studentId`)\n    at $n.handleRequestError (D:\\Projects\\ProctorX\\Back-End\\node_modules\\@prisma\\client\\runtime\\library.js:121:7315)\n    at $n.handleAndLogRequestError (D:\\Projects\\ProctorX\\Back-End\\node_modules\\@prisma\\client\\runtime\\library.js:121:6623)\n    at $n.request (D:\\Projects\\ProctorX\\Back-End\\node_modules\\@prisma\\client\\runtime\\library.js:121:6307)\n    at async l (D:\\Projects\\ProctorX\\Back-End\\node_modules\\@prisma\\client\\runtime\\library.js:130:9633)\n    at async Proxy._transactionWithCallback (D:\\Projects\\ProctorX\\Back-End\\node_modules\\@prisma\\client\\runtime\\library.js:130:8000)\n    at async Object.submitQuiz (D:\\Projects\\ProctorX\\Back-End\\src\\services\\result.service.js:44:18)\n    at async submitResult (D:\\Projects\\ProctorX\\Back-End\\src\\controllers\\result.controller.js:6:20)","timestamp":"2026-07-06 15:22:10"}
{"clientVersion":"5.22.0","code":"P2002","level":"error","message":"Global Error caught: \nInvalid `tx.result.create()` invocation in\nD:\\Projects\\ProctorX\\Back-End\\src\\services\\result.service.js:62:22\n\n  59 }\n  60 \n  61 // 2. Create result with responses\n→ 62 return tx.result.create(\nUnique constraint failed on the fields: (`quizId`,`studentId`)","meta":{"modelName":"Result","target":["quizId","studentId"]},"name":"PrismaClientKnownRequestError","service":"proctorx-backend","stack":"PrismaClientKnownRequestError: \nInvalid `tx.result.create()` invocation in\nD:\\Projects\\ProctorX\\Back-End\\src\\services\\result.service.js:62:22\n\n  59 }\n  60 \n  61 // 2. Create result with responses\n→ 62 return tx.result.create(\nUnique constraint failed on the fields: (`quizId`,`studentId`)\n    at $n.handleRequestError (D:\\Projects\\ProctorX\\Back-End\\node_modules\\@prisma\\client\\runtime\\library.js:121:7315)\n    at $n.handleAndLogRequestError (D:\\Projects\\ProctorX\\Back-End\\node_modules\\@prisma\\client\\runtime\\library.js:121:6623)\n    at $n.request (D:\\Projects\\ProctorX\\Back-End\\node_modules\\@prisma\\client\\runtime\\library.js:121:6307)\n    at async l (D:\\Projects\\ProctorX\\Back-End\\node_modules\\@prisma\\client\\runtime\\library.js:130:9633)\n    at async Proxy._transactionWithCallback (D:\\Projects\\ProctorX\\Back-End\\node_modules\\@prisma\\client\\runtime\\library.js:130:8000)\n    at async Object.submitQuiz (D:\\Projects\\ProctorX\\Back-End\\src\\services\\result.service.js:44:18)\n    at async submitResult (D:\\Projects\\ProctorX\\Back-End\\src\\controllers\\result.controller.js:6:20)","timestamp":"2026-07-06 15:22:10"}
{"clientVersion":"5.22.0","code":"P2002","level":"error","message":"Global Error caught: \nInvalid `tx.result.create()` invocation in\nD:\\Projects\\ProctorX\\Back-End\\src\\services\\result.service.js:62:22\n\n  59 }\n  60 \n  61 // 2. Create result with responses\n→ 62 return tx.result.create(\nUnique constraint failed on the fields: (`quizId`,`studentId`)","meta":{"modelName":"Result","target":["quizId","studentId"]},"name":"PrismaClientKnownRequestError","service":"proctorx-backend","stack":"PrismaClientKnownRequestError: \nInvalid `tx.result.create()` invocation in\nD:\\Projects\\ProctorX\\Back-End\\src\\services\\result.service.js:62:22\n\n  59 }\n  60 \n  61 // 2. Create result with responses\n→ 62 return tx.result.create(\nUnique constraint failed on the fields: (`quizId`,`studentId`)\n    at $n.handleRequestError (D:\\Projects\\ProctorX\\Back-End\\node_modules\\@prisma\\client\\runtime\\library.js:121:7315)\n    at $n.handleAndLogRequestError (D:\\Projects\\ProctorX\\Back-End\\node_modules\\@prisma\\client\\runtime\\library.js:121:6623)\n    at $n.request (D:\\Projects\\ProctorX\\Back-End\\node_modules\\@prisma\\client\\runtime\\library.js:121:6307)\n    at async l (D:\\Projects\\ProctorX\\Back-End\\node_modules\\@prisma\\client\\runtime\\library.js:130:9633)\n    at async Proxy._transactionWithCallback (D:\\Projects\\ProctorX\\Back-End\\node_modules\\@prisma\\client\\runtime\\library.js:130:8000)\n    at async Object.submitQuiz (D:\\Projects\\ProctorX\\Back-End\\src\\services\\result.service.js:44:18)\n    at async submitResult (D:\\Projects\\ProctorX\\Back-End\\src\\controllers\\result.controller.js:6:20)","timestamp":"2026-07-06 15:22:10"}
{"clientVersion":"5.22.0","code":"P2002","level":"error","message":"Global Error caught: \nInvalid `tx.result.create()` invocation in\nD:\\Projects\\ProctorX\\Back-End\\src\\services\\result.service.js:62:22\n\n  59 }\n  60 \n  61 // 2. Create result with responses\n→ 62 return tx.result.create(\nUnique constraint failed on the fields: (`quizId`,`studentId`)","meta":{"modelName":"Result","target":["quizId","studentId"]},"name":"PrismaClientKnownRequestError","service":"proctorx-backend","stack":"PrismaClientKnownRequestError: \nInvalid `tx.result.create()` invocation in\nD:\\Projects\\ProctorX\\Back-End\\src\\services\\result.service.js:62:22\n\n  59 }\n  60 \n  61 // 2. Create result with responses\n→ 62 return tx.result.create(\nUnique constraint failed on the fields: (`quizId`,`studentId`)\n    at $n.handleRequestError (D:\\Projects\\ProctorX\\Back-End\\node_modules\\@prisma\\client\\runtime\\library.js:121:7315)\n    at $n.handleAndLogRequestError (D:\\Projects\\ProctorX\\Back-End\\node_modules\\@prisma\\client\\runtime\\library.js:121:6623)\n    at $n.request (D:\\Projects\\ProctorX\\Back-End\\node_modules\\@prisma\\client\\runtime\\library.js:121:6307)\n    at async l (D:\\Projects\\ProctorX\\Back-End\\node_modules\\@prisma\\client\\runtime\\library.js:130:9633)\n    at async Proxy._transactionWithCallback (D:\\Projects\\ProctorX\\Back-End\\node_modules\\@prisma\\client\\runtime\\library.js:130:8000)\n    at async Object.submitQuiz (D:\\Projects\\ProctorX\\Back-End\\src\\services\\result.service.js:44:18)\n    at async submitResult (D:\\Projects\\ProctorX\\Back-End\\src\\controllers\\result.controller.js:6:20)","timestamp":"2026-07-06 15:22:10"}
{"level":"error","message":"Global Error caught: Quiz already attempted by this student","service":"proctorx-backend","stack":"Error: Quiz already attempted by this student\n    at D:\\Projects\\ProctorX\\Back-End\\src\\services\\result.service.js:56:19\n    at async Proxy._transactionWithCallback (D:\\Projects\\ProctorX\\Back-End\\node_modules\\@prisma\\client\\runtime\\library.js:130:8000)\n    at async Object.submitQuiz (D:\\Projects\\ProctorX\\Back-End\\src\\services\\result.service.js:44:18)\n    at async submitResult (D:\\Projects\\ProctorX\\Back-End\\src\\controllers\\result.controller.js:6:20)","statusCode":400,"timestamp":"2026-07-06 15:22:10"}
{"level":"error","message":"Global Error caught: Quiz already attempted by this student","service":"proctorx-backend","stack":"Error: Quiz already attempted by this student\n    at D:\\Projects\\ProctorX\\Back-End\\src\\services\\result.service.js:56:19\n    at async Proxy._transactionWithCallback (D:\\Projects\\ProctorX\\Back-End\\node_modules\\@prisma\\client\\runtime\\library.js:130:8000)\n    at async Object.submitQuiz (D:\\Projects\\ProctorX\\Back-End\\src\\services\\result.service.js:44:18)\n    at async submitResult (D:\\Projects\\ProctorX\\Back-End\\src\\controllers\\result.controller.js:6:20)","statusCode":400,"timestamp":"2026-07-06 15:22:10"}
{"level":"error","message":"Global Error caught: Quiz already attempted by this student","service":"proctorx-backend","stack":"Error: Quiz already attempted by this student\n    at D:\\Projects\\ProctorX\\Back-End\\src\\services\\result.service.js:56:19\n    at async Proxy._transactionWithCallback (D:\\Projects\\ProctorX\\Back-End\\node_modules\\@prisma\\client\\runtime\\library.js:130:8000)\n    at async Object.submitQuiz (D:\\Projects\\ProctorX\\Back-End\\src\\services\\result.service.js:44:18)\n    at async submitResult (D:\\Projects\\ProctorX\\Back-End\\src\\controllers\\result.controller.js:6:20)","statusCode":400,"timestamp":"2026-07-06 15:22:11"}
{"level":"error","message":"Global Error caught: Quiz already attempted by this student","service":"proctorx-backend","stack":"Error: Quiz already attempted by this student\n    at D:\\Projects\\ProctorX\\Back-End\\src\\services\\result.service.js:56:19\n    at async Proxy._transactionWithCallback (D:\\Projects\\ProctorX\\Back-End\\node_modules\\@prisma\\client\\runtime\\library.js:130:8000)\n    at async Object.submitQuiz (D:\\Projects\\ProctorX\\Back-End\\src\\services\\result.service.js:44:18)\n    at async submitResult (D:\\Projects\\ProctorX\\Back-End\\src\\controllers\\result.controller.js:6:20)","statusCode":400,"timestamp":"2026-07-06 15:22:11"}
{"level":"error","message":"Global Error caught: Quiz already attempted by this student","service":"proctorx-backend","stack":"Error: Quiz already attempted by this student\n    at D:\\Projects\\ProctorX\\Back-End\\src\\services\\result.service.js:56:19\n    at async Proxy._transactionWithCallback (D:\\Projects\\ProctorX\\Back-End\\node_modules\\@prisma\\client\\runtime\\library.js:130:8000)\n    at async Object.submitQuiz (D:\\Projects\\ProctorX\\Back-End\\src\\services\\result.service.js:44:18)\n    at async submitResult (D:\\Projects\\ProctorX\\Back-End\\src\\controllers\\result.controller.js:6:20)","statusCode":400,"timestamp":"2026-07-06 15:22:11"}
{"level":"error","message":"Global Error caught: Quiz already attempted by this student","service":"proctorx-backend","stack":"Error: Quiz already attempted by this student\n    at D:\\Projects\\ProctorX\\Back-End\\src\\services\\result.service.js:56:19\n    at async Proxy._transactionWithCallback (D:\\Projects\\ProctorX\\Back-End\\node_modules\\@prisma\\client\\runtime\\library.js:130:8000)\n    at async Object.submitQuiz (D:\\Projects\\ProctorX\\Back-End\\src\\services\\result.service.js:44:18)\n    at async submitResult (D:\\Projects\\ProctorX\\Back-End\\src\\controllers\\result.controller.js:6:20)","statusCode":400,"timestamp":"2026-07-06 15:22:11"}
{"level":"error","message":"Global Error caught: Quiz already attempted by this student","service":"proctorx-backend","stack":"Error: Quiz already attempted by this student\n    at D:\\Projects\\ProctorX\\Back-End\\src\\services\\result.service.js:56:19\n    at async Proxy._transactionWithCallback (D:\\Projects\\ProctorX\\Back-End\\node_modules\\@prisma\\client\\runtime\\library.js:130:8000)\n    at async Object.submitQuiz (D:\\Projects\\ProctorX\\Back-End\\src\\services\\result.service.js:44:18)\n    at async submitResult (D:\\Projects\\ProctorX\\Back-End\\src\\controllers\\result.controller.js:6:20)","statusCode":400,"timestamp":"2026-07-06 15:22:11"}
{"level":"error","message":"Global Error caught: Quiz already attempted by this student","service":"proctorx-backend","stack":"Error: Quiz already attempted by this student\n    at D:\\Projects\\ProctorX\\Back-End\\src\\services\\result.service.js:56:19\n    at async Proxy._transactionWithCallback (D:\\Projects\\ProctorX\\Back-End\\node_modules\\@prisma\\client\\runtime\\library.js:130:8000)\n    at async Object.submitQuiz (D:\\Projects\\ProctorX\\Back-End\\src\\services\\result.service.js:44:18)\n    at async submitResult (D:\\Projects\\ProctorX\\Back-End\\src\\controllers\\result.controller.js:6:20)","statusCode":400,"timestamp":"2026-07-06 15:22:11"}
{"level":"error","message":"Global Error caught: Quiz already attempted by this student","service":"proctorx-backend","stack":"Error: Quiz already attempted by this student\n    at D:\\Projects\\ProctorX\\Back-End\\src\\services\\result.service.js:56:19\n    at async Proxy._transactionWithCallback (D:\\Projects\\ProctorX\\Back-End\\node_modules\\@prisma\\client\\runtime\\library.js:130:8000)\n    at async Object.submitQuiz (D:\\Projects\\ProctorX\\Back-End\\src\\services\\result.service.js:44:18)\n    at async submitResult (D:\\Projects\\ProctorX\\Back-End\\src\\controllers\\result.controller.js:6:20)","statusCode":400,"timestamp":"2026-07-06 15:22:11"}
{"level":"error","message":"Global Error caught: Quiz already attempted by this student","service":"proctorx-backend","stack":"Error: Quiz already attempted by this student\n    at D:\\Projects\\ProctorX\\Back-End\\src\\services\\result.service.js:56:19\n    at async Proxy._transactionWithCallback (D:\\Projects\\ProctorX\\Back-End\\node_modules\\@prisma\\client\\runtime\\library.js:130:8000)\n    at async Object.submitQuiz (D:\\Projects\\ProctorX\\Back-End\\src\\services\\result.service.js:44:18)\n    at async submitResult (D:\\Projects\\ProctorX\\Back-End\\src\\controllers\\result.controller.js:6:20)","statusCode":400,"timestamp":"2026-07-06 15:22:11"}
{"level":"error","message":"Global Error caught: Quiz already attempted by this student","service":"proctorx-backend","stack":"Error: Quiz already attempted by this student\n    at D:\\Projects\\ProctorX\\Back-End\\src\\services\\result.service.js:56:19\n    at async Proxy._transactionWithCallback (D:\\Projects\\ProctorX\\Back-End\\node_modules\\@prisma\\client\\runtime\\library.js:130:8000)\n    at async Object.submitQuiz (D:\\Projects\\ProctorX\\Back-End\\src\\services\\result.service.js:44:18)\n    at async submitResult (D:\\Projects\\ProctorX\\Back-End\\src\\controllers\\result.controller.js:6:20)","statusCode":400,"timestamp":"2026-07-06 15:22:11"}
{"level":"error","message":"Global Error caught: Quiz already attempted by this student","service":"proctorx-backend","stack":"Error: Quiz already attempted by this student\n    at D:\\Projects\\ProctorX\\Back-End\\src\\services\\result.service.js:56:19\n    at async Proxy._transactionWithCallback (D:\\Projects\\ProctorX\\Back-End\\node_modules\\@prisma\\client\\runtime\\library.js:130:8000)\n    at async Object.submitQuiz (D:\\Projects\\ProctorX\\Back-End\\src\\services\\result.service.js:44:18)\n    at async submitResult (D:\\Projects\\ProctorX\\Back-End\\src\\controllers\\result.controller.js:6:20)","statusCode":400,"timestamp":"2026-07-06 15:22:11"}
{"level":"error","message":"Global Error caught: Quiz already attempted by this student","service":"proctorx-backend","stack":"Error: Quiz already attempted by this student\n    at D:\\Projects\\ProctorX\\Back-End\\src\\services\\result.service.js:56:19\n    at async Proxy._transactionWithCallback (D:\\Projects\\ProctorX\\Back-End\\node_modules\\@prisma\\client\\runtime\\library.js:130:8000)\n    at async Object.submitQuiz (D:\\Projects\\ProctorX\\Back-End\\src\\services\\result.service.js:44:18)\n    at async submitResult (D:\\Projects\\ProctorX\\Back-End\\src\\controllers\\result.controller.js:6:20)","statusCode":400,"timestamp":"2026-07-06 15:22:12"}
{"level":"error","message":"Global Error caught: Quiz already attempted by this student","service":"proctorx-backend","stack":"Error: Quiz already attempted by this student\n    at D:\\Projects\\ProctorX\\Back-End\\src\\services\\result.service.js:56:19\n    at async Proxy._transactionWithCallback (D:\\Projects\\ProctorX\\Back-End\\node_modules\\@prisma\\client\\runtime\\library.js:130:8000)\n    at async Object.submitQuiz (D:\\Projects\\ProctorX\\Back-End\\src\\services\\result.service.js:44:18)\n    at async submitResult (D:\\Projects\\ProctorX\\Back-End\\src\\controllers\\result.controller.js:6:20)","statusCode":400,"timestamp":"2026-07-06 15:22:12"}
{"level":"error","message":"Global Error caught: Quiz already attempted by this student","service":"proctorx-backend","stack":"Error: Quiz already attempted by this student\n    at D:\\Projects\\ProctorX\\Back-End\\src\\services\\result.service.js:56:19\n    at async Proxy._transactionWithCallback (D:\\Projects\\ProctorX\\Back-End\\node_modules\\@prisma\\client\\runtime\\library.js:130:8000)\n    at async Object.submitQuiz (D:\\Projects\\ProctorX\\Back-End\\src\\services\\result.service.js:44:18)\n    at async submitResult (D:\\Projects\\ProctorX\\Back-End\\src\\controllers\\result.controller.js:6:20)","statusCode":400,"timestamp":"2026-07-06 15:22:12"}
{"level":"error","message":"Global Error caught: Quiz already attempted by this student","service":"proctorx-backend","stack":"Error: Quiz already attempted by this student\n    at D:\\Projects\\ProctorX\\Back-End\\src\\services\\result.service.js:56:19\n    at async Proxy._transactionWithCallback (D:\\Projects\\ProctorX\\Back-End\\node_modules\\@prisma\\client\\runtime\\library.js:130:8000)\n    at async Object.submitQuiz (D:\\Projects\\ProctorX\\Back-End\\src\\services\\result.service.js:44:18)\n    at async submitResult (D:\\Projects\\ProctorX\\Back-End\\src\\controllers\\result.controller.js:6:20)","statusCode":400,"timestamp":"2026-07-06 15:22:12"}
{"level":"error","message":"Global Error caught: Quiz already attempted by this student","service":"proctorx-backend","stack":"Error: Quiz already attempted by this student\n    at D:\\Projects\\ProctorX\\Back-End\\src\\services\\result.service.js:56:19\n    at async Proxy._transactionWithCallback (D:\\Projects\\ProctorX\\Back-End\\node_modules\\@prisma\\client\\runtime\\library.js:130:8000)\n    at async Object.submitQuiz (D:\\Projects\\ProctorX\\Back-End\\src\\services\\result.service.js:44:18)\n    at async submitResult (D:\\Projects\\ProctorX\\Back-End\\src\\controllers\\result.controller.js:6:20)","statusCode":400,"timestamp":"2026-07-06 15:22:12"}
{"level":"error","message":"Global Error caught: Quiz already attempted by this student","service":"proctorx-backend","stack":"Error: Quiz already attempted by this student\n    at D:\\Projects\\ProctorX\\Back-End\\src\\services\\result.service.js:56:19\n    at async Proxy._transactionWithCallback (D:\\Projects\\ProctorX\\Back-End\\node_modules\\@prisma\\client\\runtime\\library.js:130:8000)\n    at async Object.submitQuiz (D:\\Projects\\ProctorX\\Back-End\\src\\services\\result.service.js:44:18)\n    at async submitResult (D:\\Projects\\ProctorX\\Back-End\\src\\controllers\\result.controller.js:6:20)","statusCode":400,"timestamp":"2026-07-06 15:22:12"}
{"level":"error","message":"Global Error caught: Quiz already attempted by this student","service":"proctorx-backend","stack":"Error: Quiz already attempted by this student\n    at D:\\Projects\\ProctorX\\Back-End\\src\\services\\result.service.js:56:19\n    at async Proxy._transactionWithCallback (D:\\Projects\\ProctorX\\Back-End\\node_modules\\@prisma\\client\\runtime\\library.js:130:8000)\n    at async Object.submitQuiz (D:\\Projects\\ProctorX\\Back-End\\src\\services\\result.service.js:44:18)\n    at async submitResult (D:\\Projects\\ProctorX\\Back-End\\src\\controllers\\result.controller.js:6:20)","statusCode":400,"timestamp":"2026-07-06 15:22:12"}
{"level":"error","message":"Global Error caught: Quiz already attempted by this student","service":"proctorx-backend","stack":"Error: Quiz already attempted by this student\n    at D:\\Projects\\ProctorX\\Back-End\\src\\services\\result.service.js:56:19\n    at async Proxy._transactionWithCallback (D:\\Projects\\ProctorX\\Back-End\\node_modules\\@prisma\\client\\runtime\\library.js:130:8000)\n    at async Object.submitQuiz (D:\\Projects\\ProctorX\\Back-End\\src\\services\\result.service.js:44:18)\n    at async submitResult (D:\\Projects\\ProctorX\\Back-End\\src\\controllers\\result.controller.js:6:20)","statusCode":400,"timestamp":"2026-07-06 15:22:12"}
{"level":"error","message":"Global Error caught: Quiz already attempted by this student","service":"proctorx-backend","stack":"Error: Quiz already attempted by this student\n    at D:\\Projects\\ProctorX\\Back-End\\src\\services\\result.service.js:56:19\n    at async Proxy._transactionWithCallback (D:\\Projects\\ProctorX\\Back-End\\node_modules\\@prisma\\client\\runtime\\library.js:130:8000)\n    at async Object.submitQuiz (D:\\Projects\\ProctorX\\Back-End\\src\\services\\result.service.js:44:18)\n    at async submitResult (D:\\Projects\\ProctorX\\Back-End\\src\\controllers\\result.controller.js:6:20)","statusCode":400,"timestamp":"2026-07-06 15:22:12"}
{"level":"error","message":"Global Error caught: Quiz already attempted by this student","service":"proctorx-backend","stack":"Error: Quiz already attempted by this student\n    at D:\\Projects\\ProctorX\\Back-End\\src\\services\\result.service.js:56:19\n    at async Proxy._transactionWithCallback (D:\\Projects\\ProctorX\\Back-End\\node_modules\\@prisma\\client\\runtime\\library.js:130:8000)\n    at async Object.submitQuiz (D:\\Projects\\ProctorX\\Back-End\\src\\services\\result.service.js:44:18)\n    at async submitResult (D:\\Projects\\ProctorX\\Back-End\\src\\controllers\\result.controller.js:6:20)","statusCode":400,"timestamp":"2026-07-06 15:22:12"}
{"level":"error","message":"Global Error caught: Quiz already attempted by this student","service":"proctorx-backend","stack":"Error: Quiz already attempted by this student\n    at D:\\Projects\\ProctorX\\Back-End\\src\\services\\result.service.js:56:19\n    at async Proxy._transactionWithCallback (D:\\Projects\\ProctorX\\Back-End\\node_modules\\@prisma\\client\\runtime\\library.js:130:8000)\n    at async Object.submitQuiz (D:\\Projects\\ProctorX\\Back-End\\src\\services\\result.service.js:44:18)\n    at async submitResult (D:\\Projects\\ProctorX\\Back-End\\src\\controllers\\result.controller.js:6:20)","statusCode":400,"timestamp":"2026-07-06 15:22:13"}
{"level":"error","message":"Global Error caught: Quiz already attempted by this student","service":"proctorx-backend","stack":"Error: Quiz already attempted by this student\n    at D:\\Projects\\ProctorX\\Back-End\\src\\services\\result.service.js:56:19\n    at async Proxy._transactionWithCallback (D:\\Projects\\ProctorX\\Back-End\\node_modules\\@prisma\\client\\runtime\\library.js:130:8000)\n    at async Object.submitQuiz (D:\\Projects\\ProctorX\\Back-End\\src\\services\\result.service.js:44:18)\n    at async submitResult (D:\\Projects\\ProctorX\\Back-End\\src\\controllers\\result.controller.js:6:20)","statusCode":400,"timestamp":"2026-07-06 15:22:13"}
{"level":"error","message":"Global Error caught: Quiz already attempted by this student","service":"proctorx-backend","stack":"Error: Quiz already attempted by this student\n    at D:\\Projects\\ProctorX\\Back-End\\src\\services\\result.service.js:56:19\n    at async Proxy._transactionWithCallback (D:\\Projects\\ProctorX\\Back-End\\node_modules\\@prisma\\client\\runtime\\library.js:130:8000)\n    at async Object.submitQuiz (D:\\Projects\\ProctorX\\Back-End\\src\\services\\result.service.js:44:18)\n    at async submitResult (D:\\Projects\\ProctorX\\Back-End\\src\\controllers\\result.controller.js:6:20)","statusCode":400,"timestamp":"2026-07-06 15:22:13"}
{"level":"error","message":"Global Error caught: Quiz already attempted by this student","service":"proctorx-backend","stack":"Error: Quiz already attempted by this student\n    at D:\\Projects\\ProctorX\\Back-End\\src\\services\\result.service.js:56:19\n    at async Proxy._transactionWithCallback (D:\\Projects\\ProctorX\\Back-End\\node_modules\\@prisma\\client\\runtime\\library.js:130:8000)\n    at async Object.submitQuiz (D:\\Projects\\ProctorX\\Back-End\\src\\services\\result.service.js:44:18)\n    at async submitResult (D:\\Projects\\ProctorX\\Back-End\\src\\controllers\\result.controller.js:6:20)","statusCode":400,"timestamp":"2026-07-06 15:22:13"}
{"level":"error","message":"Global Error caught: Quiz already attempted by this student","service":"proctorx-backend","stack":"Error: Quiz already attempted by this student\n    at D:\\Projects\\ProctorX\\Back-End\\src\\services\\result.service.js:56:19\n    at async Proxy._transactionWithCallback (D:\\Projects\\ProctorX\\Back-End\\node_modules\\@prisma\\client\\runtime\\library.js:130:8000)\n    at async Object.submitQuiz (D:\\Projects\\ProctorX\\Back-End\\src\\services\\result.service.js:44:18)\n    at async submitResult (D:\\Projects\\ProctorX\\Back-End\\src\\controllers\\result.controller.js:6:20)","statusCode":400,"timestamp":"2026-07-06 15:22:13"}
{"level":"error","message":"Global Error caught: Quiz already attempted by this student","service":"proctorx-backend","stack":"Error: Quiz already attempted by this student\n    at D:\\Projects\\ProctorX\\Back-End\\src\\services\\result.service.js:56:19\n    at async Proxy._transactionWithCallback (D:\\Projects\\ProctorX\\Back-End\\node_modules\\@prisma\\client\\runtime\\library.js:130:8000)\n    at async Object.submitQuiz (D:\\Projects\\ProctorX\\Back-End\\src\\services\\result.service.js:44:18)\n    at async submitResult (D:\\Projects\\ProctorX\\Back-End\\src\\controllers\\result.controller.js:6:20)","statusCode":400,"timestamp":"2026-07-06 15:22:13"}
{"level":"error","message":"Global Error caught: Quiz already attempted by this student","service":"proctorx-backend","stack":"Error: Quiz already attempted by this student\n    at D:\\Projects\\ProctorX\\Back-End\\src\\services\\result.service.js:56:19\n    at async Proxy._transactionWithCallback (D:\\Projects\\ProctorX\\Back-End\\node_modules\\@prisma\\client\\runtime\\library.js:130:8000)\n    at async Object.submitQuiz (D:\\Projects\\ProctorX\\Back-End\\src\\services\\result.service.js:44:18)\n    at async submitResult (D:\\Projects\\ProctorX\\Back-End\\src\\controllers\\result.controller.js:6:20)","statusCode":400,"timestamp":"2026-07-06 15:22:13"}
{"level":"error","message":"Global Error caught: Quiz already attempted by this student","service":"proctorx-backend","stack":"Error: Quiz already attempted by this student\n    at D:\\Projects\\ProctorX\\Back-End\\src\\services\\result.service.js:56:19\n    at async Proxy._transactionWithCallback (D:\\Projects\\ProctorX\\Back-End\\node_modules\\@prisma\\client\\runtime\\library.js:130:8000)\n    at async Object.submitQuiz (D:\\Projects\\ProctorX\\Back-End\\src\\services\\result.service.js:44:18)\n    at async submitResult (D:\\Projects\\ProctorX\\Back-End\\src\\controllers\\result.controller.js:6:20)","statusCode":400,"timestamp":"2026-07-06 15:22:13"}
{"level":"error","message":"Global Error caught: Quiz already attempted by this student","service":"proctorx-backend","stack":"Error: Quiz already attempted by this student\n    at D:\\Projects\\ProctorX\\Back-End\\src\\services\\result.service.js:56:19\n    at async Proxy._transactionWithCallback (D:\\Projects\\ProctorX\\Back-End\\node_modules\\@prisma\\client\\runtime\\library.js:130:8000)\n    at async Object.submitQuiz (D:\\Projects\\ProctorX\\Back-End\\src\\services\\result.service.js:44:18)\n    at async submitResult (D:\\Projects\\ProctorX\\Back-End\\src\\controllers\\result.controller.js:6:20)","statusCode":400,"timestamp":"2026-07-06 15:22:13"}
{"level":"error","message":"Global Error caught: Quiz already attempted by this student","service":"proctorx-backend","stack":"Error: Quiz already attempted by this student\n    at D:\\Projects\\ProctorX\\Back-End\\src\\services\\result.service.js:56:19\n    at async Proxy._transactionWithCallback (D:\\Projects\\ProctorX\\Back-End\\node_modules\\@prisma\\client\\runtime\\library.js:130:8000)\n    at async Object.submitQuiz (D:\\Projects\\ProctorX\\Back-End\\src\\services\\result.service.js:44:18)\n    at async submitResult (D:\\Projects\\ProctorX\\Back-End\\src\\controllers\\result.controller.js:6:20)","statusCode":400,"timestamp":"2026-07-06 15:22:13"}
{"level":"error","message":"Global Error caught: Quiz already attempted by this student","service":"proctorx-backend","stack":"Error: Quiz already attempted by this student\n    at D:\\Projects\\ProctorX\\Back-End\\src\\services\\result.service.js:56:19\n    at async Proxy._transactionWithCallback (D:\\Projects\\ProctorX\\Back-End\\node_modules\\@prisma\\client\\runtime\\library.js:130:8000)\n    at async Object.submitQuiz (D:\\Projects\\ProctorX\\Back-End\\src\\services\\result.service.js:44:18)\n    at async submitResult (D:\\Projects\\ProctorX\\Back-End\\src\\controllers\\result.controller.js:6:20)","statusCode":400,"timestamp":"2026-07-06 15:22:14"}
{"level":"error","message":"Global Error caught: Quiz already attempted by this student","service":"proctorx-backend","stack":"Error: Quiz already attempted by this student\n    at D:\\Projects\\ProctorX\\Back-End\\src\\services\\result.service.js:56:19\n    at async Proxy._transactionWithCallback (D:\\Projects\\ProctorX\\Back-End\\node_modules\\@prisma\\client\\runtime\\library.js:130:8000)\n    at async Object.submitQuiz (D:\\Projects\\ProctorX\\Back-End\\src\\services\\result.service.js:44:18)\n    at async submitResult (D:\\Projects\\ProctorX\\Back-End\\src\\controllers\\result.controller.js:6:20)","statusCode":400,"timestamp":"2026-07-06 15:22:14"}
{"level":"error","message":"Global Error caught: Quiz already attempted by this student","service":"proctorx-backend","stack":"Error: Quiz already attempted by this student\n    at D:\\Projects\\ProctorX\\Back-End\\src\\services\\result.service.js:56:19\n    at async Proxy._transactionWithCallback (D:\\Projects\\ProctorX\\Back-End\\node_modules\\@prisma\\client\\runtime\\library.js:130:8000)\n    at async Object.submitQuiz (D:\\Projects\\ProctorX\\Back-End\\src\\services\\result.service.js:44:18)\n    at async submitResult (D:\\Projects\\ProctorX\\Back-End\\src\\controllers\\result.controller.js:6:20)","statusCode":400,"timestamp":"2026-07-06 15:22:14"}
{"level":"error","message":"Global Error caught: Quiz already attempted by this student","service":"proctorx-backend","stack":"Error: Quiz already attempted by this student\n    at D:\\Projects\\ProctorX\\Back-End\\src\\services\\result.service.js:56:19\n    at async Proxy._transactionWithCallback (D:\\Projects\\ProctorX\\Back-End\\node_modules\\@prisma\\client\\runtime\\library.js:130:8000)\n    at async Object.submitQuiz (D:\\Projects\\ProctorX\\Back-End\\src\\services\\result.service.js:44:18)\n    at async submitResult (D:\\Projects\\ProctorX\\Back-End\\src\\controllers\\result.controller.js:6:20)","statusCode":400,"timestamp":"2026-07-06 15:22:14"}
{"level":"error","message":"Global Error caught: Quiz already attempted by this student","service":"proctorx-backend","stack":"Error: Quiz already attempted by this student\n    at D:\\Projects\\ProctorX\\Back-End\\src\\services\\result.service.js:56:19\n    at async Proxy._transactionWithCallback (D:\\Projects\\ProctorX\\Back-End\\node_modules\\@prisma\\client\\runtime\\library.js:130:8000)\n    at async Object.submitQuiz (D:\\Projects\\ProctorX\\Back-End\\src\\services\\result.service.js:44:18)\n    at async submitResult (D:\\Projects\\ProctorX\\Back-End\\src\\controllers\\result.controller.js:6:20)","statusCode":400,"timestamp":"2026-07-06 15:22:14"}
{"level":"error","message":"Global Error caught: Quiz already attempted by this student","service":"proctorx-backend","stack":"Error: Quiz already attempted by this student\n    at D:\\Projects\\ProctorX\\Back-End\\src\\services\\result.service.js:56:19\n    at async Proxy._transactionWithCallback (D:\\Projects\\ProctorX\\Back-End\\node_modules\\@prisma\\client\\runtime\\library.js:130:8000)\n    at async Object.submitQuiz (D:\\Projects\\ProctorX\\Back-End\\src\\services\\result.service.js:44:18)\n    at async submitResult (D:\\Projects\\ProctorX\\Back-End\\src\\controllers\\result.controller.js:6:20)","statusCode":400,"timestamp":"2026-07-06 15:22:14"}
{"level":"error","message":"Global Error caught: Quiz already attempted by this student","service":"proctorx-backend","stack":"Error: Quiz already attempted by this student\n    at D:\\Projects\\ProctorX\\Back-End\\src\\services\\result.service.js:56:19\n    at async Proxy._transactionWithCallback (D:\\Projects\\ProctorX\\Back-End\\node_modules\\@prisma\\client\\runtime\\library.js:130:8000)\n    at async Object.submitQuiz (D:\\Projects\\ProctorX\\Back-End\\src\\services\\result.service.js:44:18)\n    at async submitResult (D:\\Projects\\ProctorX\\Back-End\\src\\controllers\\result.controller.js:6:20)","statusCode":400,"timestamp":"2026-07-06 15:22:14"}
{"level":"error","message":"Global Error caught: Quiz already attempted by this student","service":"proctorx-backend","stack":"Error: Quiz already attempted by this student\n    at D:\\Projects\\ProctorX\\Back-End\\src\\services\\result.service.js:56:19\n    at async Proxy._transactionWithCallback (D:\\Projects\\ProctorX\\Back-End\\node_modules\\@prisma\\client\\runtime\\library.js:130:8000)\n    at async Object.submitQuiz (D:\\Projects\\ProctorX\\Back-End\\src\\services\\result.service.js:44:18)\n    at async submitResult (D:\\Projects\\ProctorX\\Back-End\\src\\controllers\\result.controller.js:6:20)","statusCode":400,"timestamp":"2026-07-06 15:22:14"}
{"level":"error","message":"Global Error caught: Quiz already attempted by this student","service":"proctorx-backend","stack":"Error: Quiz already attempted by this student\n    at D:\\Projects\\ProctorX\\Back-End\\src\\services\\result.service.js:56:19\n    at async Proxy._transactionWithCallback (D:\\Projects\\ProctorX\\Back-End\\node_modules\\@prisma\\client\\runtime\\library.js:130:8000)\n    at async Object.submitQuiz (D:\\Projects\\ProctorX\\Back-End\\src\\services\\result.service.js:44:18)\n    at async submitResult (D:\\Projects\\ProctorX\\Back-End\\src\\controllers\\result.controller.js:6:20)","statusCode":400,"timestamp":"2026-07-06 15:22:14"}
{"level":"error","message":"Global Error caught: Quiz already attempted by this student","service":"proctorx-backend","stack":"Error: Quiz already attempted by this student\n    at D:\\Projects\\ProctorX\\Back-End\\src\\services\\result.service.js:56:19\n    at async Proxy._transactionWithCallback (D:\\Projects\\ProctorX\\Back-End\\node_modules\\@prisma\\client\\runtime\\library.js:130:8000)\n    at async Object.submitQuiz (D:\\Projects\\ProctorX\\Back-End\\src\\services\\result.service.js:44:18)\n    at async submitResult (D:\\Projects\\ProctorX\\Back-End\\src\\controllers\\result.controller.js:6:20)","statusCode":400,"timestamp":"2026-07-06 15:22:15"}
{"level":"error","message":"Global Error caught: Quiz already attempted by this student","service":"proctorx-backend","stack":"Error: Quiz already attempted by this student\n    at D:\\Projects\\ProctorX\\Back-End\\src\\services\\result.service.js:56:19\n    at async Proxy._transactionWithCallback (D:\\Projects\\ProctorX\\Back-End\\node_modules\\@prisma\\client\\runtime\\library.js:130:8000)\n    at async Object.submitQuiz (D:\\Projects\\ProctorX\\Back-End\\src\\services\\result.service.js:44:18)\n    at async submitResult (D:\\Projects\\ProctorX\\Back-End\\src\\controllers\\result.controller.js:6:20)","statusCode":400,"timestamp":"2026-07-06 15:22:15"}
{"level":"error","message":"Global Error caught: Quiz already attempted by this student","service":"proctorx-backend","stack":"Error: Quiz already attempted by this student\n    at D:\\Projects\\ProctorX\\Back-End\\src\\services\\result.service.js:56:19\n    at async Proxy._transactionWithCallback (D:\\Projects\\ProctorX\\Back-End\\node_modules\\@prisma\\client\\runtime\\library.js:130:8000)\n    at async Object.submitQuiz (D:\\Projects\\ProctorX\\Back-End\\src\\services\\result.service.js:44:18)\n    at async submitResult (D:\\Projects\\ProctorX\\Back-End\\src\\controllers\\result.controller.js:6:20)","statusCode":400,"timestamp":"2026-07-06 15:22:15"}
{"level":"error","message":"Global Error caught: Quiz already attempted by this student","service":"proctorx-backend","stack":"Error: Quiz already attempted by this student\n    at D:\\Projects\\ProctorX\\Back-End\\src\\services\\result.service.js:56:19\n    at async Proxy._transactionWithCallback (D:\\Projects\\ProctorX\\Back-End\\node_modules\\@prisma\\client\\runtime\\library.js:130:8000)\n    at async Object.submitQuiz (D:\\Projects\\ProctorX\\Back-End\\src\\services\\result.service.js:44:18)\n    at async submitResult (D:\\Projects\\ProctorX\\Back-End\\src\\controllers\\result.controller.js:6:20)","statusCode":400,"timestamp":"2026-07-06 15:22:15"}
{"level":"error","message":"Global Error caught: Quiz already attempted by this student","service":"proctorx-backend","stack":"Error: Quiz already attempted by this student\n    at D:\\Projects\\ProctorX\\Back-End\\src\\services\\result.service.js:56:19\n    at async Proxy._transactionWithCallback (D:\\Projects\\ProctorX\\Back-End\\node_modules\\@prisma\\client\\runtime\\library.js:130:8000)\n    at async Object.submitQuiz (D:\\Projects\\ProctorX\\Back-End\\src\\services\\result.service.js:44:18)\n    at async submitResult (D:\\Projects\\ProctorX\\Back-End\\src\\controllers\\result.controller.js:6:20)","statusCode":400,"timestamp":"2026-07-06 15:22:15"}
{"level":"info","message":"Email sent successfully: <13a98614-4633-c727-7bf4-3c4223a84ce0@gmail.com> to sanjaipandi66@gmail.com","service":"proctorx-backend","timestamp":"2026-07-06 15:23:17"}
{"level":"info","message":"Socket client connected: fpAmSgXGXPVuVBgBAAAI (user: sanjai)","service":"proctorx-backend","timestamp":"2026-07-06 15:23:31"}
{"level":"error","message":"Global Error caught: OTP has expired or is invalid. Please request a new one.","service":"proctorx-backend","stack":"Error: OTP has expired or is invalid. Please request a new one.\n    at Object.verifyOTP (D:\\Projects\\ProctorX\\Back-End\\src\\services\\quiz.service.js:236:19)\n    at async verifyOTP (D:\\Projects\\ProctorX\\Back-End\\src\\controllers\\quiz.controller.js:92:20)","statusCode":400,"timestamp":"2026-07-06 15:24:10"}
{"level":"info","message":"Socket client connected: qTN_Y1aPeW8hAZ5zAAAK (user: sanjai)","service":"proctorx-backend","timestamp":"2026-07-06 15:24:11"}
{"level":"error","message":"Global Error caught: OTP has expired or is invalid. Please request a new one.","service":"proctorx-backend","stack":"Error: OTP has expired or is invalid. Please request a new one.\n    at Object.verifyOTP (D:\\Projects\\ProctorX\\Back-End\\src\\services\\quiz.service.js:236:19)\n    at async verifyOTP (D:\\Projects\\ProctorX\\Back-End\\src\\controllers\\quiz.controller.js:92:20)","statusCode":400,"timestamp":"2026-07-06 15:25:55"}
{"level":"info","message":"Socket student:join -> student: sanjai (9fdec797-faa2-4c07-b63c-c019cd233ddf), quiz: QZ-K2WGD7","service":"proctorx-backend","timestamp":"2026-07-06 15:26:15"}
{"level":"info","message":"Socket student:join -> student: sanjai (9fdec797-faa2-4c07-b63c-c019cd233ddf), quiz: QZ-K2WGD7","service":"proctorx-backend","timestamp":"2026-07-06 15:26:17"}
{"level":"info","message":"Socket student:join -> student: sanjai (9fdec797-faa2-4c07-b63c-c019cd233ddf), quiz: QZ-K2WGD7","service":"proctorx-backend","timestamp":"2026-07-06 15:26:18"}
{"level":"info","message":"Socket student:join -> student: sanjai (9fdec797-faa2-4c07-b63c-c019cd233ddf), quiz: QZ-K2WGD7","service":"proctorx-backend","timestamp":"2026-07-06 15:26:19"}
{"level":"info","message":"Socket student:warning -> student: 9fdec797-faa2-4c07-b63c-c019cd233ddf, quiz: QZ-K2WGD7, type: TAB_SWITCH","service":"proctorx-backend","timestamp":"2026-07-06 15:26:19"}
{"level":"info","message":"Heartbeat timeout -> Student session removed: 9fdec797-faa2-4c07-b63c-c019cd233ddf:QZ-K2WGD7","service":"proctorx-backend","timestamp":"2026-07-06 15:27:12"}
{"level":"info","message":"ProctorX Backend Server listening on port 8000 in development environment.","service":"proctorx-backend","timestamp":"2026-07-06 15:29:00"}
{"level":"info","message":"Socket client connected: Kw01PxEES_46sGXKAAAB (user: sanjai)","service":"proctorx-backend","timestamp":"2026-07-06 15:29:00"}
{"level":"info","message":"Email sent successfully: <b55a72fd-53bf-d31c-d3f0-48571da15d37@gmail.com> to student_1783331946323@test.com","service":"proctorx-backend","timestamp":"2026-07-06 15:29:09"}
{"level":"info","message":"Email sent successfully: <970b159a-9ae8-ee4e-9a46-5060c4bc0a0d@gmail.com> to pending_1783331949664@test.com","service":"proctorx-backend","timestamp":"2026-07-06 15:29:20"}
{"level":"info","message":"Email sent successfully: <0d0eabd7-7ebf-bcb5-65f0-561cfc3c3903@gmail.com> to temp_teacher_1783331987918@test.com","service":"proctorx-backend","timestamp":"2026-07-06 15:29:52"}
{"level":"info","message":"Socket student:join -> student: sanjai (9fdec797-faa2-4c07-b63c-c019cd233ddf), quiz: QZ-K2WGD7","service":"proctorx-backend","timestamp":"2026-07-06 15:30:37"}
{"level":"info","message":"Socket student:join -> student: sanjai (9fdec797-faa2-4c07-b63c-c019cd233ddf), quiz: QZ-K2WGD7","service":"proctorx-backend","timestamp":"2026-07-06 15:30:38"}
{"level":"info","message":"Socket student:join -> student: sanjai (9fdec797-faa2-4c07-b63c-c019cd233ddf), quiz: QZ-K2WGD7","service":"proctorx-backend","timestamp":"2026-07-06 15:30:39"}
{"level":"info","message":"Socket student:warning -> student: 9fdec797-faa2-4c07-b63c-c019cd233ddf, quiz: QZ-K2WGD7, type: TAB_SWITCH","service":"proctorx-backend","timestamp":"2026-07-06 15:30:40"}
{"level":"info","message":"Heartbeat timeout -> Student session removed: 9fdec797-faa2-4c07-b63c-c019cd233ddf:QZ-K2WGD7","service":"proctorx-backend","timestamp":"2026-07-06 15:31:30"}
{"level":"info","message":"Socket client connected: 7Y1adDhRz6lEfaFEAAAE (user: sanjai)","service":"proctorx-backend","timestamp":"2026-07-06 15:34:24"}
{"level":"info","message":"Socket student:join -> student: sanjai (9fdec797-faa2-4c07-b63c-c019cd233ddf), quiz: QZ-K2WGD7","service":"proctorx-backend","timestamp":"2026-07-06 15:34:54"}
{"level":"info","message":"Socket student:join -> student: sanjai (9fdec797-faa2-4c07-b63c-c019cd233ddf), quiz: QZ-K2WGD7","service":"proctorx-backend","timestamp":"2026-07-06 15:34:55"}
{"level":"info","message":"Socket student:join -> student: sanjai (9fdec797-faa2-4c07-b63c-c019cd233ddf), quiz: QZ-K2WGD7","service":"proctorx-backend","timestamp":"2026-07-06 15:34:56"}
{"level":"info","message":"Socket student:warning -> student: 9fdec797-faa2-4c07-b63c-c019cd233ddf, quiz: QZ-K2WGD7, type: TAB_SWITCH","service":"proctorx-backend","timestamp":"2026-07-06 15:34:56"}
{"level":"info","message":"Socket student:join -> student: sanjai (9fdec797-faa2-4c07-b63c-c019cd233ddf), quiz: QZ-K2WGD7","service":"proctorx-backend","timestamp":"2026-07-06 15:35:37"}
{"level":"info","message":"Socket student:join -> student: sanjai (9fdec797-faa2-4c07-b63c-c019cd233ddf), quiz: QZ-K2WGD7","service":"proctorx-backend","timestamp":"2026-07-06 15:35:38"}
{"level":"info","message":"Socket student:join -> student: sanjai (9fdec797-faa2-4c07-b63c-c019cd233ddf), quiz: QZ-K2WGD7","service":"proctorx-backend","timestamp":"2026-07-06 15:35:39"}
{"level":"info","message":"Socket student:warning -> student: 9fdec797-faa2-4c07-b63c-c019cd233ddf, quiz: QZ-K2WGD7, type: TAB_SWITCH","service":"proctorx-backend","timestamp":"2026-07-06 15:35:40"}
{"level":"info","message":"Socket disconnect -> Student: sanjai (9fdec797-faa2-4c07-b63c-c019cd233ddf), quiz: QZ-K2WGD7","service":"proctorx-backend","timestamp":"2026-07-06 15:35:42"}
{"level":"info","message":"Socket client connected: N8zn9Lm-YNvVzq7cAAAH (user: sanjai)","service":"proctorx-backend","timestamp":"2026-07-06 15:35:43"}
{"level":"info","message":"Socket client connected: EcYJ3zNpmTyd4ZsLAAAK (user: sanjai)","service":"proctorx-backend","timestamp":"2026-07-06 15:35:54"}
{"level":"error","message":"Global Error caught: You are not in classroom please reachout your facalty for te acesss.","service":"proctorx-backend","stack":"Error: You are not in classroom please reachout your facalty for te acesss.\n    at Object.verifyOTP (D:\\Projects\\ProctorX\\Back-End\\src\\services\\quiz.service.js:265:19)\n    at async verifyOTP (D:\\Projects\\ProctorX\\Back-End\\src\\controllers\\quiz.controller.js:92:20)","statusCode":403,"timestamp":"2026-07-06 15:36:38"}
{"level":"info","message":"ProctorX Backend Server listening on port 8000 in development environment.","service":"proctorx-backend","timestamp":"2026-07-06 15:37:58"}
{"level":"info","message":"ProctorX Backend Server listening on port 8000 in development environment.","service":"proctorx-backend","timestamp":"2026-07-06 15:38:03"}
{"level":"info","message":"ProctorX Backend Server listening on port 8000 in development environment.","service":"proctorx-backend","timestamp":"2026-07-06 15:38:16"}
{"clientVersion":"5.22.0","level":"error","message":"Failed to seed default administrator credentials: \nInvalid `prisma.admin.count()` invocation in\nD:\\Projects\\ProctorX\\Back-End\\server.js:28:43\n\n  25 // Seed default administrator if not present\n  26 async function seedAdmin() {\n  27   try {\n→ 28     const adminCount = await prisma.admin.count(\nCan't reach database server at `ep-rapid-resonance-ao44cup4-pooler.c-2.ap-southeast-1.aws.neon.tech:5432`\n\nPlease make sure your database server is running at `ep-rapid-resonance-ao44cup4-pooler.c-2.ap-southeast-1.aws.neon.tech:5432`.","name":"PrismaClientInitializationError","service":"proctorx-backend","stack":"PrismaClientInitializationError: \nInvalid `prisma.admin.count()` invocation in\nD:\\Projects\\ProctorX\\Back-End\\server.js:28:43\n\n  25 // Seed default administrator if not present\n  26 async function seedAdmin() {\n  27   try {\n→ 28     const adminCount = await prisma.admin.count(\nCan't reach database server at `ep-rapid-resonance-ao44cup4-pooler.c-2.ap-southeast-1.aws.neon.tech:5432`\n\nPlease make sure your database server is running at `ep-rapid-resonance-ao44cup4-pooler.c-2.ap-southeast-1.aws.neon.tech:5432`.\n    at $n.handleRequestError (D:\\Projects\\ProctorX\\Back-End\\node_modules\\@prisma\\client\\runtime\\library.js:121:7615)\n    at $n.handleAndLogRequestError (D:\\Projects\\ProctorX\\Back-End\\node_modules\\@prisma\\client\\runtime\\library.js:121:6623)\n    at $n.request (D:\\Projects\\ProctorX\\Back-End\\node_modules\\@prisma\\client\\runtime\\library.js:121:6307)\n    at async l (D:\\Projects\\ProctorX\\Back-End\\node_modules\\@prisma\\client\\runtime\\library.js:130:9633)\n    at async seedAdmin (D:\\Projects\\ProctorX\\Back-End\\server.js:28:24)\n    at async Server.<anonymous> (D:\\Projects\\ProctorX\\Back-End\\server.js:47:3)","timestamp":"2026-07-06 15:38:22"}
{"level":"info","message":"Socket client connected: tF2etAonCGvOEp9TAAAC (user: sanjai)","service":"proctorx-backend","timestamp":"2026-07-06 15:44:13"}
{"level":"error","message":"Global Error caught: Invalid OTP code","service":"proctorx-backend","stack":"Error: Invalid OTP code\n    at Object.verifyOTP (D:\\Projects\\ProctorX\\Back-End\\src\\services\\quiz.service.js:244:17)\n    at process.processTicksAndRejections (node:internal/process/task_queues:95:5)\n    at async verifyOTP (D:\\Projects\\ProctorX\\Back-End\\src\\controllers\\quiz.controller.js:92:20)","statusCode":400,"timestamp":"2026-07-06 15:44:47"}
{"level":"info","message":"Socket student:join -> student: sanjai (9fdec797-faa2-4c07-b63c-c019cd233ddf), quiz: QZ-K2WGD7","service":"proctorx-backend","timestamp":"2026-07-06 15:45:00"}
{"level":"info","message":"Socket student:warning -> student: 9fdec797-faa2-4c07-b63c-c019cd233ddf, quiz: QZ-K2WGD7, type: TAB_SWITCH","service":"proctorx-backend","timestamp":"2026-07-06 15:45:01"}
{"level":"info","message":"Socket student:warning -> student: 9fdec797-faa2-4c07-b63c-c019cd233ddf, quiz: QZ-K2WGD7, type: TAB_SWITCH","service":"proctorx-backend","timestamp":"2026-07-06 15:45:01"}
{"level":"info","message":"Socket student:join -> student: sanjai (9fdec797-faa2-4c07-b63c-c019cd233ddf), quiz: QZ-K2WGD7","service":"proctorx-backend","timestamp":"2026-07-06 15:45:01"}
{"level":"info","message":"Socket student:join -> student: sanjai (9fdec797-faa2-4c07-b63c-c019cd233ddf), quiz: QZ-K2WGD7","service":"proctorx-backend","timestamp":"2026-07-06 15:45:02"}
{"level":"info","message":"Socket student:join -> student: sanjai (9fdec797-faa2-4c07-b63c-c019cd233ddf), quiz: QZ-K2WGD7","service":"proctorx-backend","timestamp":"2026-07-06 15:45:03"}
{"level":"info","message":"Socket student:submitted -> student: 9fdec797-faa2-4c07-b63c-c019cd233ddf, quiz: QZ-K2WGD7","service":"proctorx-backend","timestamp":"2026-07-06 15:45:04"}
{"level":"info","message":"ProctorX Backend Server listening on port 8000 in development environment.","service":"proctorx-backend","timestamp":"2026-07-06 16:34:31"}
{"level":"info","message":"ProctorX Backend Server listening on port 8000 in development environment.","service":"proctorx-backend","timestamp":"2026-07-06 16:34:40"}
{"level":"info","message":"ProctorX Backend Server listening on port 8000 in development environment.","service":"proctorx-backend","timestamp":"2026-07-06 16:34:45"}
{"level":"info","message":"ProctorX Backend Server listening on port 8000 in development environment.","service":"proctorx-backend","timestamp":"2026-07-06 16:34:56"}
{"level":"info","message":"ProctorX Backend Server listening on port 8000 in development environment.","service":"proctorx-backend","timestamp":"2026-07-06 16:35:09"}
{"level":"info","message":"ProctorX Backend Server listening on port 8000 in development environment.","service":"proctorx-backend","timestamp":"2026-07-06 16:35:15"}
{"level":"info","message":"ProctorX Backend Server listening on port 8000 in development environment.","service":"proctorx-backend","timestamp":"2026-07-06 16:35:58"}
{"level":"info","message":"ProctorX Backend Server listening on port 8000 in development environment.","service":"proctorx-backend","timestamp":"2026-07-06 16:36:51"}
{"level":"info","message":"Email sent successfully: <cd9beba4-0836-20ef-4572-79eb0e786521@gmail.com> to student_1783336015433@test.com","service":"proctorx-backend","timestamp":"2026-07-06 16:36:57"}
{"level":"info","message":"Email sent successfully: <326a5387-ae80-e96c-5173-29e9f797cf4f@gmail.com> to pending_1783336017529@test.com","service":"proctorx-backend","timestamp":"2026-07-06 16:37:00"}
{"level":"info","message":"Email sent successfully: <12f6d979-baa1-3ab2-8965-4fc6bf154720@gmail.com> to temp_teacher_1783336046970@test.com","service":"proctorx-backend","timestamp":"2026-07-06 16:37:30"}
{"level":"info","message":"ProctorX Backend Server listening on port 8000 in development environment.","service":"proctorx-backend","timestamp":"2026-07-06 17:55:47"}
{"level":"info","message":"Email sent successfully: <9dececa7-43fe-3998-b451-961929c2a3d2@gmail.com> to student_1783341074527@test.com","service":"proctorx-backend","timestamp":"2026-07-06 18:01:17"}
{"level":"info","message":"Email sent successfully: <42beef79-9ec0-c0b1-27fb-738ace116f06@gmail.com> to pending_1783341077723@test.com","service":"proctorx-backend","timestamp":"2026-07-06 18:01:20"}
{"level":"info","message":"Email sent successfully: <30f65fb3-1a04-cfe4-72a9-769ad76bf1ff@gmail.com> to temp_teacher_1783341103572@test.com","service":"proctorx-backend","timestamp":"2026-07-06 18:01:47"}
{"level":"info","message":"OTP and Quiz scheduler initialized.","service":"proctorx-backend","timestamp":"2026-07-06 18:04:29"}
{"level":"info","message":"ProctorX Backend Server listening on port 8000 in development environment.","service":"proctorx-backend","timestamp":"2026-07-06 18:04:29"}
{"level":"info","message":"OTP and Quiz scheduler initialized.","service":"proctorx-backend","timestamp":"2026-07-07 10:51:41"}
{"level":"info","message":"ProctorX Backend Server listening on port 8000 in development environment.","service":"proctorx-backend","timestamp":"2026-07-07 10:51:41"}
{"level":"error","message":"Authentication middleware error: invalid signature","name":"JsonWebTokenError","service":"proctorx-backend","stack":"JsonWebTokenError: invalid signature\n    at D:\\Projects\\ProctorX\\Back-End\\node_modules\\jsonwebtoken\\verify.js:171:19\n    at getSecret (D:\\Projects\\ProctorX\\Back-End\\node_modules\\jsonwebtoken\\verify.js:97:14)\n    at module.exports [as verify] (D:\\Projects\\ProctorX\\Back-End\\node_modules\\jsonwebtoken\\verify.js:101:10)\n    at verifyToken (D:\\Projects\\ProctorX\\Back-End\\src\\middleware\\auth.middleware.js:14:25)\n    at Layer.handleRequest (D:\\Projects\\ProctorX\\Back-End\\node_modules\\router\\lib\\layer.js:152:17)\n    at trimPrefix (D:\\Projects\\ProctorX\\Back-End\\node_modules\\router\\index.js:342:13)\n    at D:\\Projects\\ProctorX\\Back-End\\node_modules\\router\\index.js:297:9\n    at processParams (D:\\Projects\\ProctorX\\Back-End\\node_modules\\router\\index.js:582:12)\n    at next (D:\\Projects\\ProctorX\\Back-End\\node_modules\\router\\index.js:291:5)\n    at Function.handle (D:\\Projects\\ProctorX\\Back-End\\node_modules\\router\\index.js:186:3)\n    at router (D:\\Projects\\ProctorX\\Back-End\\node_modules\\router\\index.js:60:12)\n    at Layer.handleRequest (D:\\Projects\\ProctorX\\Back-End\\node_modules\\router\\lib\\layer.js:152:17)\n    at trimPrefix (D:\\Projects\\ProctorX\\Back-End\\node_modules\\router\\index.js:342:13)\n    at D:\\Projects\\ProctorX\\Back-End\\node_modules\\router\\index.js:297:9\n    at processParams (D:\\Projects\\ProctorX\\Back-End\\node_modules\\router\\index.js:582:12)\n    at next (D:\\Projects\\ProctorX\\Back-End\\node_modules\\router\\index.js:291:5)","timestamp":"2026-07-07 11:03:06"}
{"level":"error","message":"Socket authentication validation failed:","service":"proctorx-backend","timestamp":"2026-07-07 11:03:06"}
{"level":"error","message":"Authentication middleware error: invalid signature","name":"JsonWebTokenError","service":"proctorx-backend","stack":"JsonWebTokenError: invalid signature\n    at D:\\Projects\\ProctorX\\Back-End\\node_modules\\jsonwebtoken\\verify.js:171:19\n    at getSecret (D:\\Projects\\ProctorX\\Back-End\\node_modules\\jsonwebtoken\\verify.js:97:14)\n    at module.exports [as verify] (D:\\Projects\\ProctorX\\Back-End\\node_modules\\jsonwebtoken\\verify.js:101:10)\n    at verifyToken (D:\\Projects\\ProctorX\\Back-End\\src\\middleware\\auth.middleware.js:14:25)\n    at Layer.handleRequest (D:\\Projects\\ProctorX\\Back-End\\node_modules\\router\\lib\\layer.js:152:17)\n    at trimPrefix (D:\\Projects\\ProctorX\\Back-End\\node_modules\\router\\index.js:342:13)\n    at D:\\Projects\\ProctorX\\Back-End\\node_modules\\router\\index.js:297:9\n    at processParams (D:\\Projects\\ProctorX\\Back-End\\node_modules\\router\\index.js:582:12)\n    at next (D:\\Projects\\ProctorX\\Back-End\\node_modules\\router\\index.js:291:5)\n    at Function.handle (D:\\Projects\\ProctorX\\Back-End\\node_modules\\router\\index.js:186:3)\n    at router (D:\\Projects\\ProctorX\\Back-End\\node_modules\\router\\index.js:60:12)\n    at Layer.handleRequest (D:\\Projects\\ProctorX\\Back-End\\node_modules\\router\\lib\\layer.js:152:17)\n    at trimPrefix (D:\\Projects\\ProctorX\\Back-End\\node_modules\\router\\index.js:342:13)\n    at D:\\Projects\\ProctorX\\Back-End\\node_modules\\router\\index.js:297:9\n    at processParams (D:\\Projects\\ProctorX\\Back-End\\node_modules\\router\\index.js:582:12)\n    at next (D:\\Projects\\ProctorX\\Back-End\\node_modules\\router\\index.js:291:5)","timestamp":"2026-07-07 11:03:06"}
{"level":"error","message":"Student login error: Invalid email or password","service":"proctorx-backend","stack":"Error: Invalid email or password\n    at Object.loginStudent (D:\\Projects\\ProctorX\\Back-End\\src\\services\\auth.service.js:51:17)\n    at async loginStudent (D:\\Projects\\ProctorX\\Back-End\\src\\controllers\\auth.controller.js:26:20)","statusCode":401,"timestamp":"2026-07-07 11:03:44"}
{"level":"error","message":"Global Error caught: Invalid email or password","service":"proctorx-backend","stack":"Error: Invalid email or password\n    at Object.loginStudent (D:\\Projects\\ProctorX\\Back-End\\src\\services\\auth.service.js:51:17)\n    at async loginStudent (D:\\Projects\\ProctorX\\Back-End\\src\\controllers\\auth.controller.js:26:20)","statusCode":401,"timestamp":"2026-07-07 11:03:44"}
{"level":"error","message":"Student login error: Invalid email or password","service":"proctorx-backend","stack":"Error: Invalid email or password\n    at Object.loginStudent (D:\\Projects\\ProctorX\\Back-End\\src\\services\\auth.service.js:51:17)\n    at async loginStudent (D:\\Projects\\ProctorX\\Back-End\\src\\controllers\\auth.controller.js:26:20)","statusCode":401,"timestamp":"2026-07-07 11:03:53"}
{"level":"error","message":"Global Error caught: Invalid email or password","service":"proctorx-backend","stack":"Error: Invalid email or password\n    at Object.loginStudent (D:\\Projects\\ProctorX\\Back-End\\src\\services\\auth.service.js:51:17)\n    at async loginStudent (D:\\Projects\\ProctorX\\Back-End\\src\\controllers\\auth.controller.js:26:20)","statusCode":401,"timestamp":"2026-07-07 11:03:53"}
{"level":"error","message":"Teacher login error: Invalid email or password","service":"proctorx-backend","stack":"Error: Invalid email or password\n    at Object.loginTeacher (D:\\Projects\\ProctorX\\Back-End\\src\\services\\auth.service.js:135:17)\n    at async loginTeacher (D:\\Projects\\ProctorX\\Back-End\\src\\controllers\\auth.controller.js:57:20)","statusCode":401,"timestamp":"2026-07-07 11:04:16"}
{"level":"error","message":"Global Error caught: Invalid email or password","service":"proctorx-backend","stack":"Error: Invalid email or password\n    at Object.loginTeacher (D:\\Projects\\ProctorX\\Back-End\\src\\services\\auth.service.js:135:17)\n    at async loginTeacher (D:\\Projects\\ProctorX\\Back-End\\src\\controllers\\auth.controller.js:57:20)","statusCode":401,"timestamp":"2026-07-07 11:04:16"}
{"level":"error","message":"Teacher login error: Invalid email or password","service":"proctorx-backend","stack":"Error: Invalid email or password\n    at Object.loginTeacher (D:\\Projects\\ProctorX\\Back-End\\src\\services\\auth.service.js:135:17)\n    at async loginTeacher (D:\\Projects\\ProctorX\\Back-End\\src\\controllers\\auth.controller.js:57:20)","statusCode":401,"timestamp":"2026-07-07 11:34:26"}
{"level":"error","message":"Global Error caught: Invalid email or password","service":"proctorx-backend","stack":"Error: Invalid email or password\n    at Object.loginTeacher (D:\\Projects\\ProctorX\\Back-End\\src\\services\\auth.service.js:135:17)\n    at async loginTeacher (D:\\Projects\\ProctorX\\Back-End\\src\\controllers\\auth.controller.js:57:20)","statusCode":401,"timestamp":"2026-07-07 11:34:26"}
{"level":"info","message":"OTP and Quiz scheduler initialized.","service":"proctorx-backend","timestamp":"2026-07-07 11:34:49"}
{"level":"info","message":"ProctorX Backend Server listening on port 8000 in development environment.","service":"proctorx-backend","timestamp":"2026-07-07 11:34:49"}
{"level":"error","message":"Teacher login error: Invalid email or password","service":"proctorx-backend","stack":"Error: Invalid email or password\n    at Object.loginTeacher (D:\\Projects\\ProctorX\\Back-End\\src\\services\\auth.service.js:135:17)\n    at async loginTeacher (D:\\Projects\\ProctorX\\Back-End\\src\\controllers\\auth.controller.js:57:20)","statusCode":401,"timestamp":"2026-07-07 11:34:58"}
{"level":"error","message":"Global Error caught: Invalid email or password","service":"proctorx-backend","stack":"Error: Invalid email or password\n    at Object.loginTeacher (D:\\Projects\\ProctorX\\Back-End\\src\\services\\auth.service.js:135:17)\n    at async loginTeacher (D:\\Projects\\ProctorX\\Back-End\\src\\controllers\\auth.controller.js:57:20)","statusCode":401,"timestamp":"2026-07-07 11:34:58"}
{"level":"info","message":"OTP Lifecycle: Quiz \"Computer Science and Programming Basics\" (QZ466580) OTP auto-regenerated -> 336817","service":"proctorx-backend","timestamp":"2026-07-07 12:00:01"}
{"level":"info","message":"OTP Lifecycle: Quiz \"Computer Science and Programming Basics\" (QZ466580) OTP auto-regenerated -> 548865","service":"proctorx-backend","timestamp":"2026-07-07 12:05:02"}
{"level":"info","message":"OTP Lifecycle: Quiz \"Computer Science and Programming Basics\" (QZ466580) OTP auto-regenerated -> 153074","service":"proctorx-backend","timestamp":"2026-07-07 12:10:12"}
{"level":"info","message":"OTP Lifecycle: Quiz \"Computer Science and Programming Basics\" (QZ466580) joining window closed.","service":"proctorx-backend","timestamp":"2026-07-07 12:12:31"}
{"level":"info","message":"OTP and Quiz scheduler initialized.","service":"proctorx-backend","timestamp":"2026-07-07 12:40:35"}
{"level":"info","message":"ProctorX Backend Server listening on port 8000 in development environment.","service":"proctorx-backend","timestamp":"2026-07-07 12:40:35"}
{"clientVersion":"5.22.0","code":"P1001","level":"error","message":"Error inside background scheduler tick: \nInvalid `prisma.quiz.findMany()` invocation in\nD:\\Projects\\ProctorX\\Back-End\\src\\config\\scheduler.js:55:47\n\n  52 }\n  53 \n  54 // 2. Manage ACTIVE quizzes OTP lifecycle (sliding 40% window)\n→ 55 const activeQuizzes = await prisma.quiz.findMany(\nCan't reach database server at `ep-rapid-resonance-ao44cup4-pooler.c-2.ap-southeast-1.aws.neon.tech:5432`\n\nPlease make sure your database server is running at `ep-rapid-resonance-ao44cup4-pooler.c-2.ap-southeast-1.aws.neon.tech:5432`.","meta":{"database_host":"ep-rapid-resonance-ao44cup4-pooler.c-2.ap-southeast-1.aws.neon.tech","database_port":5432,"modelName":"Quiz"},"name":"PrismaClientKnownRequestError","service":"proctorx-backend","stack":"PrismaClientKnownRequestError: \nInvalid `prisma.quiz.findMany()` invocation in\nD:\\Projects\\ProctorX\\Back-End\\src\\config\\scheduler.js:55:47\n\n  52 }\n  53 \n  54 // 2. Manage ACTIVE quizzes OTP lifecycle (sliding 40% window)\n→ 55 const activeQuizzes = await prisma.quiz.findMany(\nCan't reach database server at `ep-rapid-resonance-ao44cup4-pooler.c-2.ap-southeast-1.aws.neon.tech:5432`\n\nPlease make sure your database server is running at `ep-rapid-resonance-ao44cup4-pooler.c-2.ap-southeast-1.aws.neon.tech:5432`.\n    at $n.handleRequestError (D:\\Projects\\ProctorX\\Back-End\\node_modules\\@prisma\\client\\runtime\\library.js:121:7315)\n    at $n.handleAndLogRequestError (D:\\Projects\\ProctorX\\Back-End\\node_modules\\@prisma\\client\\runtime\\library.js:121:6623)\n    at $n.request (D:\\Projects\\ProctorX\\Back-End\\node_modules\\@prisma\\client\\runtime\\library.js:121:6307)\n    at async l (D:\\Projects\\ProctorX\\Back-End\\node_modules\\@prisma\\client\\runtime\\library.js:130:9633)\n    at async Timeout._onTimeout (D:\\Projects\\ProctorX\\Back-End\\src\\config\\scheduler.js:55:29)","timestamp":"2026-07-07 13:16:44"}
{"level":"info","message":"Socket client connected: lNHidZlTU7lzMnbIAAAB (user: Sanjai Pandian)","service":"proctorx-backend","timestamp":"2026-07-07 13:50:35"}
{"level":"info","message":"Socket teacher:monitor -> quiz: QZ-JWFOXP","service":"proctorx-backend","timestamp":"2026-07-07 13:50:35"}
{"clientVersion":"5.22.0","code":"P2024","level":"error","message":"Error inside background scheduler tick: \nInvalid `prisma.quiz.findMany()` invocation in\nD:\\Projects\\ProctorX\\Back-End\\src\\config\\scheduler.js:14:48\n\n  11 const now = new Date();\n  12 \n  13 // 1. Auto-start scheduled PENDING quizzes\n→ 14 const pendingQuizzes = await prisma.quiz.findMany(\nTimed out fetching a new connection from the connection pool. More info: http://pris.ly/d/connection-pool (Current connection pool timeout: 10, connection limit: 21)","meta":{"connection_limit":21,"modelName":"Quiz","timeout":10},"name":"PrismaClientKnownRequestError","service":"proctorx-backend","stack":"PrismaClientKnownRequestError: \nInvalid `prisma.quiz.findMany()` invocation in\nD:\\Projects\\ProctorX\\Back-End\\src\\config\\scheduler.js:14:48\n\n  11 const now = new Date();\n  12 \n  13 // 1. Auto-start scheduled PENDING quizzes\n→ 14 const pendingQuizzes = await prisma.quiz.findMany(\nTimed out fetching a new connection from the connection pool. More info: http://pris.ly/d/connection-pool (Current connection pool timeout: 10, connection limit: 21)\n    at $n.handleRequestError (D:\\Projects\\ProctorX\\Back-End\\node_modules\\@prisma\\client\\runtime\\library.js:121:7315)\n    at $n.handleAndLogRequestError (D:\\Projects\\ProctorX\\Back-End\\node_modules\\@prisma\\client\\runtime\\library.js:121:6623)\n    at $n.request (D:\\Projects\\ProctorX\\Back-End\\node_modules\\@prisma\\client\\runtime\\library.js:121:6307)\n    at async l (D:\\Projects\\ProctorX\\Back-End\\node_modules\\@prisma\\client\\runtime\\library.js:130:9633)\n    at async Timeout._onTimeout (D:\\Projects\\ProctorX\\Back-End\\src\\config\\scheduler.js:14:30)","timestamp":"2026-07-07 13:52:08"}
{"clientVersion":"5.22.0","code":"P1001","level":"error","message":"Error inside background scheduler tick: \nInvalid `prisma.quiz.findMany()` invocation in\nD:\\Projects\\ProctorX\\Back-End\\src\\config\\scheduler.js:14:48\n\n  11 const now = new Date();\n  12 \n  13 // 1. Auto-start scheduled PENDING quizzes\n→ 14 const pendingQuizzes = await prisma.quiz.findMany(\nCan't reach database server at `ep-rapid-resonance-ao44cup4-pooler.c-2.ap-southeast-1.aws.neon.tech:5432`\n\nPlease make sure your database server is running at `ep-rapid-resonance-ao44cup4-pooler.c-2.ap-southeast-1.aws.neon.tech:5432`.","meta":{"database_host":"ep-rapid-resonance-ao44cup4-pooler.c-2.ap-southeast-1.aws.neon.tech","database_port":5432,"modelName":"Quiz"},"name":"PrismaClientKnownRequestError","service":"proctorx-backend","stack":"PrismaClientKnownRequestError: \nInvalid `prisma.quiz.findMany()` invocation in\nD:\\Projects\\ProctorX\\Back-End\\src\\config\\scheduler.js:14:48\n\n  11 const now = new Date();\n  12 \n  13 // 1. Auto-start scheduled PENDING quizzes\n→ 14 const pendingQuizzes = await prisma.quiz.findMany(\nCan't reach database server at `ep-rapid-resonance-ao44cup4-pooler.c-2.ap-southeast-1.aws.neon.tech:5432`\n\nPlease make sure your database server is running at `ep-rapid-resonance-ao44cup4-pooler.c-2.ap-southeast-1.aws.neon.tech:5432`.\n    at $n.handleRequestError (D:\\Projects\\ProctorX\\Back-End\\node_modules\\@prisma\\client\\runtime\\library.js:121:7315)\n    at $n.handleAndLogRequestError (D:\\Projects\\ProctorX\\Back-End\\node_modules\\@prisma\\client\\runtime\\library.js:121:6623)\n    at $n.request (D:\\Projects\\ProctorX\\Back-End\\node_modules\\@prisma\\client\\runtime\\library.js:121:6307)\n    at async l (D:\\Projects\\ProctorX\\Back-End\\node_modules\\@prisma\\client\\runtime\\library.js:130:9633)\n    at async Timeout._onTimeout (D:\\Projects\\ProctorX\\Back-End\\src\\config\\scheduler.js:14:30)","timestamp":"2026-07-07 13:52:13"}
{"clientVersion":"5.22.0","code":"P1001","level":"error","message":"Error inside background scheduler tick: \nInvalid `prisma.quiz.findMany()` invocation in\nD:\\Projects\\ProctorX\\Back-End\\src\\config\\scheduler.js:14:48\n\n  11 const now = new Date();\n  12 \n  13 // 1. Auto-start scheduled PENDING quizzes\n→ 14 const pendingQuizzes = await prisma.quiz.findMany(\nCan't reach database server at `ep-rapid-resonance-ao44cup4-pooler.c-2.ap-southeast-1.aws.neon.tech:5432`\n\nPlease make sure your database server is running at `ep-rapid-resonance-ao44cup4-pooler.c-2.ap-southeast-1.aws.neon.tech:5432`.","meta":{"database_host":"ep-rapid-resonance-ao44cup4-pooler.c-2.ap-southeast-1.aws.neon.tech","database_port":5432,"modelName":"Quiz"},"name":"PrismaClientKnownRequestError","service":"proctorx-backend","stack":"PrismaClientKnownRequestError: \nInvalid `prisma.quiz.findMany()` invocation in\nD:\\Projects\\ProctorX\\Back-End\\src\\config\\scheduler.js:14:48\n\n  11 const now = new Date();\n  12 \n  13 // 1. Auto-start scheduled PENDING quizzes\n→ 14 const pendingQuizzes = await prisma.quiz.findMany(\nCan't reach database server at `ep-rapid-resonance-ao44cup4-pooler.c-2.ap-southeast-1.aws.neon.tech:5432`\n\nPlease make sure your database server is running at `ep-rapid-resonance-ao44cup4-pooler.c-2.ap-southeast-1.aws.neon.tech:5432`.\n    at $n.handleRequestError (D:\\Projects\\ProctorX\\Back-End\\node_modules\\@prisma\\client\\runtime\\library.js:121:7315)\n    at $n.handleAndLogRequestError (D:\\Projects\\ProctorX\\Back-End\\node_modules\\@prisma\\client\\runtime\\library.js:121:6623)\n    at $n.request (D:\\Projects\\ProctorX\\Back-End\\node_modules\\@prisma\\client\\runtime\\library.js:121:6307)\n    at async l (D:\\Projects\\ProctorX\\Back-End\\node_modules\\@prisma\\client\\runtime\\library.js:130:9633)\n    at async Timeout._onTimeout (D:\\Projects\\ProctorX\\Back-End\\src\\config\\scheduler.js:14:30)","timestamp":"2026-07-07 13:52:23"}
{"clientVersion":"5.22.0","code":"P1001","level":"error","message":"Error inside background scheduler tick: \nInvalid `prisma.quiz.findMany()` invocation in\nD:\\Projects\\ProctorX\\Back-End\\src\\config\\scheduler.js:14:48\n\n  11 const now = new Date();\n  12 \n  13 // 1. Auto-start scheduled PENDING quizzes\n→ 14 const pendingQuizzes = await prisma.quiz.findMany(\nCan't reach database server at `ep-rapid-resonance-ao44cup4-pooler.c-2.ap-southeast-1.aws.neon.tech:5432`\n\nPlease make sure your database server is running at `ep-rapid-resonance-ao44cup4-pooler.c-2.ap-southeast-1.aws.neon.tech:5432`.","meta":{"database_host":"ep-rapid-resonance-ao44cup4-pooler.c-2.ap-southeast-1.aws.neon.tech","database_port":5432,"modelName":"Quiz"},"name":"PrismaClientKnownRequestError","service":"proctorx-backend","stack":"PrismaClientKnownRequestError: \nInvalid `prisma.quiz.findMany()` invocation in\nD:\\Projects\\ProctorX\\Back-End\\src\\config\\scheduler.js:14:48\n\n  11 const now = new Date();\n  12 \n  13 // 1. Auto-start scheduled PENDING quizzes\n→ 14 const pendingQuizzes = await prisma.quiz.findMany(\nCan't reach database server at `ep-rapid-resonance-ao44cup4-pooler.c-2.ap-southeast-1.aws.neon.tech:5432`\n\nPlease make sure your database server is running at `ep-rapid-resonance-ao44cup4-pooler.c-2.ap-southeast-1.aws.neon.tech:5432`.\n    at $n.handleRequestError (D:\\Projects\\ProctorX\\Back-End\\node_modules\\@prisma\\client\\runtime\\library.js:121:7315)\n    at $n.handleAndLogRequestError (D:\\Projects\\ProctorX\\Back-End\\node_modules\\@prisma\\client\\runtime\\library.js:121:6623)\n    at $n.request (D:\\Projects\\ProctorX\\Back-End\\node_modules\\@prisma\\client\\runtime\\library.js:121:6307)\n    at async l (D:\\Projects\\ProctorX\\Back-End\\node_modules\\@prisma\\client\\runtime\\library.js:130:9633)\n    at async Timeout._onTimeout (D:\\Projects\\ProctorX\\Back-End\\src\\config\\scheduler.js:14:30)","timestamp":"2026-07-07 13:52:33"}
{"clientVersion":"5.22.0","code":"P1001","level":"error","message":"Error inside background scheduler tick: \nInvalid `prisma.quiz.findMany()` invocation in\nD:\\Projects\\ProctorX\\Back-End\\src\\config\\scheduler.js:14:48\n\n  11 const now = new Date();\n  12 \n  13 // 1. Auto-start scheduled PENDING quizzes\n→ 14 const pendingQuizzes = await prisma.quiz.findMany(\nCan't reach database server at `ep-rapid-resonance-ao44cup4-pooler.c-2.ap-southeast-1.aws.neon.tech:5432`\n\nPlease make sure your database server is running at `ep-rapid-resonance-ao44cup4-pooler.c-2.ap-southeast-1.aws.neon.tech:5432`.","meta":{"database_host":"ep-rapid-resonance-ao44cup4-pooler.c-2.ap-southeast-1.aws.neon.tech","database_port":5432,"modelName":"Quiz"},"name":"PrismaClientKnownRequestError","service":"proctorx-backend","stack":"PrismaClientKnownRequestError: \nInvalid `prisma.quiz.findMany()` invocation in\nD:\\Projects\\ProctorX\\Back-End\\src\\config\\scheduler.js:14:48\n\n  11 const now = new Date();\n  12 \n  13 // 1. Auto-start scheduled PENDING quizzes\n→ 14 const pendingQuizzes = await prisma.quiz.findMany(\nCan't reach database server at `ep-rapid-resonance-ao44cup4-pooler.c-2.ap-southeast-1.aws.neon.tech:5432`\n\nPlease make sure your database server is running at `ep-rapid-resonance-ao44cup4-pooler.c-2.ap-southeast-1.aws.neon.tech:5432`.\n    at $n.handleRequestError (D:\\Projects\\ProctorX\\Back-End\\node_modules\\@prisma\\client\\runtime\\library.js:121:7315)\n    at $n.handleAndLogRequestError (D:\\Projects\\ProctorX\\Back-End\\node_modules\\@prisma\\client\\runtime\\library.js:121:6623)\n    at $n.request (D:\\Projects\\ProctorX\\Back-End\\node_modules\\@prisma\\client\\runtime\\library.js:121:6307)\n    at async l (D:\\Projects\\ProctorX\\Back-End\\node_modules\\@prisma\\client\\runtime\\library.js:130:9633)\n    at async Timeout._onTimeout (D:\\Projects\\ProctorX\\Back-End\\src\\config\\scheduler.js:14:30)","timestamp":"2026-07-07 13:52:43"}
{"clientVersion":"5.22.0","code":"P1001","level":"error","message":"Error inside background scheduler tick: \nInvalid `prisma.quiz.findMany()` invocation in\nD:\\Projects\\ProctorX\\Back-End\\src\\config\\scheduler.js:14:48\n\n  11 const now = new Date();\n  12 \n  13 // 1. Auto-start scheduled PENDING quizzes\n→ 14 const pendingQuizzes = await prisma.quiz.findMany(\nCan't reach database server at `ep-rapid-resonance-ao44cup4-pooler.c-2.ap-southeast-1.aws.neon.tech:5432`\n\nPlease make sure your database server is running at `ep-rapid-resonance-ao44cup4-pooler.c-2.ap-southeast-1.aws.neon.tech:5432`.","meta":{"database_host":"ep-rapid-resonance-ao44cup4-pooler.c-2.ap-southeast-1.aws.neon.tech","database_port":5432,"modelName":"Quiz"},"name":"PrismaClientKnownRequestError","service":"proctorx-backend","stack":"PrismaClientKnownRequestError: \nInvalid `prisma.quiz.findMany()` invocation in\nD:\\Projects\\ProctorX\\Back-End\\src\\config\\scheduler.js:14:48\n\n  11 const now = new Date();\n  12 \n  13 // 1. Auto-start scheduled PENDING quizzes\n→ 14 const pendingQuizzes = await prisma.quiz.findMany(\nCan't reach database server at `ep-rapid-resonance-ao44cup4-pooler.c-2.ap-southeast-1.aws.neon.tech:5432`\n\nPlease make sure your database server is running at `ep-rapid-resonance-ao44cup4-pooler.c-2.ap-southeast-1.aws.neon.tech:5432`.\n    at $n.handleRequestError (D:\\Projects\\ProctorX\\Back-End\\node_modules\\@prisma\\client\\runtime\\library.js:121:7315)\n    at $n.handleAndLogRequestError (D:\\Projects\\ProctorX\\Back-End\\node_modules\\@prisma\\client\\runtime\\library.js:121:6623)\n    at $n.request (D:\\Projects\\ProctorX\\Back-End\\node_modules\\@prisma\\client\\runtime\\library.js:121:6307)\n    at async l (D:\\Projects\\ProctorX\\Back-End\\node_modules\\@prisma\\client\\runtime\\library.js:130:9633)\n    at async Timeout._onTimeout (D:\\Projects\\ProctorX\\Back-End\\src\\config\\scheduler.js:14:30)","timestamp":"2026-07-07 13:52:53"}
{"clientVersion":"5.22.0","code":"P1001","level":"error","message":"Error inside background scheduler tick: \nInvalid `prisma.quiz.findMany()` invocation in\nD:\\Projects\\ProctorX\\Back-End\\src\\config\\scheduler.js:14:48\n\n  11 const now = new Date();\n  12 \n  13 // 1. Auto-start scheduled PENDING quizzes\n→ 14 const pendingQuizzes = await prisma.quiz.findMany(\nCan't reach database server at `ep-rapid-resonance-ao44cup4-pooler.c-2.ap-southeast-1.aws.neon.tech:5432`\n\nPlease make sure your database server is running at `ep-rapid-resonance-ao44cup4-pooler.c-2.ap-southeast-1.aws.neon.tech:5432`.","meta":{"database_host":"ep-rapid-resonance-ao44cup4-pooler.c-2.ap-southeast-1.aws.neon.tech","database_port":5432,"modelName":"Quiz"},"name":"PrismaClientKnownRequestError","service":"proctorx-backend","stack":"PrismaClientKnownRequestError: \nInvalid `prisma.quiz.findMany()` invocation in\nD:\\Projects\\ProctorX\\Back-End\\src\\config\\scheduler.js:14:48\n\n  11 const now = new Date();\n  12 \n  13 // 1. Auto-start scheduled PENDING quizzes\n→ 14 const pendingQuizzes = await prisma.quiz.findMany(\nCan't reach database server at `ep-rapid-resonance-ao44cup4-pooler.c-2.ap-southeast-1.aws.neon.tech:5432`\n\nPlease make sure your database server is running at `ep-rapid-resonance-ao44cup4-pooler.c-2.ap-southeast-1.aws.neon.tech:5432`.\n    at $n.handleRequestError (D:\\Projects\\ProctorX\\Back-End\\node_modules\\@prisma\\client\\runtime\\library.js:121:7315)\n    at $n.handleAndLogRequestError (D:\\Projects\\ProctorX\\Back-End\\node_modules\\@prisma\\client\\runtime\\library.js:121:6623)\n    at $n.request (D:\\Projects\\ProctorX\\Back-End\\node_modules\\@prisma\\client\\runtime\\library.js:121:6307)\n    at async l (D:\\Projects\\ProctorX\\Back-End\\node_modules\\@prisma\\client\\runtime\\library.js:130:9633)\n    at async Timeout._onTimeout (D:\\Projects\\ProctorX\\Back-End\\src\\config\\scheduler.js:14:30)","timestamp":"2026-07-07 13:53:03"}
{"clientVersion":"5.22.0","code":"P1001","level":"error","message":"Error inside background scheduler tick: \nInvalid `prisma.quiz.findMany()` invocation in\nD:\\Projects\\ProctorX\\Back-End\\src\\config\\scheduler.js:14:48\n\n  11 const now = new Date();\n  12 \n  13 // 1. Auto-start scheduled PENDING quizzes\n→ 14 const pendingQuizzes = await prisma.quiz.findMany(\nCan't reach database server at `ep-rapid-resonance-ao44cup4-pooler.c-2.ap-southeast-1.aws.neon.tech:5432`\n\nPlease make sure your database server is running at `ep-rapid-resonance-ao44cup4-pooler.c-2.ap-southeast-1.aws.neon.tech:5432`.","meta":{"database_host":"ep-rapid-resonance-ao44cup4-pooler.c-2.ap-southeast-1.aws.neon.tech","database_port":5432,"modelName":"Quiz"},"name":"PrismaClientKnownRequestError","service":"proctorx-backend","stack":"PrismaClientKnownRequestError: \nInvalid `prisma.quiz.findMany()` invocation in\nD:\\Projects\\ProctorX\\Back-End\\src\\config\\scheduler.js:14:48\n\n  11 const now = new Date();\n  12 \n  13 // 1. Auto-start scheduled PENDING quizzes\n→ 14 const pendingQuizzes = await prisma.quiz.findMany(\nCan't reach database server at `ep-rapid-resonance-ao44cup4-pooler.c-2.ap-southeast-1.aws.neon.tech:5432`\n\nPlease make sure your database server is running at `ep-rapid-resonance-ao44cup4-pooler.c-2.ap-southeast-1.aws.neon.tech:5432`.\n    at $n.handleRequestError (D:\\Projects\\ProctorX\\Back-End\\node_modules\\@prisma\\client\\runtime\\library.js:121:7315)\n    at $n.handleAndLogRequestError (D:\\Projects\\ProctorX\\Back-End\\node_modules\\@prisma\\client\\runtime\\library.js:121:6623)\n    at $n.request (D:\\Projects\\ProctorX\\Back-End\\node_modules\\@prisma\\client\\runtime\\library.js:121:6307)\n    at async l (D:\\Projects\\ProctorX\\Back-End\\node_modules\\@prisma\\client\\runtime\\library.js:130:9633)\n    at async Timeout._onTimeout (D:\\Projects\\ProctorX\\Back-End\\src\\config\\scheduler.js:14:30)","timestamp":"2026-07-07 13:53:13"}
{"clientVersion":"5.22.0","code":"P1001","level":"error","message":"Error inside background scheduler tick: \nInvalid `prisma.quiz.findMany()` invocation in\nD:\\Projects\\ProctorX\\Back-End\\src\\config\\scheduler.js:14:48\n\n  11 const now = new Date();\n  12 \n  13 // 1. Auto-start scheduled PENDING quizzes\n→ 14 const pendingQuizzes = await prisma.quiz.findMany(\nCan't reach database server at `ep-rapid-resonance-ao44cup4-pooler.c-2.ap-southeast-1.aws.neon.tech:5432`\n\nPlease make sure your database server is running at `ep-rapid-resonance-ao44cup4-pooler.c-2.ap-southeast-1.aws.neon.tech:5432`.","meta":{"database_host":"ep-rapid-resonance-ao44cup4-pooler.c-2.ap-southeast-1.aws.neon.tech","database_port":5432,"modelName":"Quiz"},"name":"PrismaClientKnownRequestError","service":"proctorx-backend","stack":"PrismaClientKnownRequestError: \nInvalid `prisma.quiz.findMany()` invocation in\nD:\\Projects\\ProctorX\\Back-End\\src\\config\\scheduler.js:14:48\n\n  11 const now = new Date();\n  12 \n  13 // 1. Auto-start scheduled PENDING quizzes\n→ 14 const pendingQuizzes = await prisma.quiz.findMany(\nCan't reach database server at `ep-rapid-resonance-ao44cup4-pooler.c-2.ap-southeast-1.aws.neon.tech:5432`\n\nPlease make sure your database server is running at `ep-rapid-resonance-ao44cup4-pooler.c-2.ap-southeast-1.aws.neon.tech:5432`.\n    at $n.handleRequestError (D:\\Projects\\ProctorX\\Back-End\\node_modules\\@prisma\\client\\runtime\\library.js:121:7315)\n    at $n.handleAndLogRequestError (D:\\Projects\\ProctorX\\Back-End\\node_modules\\@prisma\\client\\runtime\\library.js:121:6623)\n    at $n.request (D:\\Projects\\ProctorX\\Back-End\\node_modules\\@prisma\\client\\runtime\\library.js:121:6307)\n    at async l (D:\\Projects\\ProctorX\\Back-End\\node_modules\\@prisma\\client\\runtime\\library.js:130:9633)\n    at async Timeout._onTimeout (D:\\Projects\\ProctorX\\Back-End\\src\\config\\scheduler.js:14:30)","timestamp":"2026-07-07 13:53:23"}
{"clientVersion":"5.22.0","code":"P1001","level":"error","message":"Error inside background scheduler tick: \nInvalid `prisma.quiz.findMany()` invocation in\nD:\\Projects\\ProctorX\\Back-End\\src\\config\\scheduler.js:14:48\n\n  11 const now = new Date();\n  12 \n  13 // 1. Auto-start scheduled PENDING quizzes\n→ 14 const pendingQuizzes = await prisma.quiz.findMany(\nCan't reach database server at `ep-rapid-resonance-ao44cup4-pooler.c-2.ap-southeast-1.aws.neon.tech:5432`\n\nPlease make sure your database server is running at `ep-rapid-resonance-ao44cup4-pooler.c-2.ap-southeast-1.aws.neon.tech:5432`.","meta":{"database_host":"ep-rapid-resonance-ao44cup4-pooler.c-2.ap-southeast-1.aws.neon.tech","database_port":5432,"modelName":"Quiz"},"name":"PrismaClientKnownRequestError","service":"proctorx-backend","stack":"PrismaClientKnownRequestError: \nInvalid `prisma.quiz.findMany()` invocation in\nD:\\Projects\\ProctorX\\Back-End\\src\\config\\scheduler.js:14:48\n\n  11 const now = new Date();\n  12 \n  13 // 1. Auto-start scheduled PENDING quizzes\n→ 14 const pendingQuizzes = await prisma.quiz.findMany(\nCan't reach database server at `ep-rapid-resonance-ao44cup4-pooler.c-2.ap-southeast-1.aws.neon.tech:5432`\n\nPlease make sure your database server is running at `ep-rapid-resonance-ao44cup4-pooler.c-2.ap-southeast-1.aws.neon.tech:5432`.\n    at $n.handleRequestError (D:\\Projects\\ProctorX\\Back-End\\node_modules\\@prisma\\client\\runtime\\library.js:121:7315)\n    at $n.handleAndLogRequestError (D:\\Projects\\ProctorX\\Back-End\\node_modules\\@prisma\\client\\runtime\\library.js:121:6623)\n    at $n.request (D:\\Projects\\ProctorX\\Back-End\\node_modules\\@prisma\\client\\runtime\\library.js:121:6307)\n    at async l (D:\\Projects\\ProctorX\\Back-End\\node_modules\\@prisma\\client\\runtime\\library.js:130:9633)\n    at async Timeout._onTimeout (D:\\Projects\\ProctorX\\Back-End\\src\\config\\scheduler.js:14:30)","timestamp":"2026-07-07 13:53:33"}
{"clientVersion":"5.22.0","code":"P1001","level":"error","message":"Error inside background scheduler tick: \nInvalid `prisma.quiz.findMany()` invocation in\nD:\\Projects\\ProctorX\\Back-End\\src\\config\\scheduler.js:14:48\n\n  11 const now = new Date();\n  12 \n  13 // 1. Auto-start scheduled PENDING quizzes\n→ 14 const pendingQuizzes = await prisma.quiz.findMany(\nCan't reach database server at `ep-rapid-resonance-ao44cup4-pooler.c-2.ap-southeast-1.aws.neon.tech:5432`\n\nPlease make sure your database server is running at `ep-rapid-resonance-ao44cup4-pooler.c-2.ap-southeast-1.aws.neon.tech:5432`.","meta":{"database_host":"ep-rapid-resonance-ao44cup4-pooler.c-2.ap-southeast-1.aws.neon.tech","database_port":5432,"modelName":"Quiz"},"name":"PrismaClientKnownRequestError","service":"proctorx-backend","stack":"PrismaClientKnownRequestError: \nInvalid `prisma.quiz.findMany()` invocation in\nD:\\Projects\\ProctorX\\Back-End\\src\\config\\scheduler.js:14:48\n\n  11 const now = new Date();\n  12 \n  13 // 1. Auto-start scheduled PENDING quizzes\n→ 14 const pendingQuizzes = await prisma.quiz.findMany(\nCan't reach database server at `ep-rapid-resonance-ao44cup4-pooler.c-2.ap-southeast-1.aws.neon.tech:5432`\n\nPlease make sure your database server is running at `ep-rapid-resonance-ao44cup4-pooler.c-2.ap-southeast-1.aws.neon.tech:5432`.\n    at $n.handleRequestError (D:\\Projects\\ProctorX\\Back-End\\node_modules\\@prisma\\client\\runtime\\library.js:121:7315)\n    at $n.handleAndLogRequestError (D:\\Projects\\ProctorX\\Back-End\\node_modules\\@prisma\\client\\runtime\\library.js:121:6623)\n    at $n.request (D:\\Projects\\ProctorX\\Back-End\\node_modules\\@prisma\\client\\runtime\\library.js:121:6307)\n    at async l (D:\\Projects\\ProctorX\\Back-End\\node_modules\\@prisma\\client\\runtime\\library.js:130:9633)\n    at async Timeout._onTimeout (D:\\Projects\\ProctorX\\Back-End\\src\\config\\scheduler.js:14:30)","timestamp":"2026-07-07 13:53:43"}
{"clientVersion":"5.22.0","code":"P1001","level":"error","message":"Error inside background scheduler tick: \nInvalid `prisma.quiz.findMany()` invocation in\nD:\\Projects\\ProctorX\\Back-End\\src\\config\\scheduler.js:14:48\n\n  11 const now = new Date();\n  12 \n  13 // 1. Auto-start scheduled PENDING quizzes\n→ 14 const pendingQuizzes = await prisma.quiz.findMany(\nCan't reach database server at `ep-rapid-resonance-ao44cup4-pooler.c-2.ap-southeast-1.aws.neon.tech:5432`\n\nPlease make sure your database server is running at `ep-rapid-resonance-ao44cup4-pooler.c-2.ap-southeast-1.aws.neon.tech:5432`.","meta":{"database_host":"ep-rapid-resonance-ao44cup4-pooler.c-2.ap-southeast-1.aws.neon.tech","database_port":5432,"modelName":"Quiz"},"name":"PrismaClientKnownRequestError","service":"proctorx-backend","stack":"PrismaClientKnownRequestError: \nInvalid `prisma.quiz.findMany()` invocation in\nD:\\Projects\\ProctorX\\Back-End\\src\\config\\scheduler.js:14:48\n\n  11 const now = new Date();\n  12 \n  13 // 1. Auto-start scheduled PENDING quizzes\n→ 14 const pendingQuizzes = await prisma.quiz.findMany(\nCan't reach database server at `ep-rapid-resonance-ao44cup4-pooler.c-2.ap-southeast-1.aws.neon.tech:5432`\n\nPlease make sure your database server is running at `ep-rapid-resonance-ao44cup4-pooler.c-2.ap-southeast-1.aws.neon.tech:5432`.\n    at $n.handleRequestError (D:\\Projects\\ProctorX\\Back-End\\node_modules\\@prisma\\client\\runtime\\library.js:121:7315)\n    at $n.handleAndLogRequestError (D:\\Projects\\ProctorX\\Back-End\\node_modules\\@prisma\\client\\runtime\\library.js:121:6623)\n    at $n.request (D:\\Projects\\ProctorX\\Back-End\\node_modules\\@prisma\\client\\runtime\\library.js:121:6307)\n    at async l (D:\\Projects\\ProctorX\\Back-End\\node_modules\\@prisma\\client\\runtime\\library.js:130:9633)\n    at async Timeout._onTimeout (D:\\Projects\\ProctorX\\Back-End\\src\\config\\scheduler.js:14:30)","timestamp":"2026-07-07 13:53:53"}
{"clientVersion":"5.22.0","code":"P1001","level":"error","message":"Error inside background scheduler tick: \nInvalid `prisma.quiz.findMany()` invocation in\nD:\\Projects\\ProctorX\\Back-End\\src\\config\\scheduler.js:14:48\n\n  11 const now = new Date();\n  12 \n  13 // 1. Auto-start scheduled PENDING quizzes\n→ 14 const pendingQuizzes = await prisma.quiz.findMany(\nCan't reach database server at `ep-rapid-resonance-ao44cup4-pooler.c-2.ap-southeast-1.aws.neon.tech:5432`\n\nPlease make sure your database server is running at `ep-rapid-resonance-ao44cup4-pooler.c-2.ap-southeast-1.aws.neon.tech:5432`.","meta":{"database_host":"ep-rapid-resonance-ao44cup4-pooler.c-2.ap-southeast-1.aws.neon.tech","database_port":5432,"modelName":"Quiz"},"name":"PrismaClientKnownRequestError","service":"proctorx-backend","stack":"PrismaClientKnownRequestError: \nInvalid `prisma.quiz.findMany()` invocation in\nD:\\Projects\\ProctorX\\Back-End\\src\\config\\scheduler.js:14:48\n\n  11 const now = new Date();\n  12 \n  13 // 1. Auto-start scheduled PENDING quizzes\n→ 14 const pendingQuizzes = await prisma.quiz.findMany(\nCan't reach database server at `ep-rapid-resonance-ao44cup4-pooler.c-2.ap-southeast-1.aws.neon.tech:5432`\n\nPlease make sure your database server is running at `ep-rapid-resonance-ao44cup4-pooler.c-2.ap-southeast-1.aws.neon.tech:5432`.\n    at $n.handleRequestError (D:\\Projects\\ProctorX\\Back-End\\node_modules\\@prisma\\client\\runtime\\library.js:121:7315)\n    at $n.handleAndLogRequestError (D:\\Projects\\ProctorX\\Back-End\\node_modules\\@prisma\\client\\runtime\\library.js:121:6623)\n    at $n.request (D:\\Projects\\ProctorX\\Back-End\\node_modules\\@prisma\\client\\runtime\\library.js:121:6307)\n    at async l (D:\\Projects\\ProctorX\\Back-End\\node_modules\\@prisma\\client\\runtime\\library.js:130:9633)\n    at async Timeout._onTimeout (D:\\Projects\\ProctorX\\Back-End\\src\\config\\scheduler.js:14:30)","timestamp":"2026-07-07 13:54:03"}
{"clientVersion":"5.22.0","code":"P1001","level":"error","message":"Error inside background scheduler tick: \nInvalid `prisma.quiz.findMany()` invocation in\nD:\\Projects\\ProctorX\\Back-End\\src\\config\\scheduler.js:14:48\n\n  11 const now = new Date();\n  12 \n  13 // 1. Auto-start scheduled PENDING quizzes\n→ 14 const pendingQuizzes = await prisma.quiz.findMany(\nCan't reach database server at `ep-rapid-resonance-ao44cup4-pooler.c-2.ap-southeast-1.aws.neon.tech:5432`\n\nPlease make sure your database server is running at `ep-rapid-resonance-ao44cup4-pooler.c-2.ap-southeast-1.aws.neon.tech:5432`.","meta":{"database_host":"ep-rapid-resonance-ao44cup4-pooler.c-2.ap-southeast-1.aws.neon.tech","database_port":5432,"modelName":"Quiz"},"name":"PrismaClientKnownRequestError","service":"proctorx-backend","stack":"PrismaClientKnownRequestError: \nInvalid `prisma.quiz.findMany()` invocation in\nD:\\Projects\\ProctorX\\Back-End\\src\\config\\scheduler.js:14:48\n\n  11 const now = new Date();\n  12 \n  13 // 1. Auto-start scheduled PENDING quizzes\n→ 14 const pendingQuizzes = await prisma.quiz.findMany(\nCan't reach database server at `ep-rapid-resonance-ao44cup4-pooler.c-2.ap-southeast-1.aws.neon.tech:5432`\n\nPlease make sure your database server is running at `ep-rapid-resonance-ao44cup4-pooler.c-2.ap-southeast-1.aws.neon.tech:5432`.\n    at $n.handleRequestError (D:\\Projects\\ProctorX\\Back-End\\node_modules\\@prisma\\client\\runtime\\library.js:121:7315)\n    at $n.handleAndLogRequestError (D:\\Projects\\ProctorX\\Back-End\\node_modules\\@prisma\\client\\runtime\\library.js:121:6623)\n    at $n.request (D:\\Projects\\ProctorX\\Back-End\\node_modules\\@prisma\\client\\runtime\\library.js:121:6307)\n    at async l (D:\\Projects\\ProctorX\\Back-End\\node_modules\\@prisma\\client\\runtime\\library.js:130:9633)\n    at async Timeout._onTimeout (D:\\Projects\\ProctorX\\Back-End\\src\\config\\scheduler.js:14:30)","timestamp":"2026-07-07 13:54:13"}
{"clientVersion":"5.22.0","code":"P1001","level":"error","message":"Error inside background scheduler tick: \nInvalid `prisma.quiz.findMany()` invocation in\nD:\\Projects\\ProctorX\\Back-End\\src\\config\\scheduler.js:14:48\n\n  11 const now = new Date();\n  12 \n  13 // 1. Auto-start scheduled PENDING quizzes\n→ 14 const pendingQuizzes = await prisma.quiz.findMany(\nCan't reach database server at `ep-rapid-resonance-ao44cup4-pooler.c-2.ap-southeast-1.aws.neon.tech:5432`\n\nPlease make sure your database server is running at `ep-rapid-resonance-ao44cup4-pooler.c-2.ap-southeast-1.aws.neon.tech:5432`.","meta":{"database_host":"ep-rapid-resonance-ao44cup4-pooler.c-2.ap-southeast-1.aws.neon.tech","database_port":5432,"modelName":"Quiz"},"name":"PrismaClientKnownRequestError","service":"proctorx-backend","stack":"PrismaClientKnownRequestError: \nInvalid `prisma.quiz.findMany()` invocation in\nD:\\Projects\\ProctorX\\Back-End\\src\\config\\scheduler.js:14:48\n\n  11 const now = new Date();\n  12 \n  13 // 1. Auto-start scheduled PENDING quizzes\n→ 14 const pendingQuizzes = await prisma.quiz.findMany(\nCan't reach database server at `ep-rapid-resonance-ao44cup4-pooler.c-2.ap-southeast-1.aws.neon.tech:5432`\n\nPlease make sure your database server is running at `ep-rapid-resonance-ao44cup4-pooler.c-2.ap-southeast-1.aws.neon.tech:5432`.\n    at $n.handleRequestError (D:\\Projects\\ProctorX\\Back-End\\node_modules\\@prisma\\client\\runtime\\library.js:121:7315)\n    at $n.handleAndLogRequestError (D:\\Projects\\ProctorX\\Back-End\\node_modules\\@prisma\\client\\runtime\\library.js:121:6623)\n    at $n.request (D:\\Projects\\ProctorX\\Back-End\\node_modules\\@prisma\\client\\runtime\\library.js:121:6307)\n    at async l (D:\\Projects\\ProctorX\\Back-End\\node_modules\\@prisma\\client\\runtime\\library.js:130:9633)\n    at async Timeout._onTimeout (D:\\Projects\\ProctorX\\Back-End\\src\\config\\scheduler.js:14:30)","timestamp":"2026-07-07 13:54:23"}
{"clientVersion":"5.22.0","code":"P1001","level":"error","message":"Error inside background scheduler tick: \nInvalid `prisma.quiz.findMany()` invocation in\nD:\\Projects\\ProctorX\\Back-End\\src\\config\\scheduler.js:14:48\n\n  11 const now = new Date();\n  12 \n  13 // 1. Auto-start scheduled PENDING quizzes\n→ 14 const pendingQuizzes = await prisma.quiz.findMany(\nCan't reach database server at `ep-rapid-resonance-ao44cup4-pooler.c-2.ap-southeast-1.aws.neon.tech:5432`\n\nPlease make sure your database server is running at `ep-rapid-resonance-ao44cup4-pooler.c-2.ap-southeast-1.aws.neon.tech:5432`.","meta":{"database_host":"ep-rapid-resonance-ao44cup4-pooler.c-2.ap-southeast-1.aws.neon.tech","database_port":5432,"modelName":"Quiz"},"name":"PrismaClientKnownRequestError","service":"proctorx-backend","stack":"PrismaClientKnownRequestError: \nInvalid `prisma.quiz.findMany()` invocation in\nD:\\Projects\\ProctorX\\Back-End\\src\\config\\scheduler.js:14:48\n\n  11 const now = new Date();\n  12 \n  13 // 1. Auto-start scheduled PENDING quizzes\n→ 14 const pendingQuizzes = await prisma.quiz.findMany(\nCan't reach database server at `ep-rapid-resonance-ao44cup4-pooler.c-2.ap-southeast-1.aws.neon.tech:5432`\n\nPlease make sure your database server is running at `ep-rapid-resonance-ao44cup4-pooler.c-2.ap-southeast-1.aws.neon.tech:5432`.\n    at $n.handleRequestError (D:\\Projects\\ProctorX\\Back-End\\node_modules\\@prisma\\client\\runtime\\library.js:121:7315)\n    at $n.handleAndLogRequestError (D:\\Projects\\ProctorX\\Back-End\\node_modules\\@prisma\\client\\runtime\\library.js:121:6623)\n    at $n.request (D:\\Projects\\ProctorX\\Back-End\\node_modules\\@prisma\\client\\runtime\\library.js:121:6307)\n    at async l (D:\\Projects\\ProctorX\\Back-End\\node_modules\\@prisma\\client\\runtime\\library.js:130:9633)\n    at async Timeout._onTimeout (D:\\Projects\\ProctorX\\Back-End\\src\\config\\scheduler.js:14:30)","timestamp":"2026-07-07 13:54:33"}
{"clientVersion":"5.22.0","code":"P1001","level":"error","message":"Error inside background scheduler tick: \nInvalid `prisma.quiz.findMany()` invocation in\nD:\\Projects\\ProctorX\\Back-End\\src\\config\\scheduler.js:14:48\n\n  11 const now = new Date();\n  12 \n  13 // 1. Auto-start scheduled PENDING quizzes\n→ 14 const pendingQuizzes = await prisma.quiz.findMany(\nCan't reach database server at `ep-rapid-resonance-ao44cup4-pooler.c-2.ap-southeast-1.aws.neon.tech:5432`\n\nPlease make sure your database server is running at `ep-rapid-resonance-ao44cup4-pooler.c-2.ap-southeast-1.aws.neon.tech:5432`.","meta":{"database_host":"ep-rapid-resonance-ao44cup4-pooler.c-2.ap-southeast-1.aws.neon.tech","database_port":5432,"modelName":"Quiz"},"name":"PrismaClientKnownRequestError","service":"proctorx-backend","stack":"PrismaClientKnownRequestError: \nInvalid `prisma.quiz.findMany()` invocation in\nD:\\Projects\\ProctorX\\Back-End\\src\\config\\scheduler.js:14:48\n\n  11 const now = new Date();\n  12 \n  13 // 1. Auto-start scheduled PENDING quizzes\n→ 14 const pendingQuizzes = await prisma.quiz.findMany(\nCan't reach database server at `ep-rapid-resonance-ao44cup4-pooler.c-2.ap-southeast-1.aws.neon.tech:5432`\n\nPlease make sure your database server is running at `ep-rapid-resonance-ao44cup4-pooler.c-2.ap-southeast-1.aws.neon.tech:5432`.\n    at $n.handleRequestError (D:\\Projects\\ProctorX\\Back-End\\node_modules\\@prisma\\client\\runtime\\library.js:121:7315)\n    at $n.handleAndLogRequestError (D:\\Projects\\ProctorX\\Back-End\\node_modules\\@prisma\\client\\runtime\\library.js:121:6623)\n    at $n.request (D:\\Projects\\ProctorX\\Back-End\\node_modules\\@prisma\\client\\runtime\\library.js:121:6307)\n    at async l (D:\\Projects\\ProctorX\\Back-End\\node_modules\\@prisma\\client\\runtime\\library.js:130:9633)\n    at async Timeout._onTimeout (D:\\Projects\\ProctorX\\Back-End\\src\\config\\scheduler.js:14:30)","timestamp":"2026-07-07 13:54:43"}
{"clientVersion":"5.22.0","code":"P1001","level":"error","message":"Error inside background scheduler tick: \nInvalid `prisma.quiz.findMany()` invocation in\nD:\\Projects\\ProctorX\\Back-End\\src\\config\\scheduler.js:14:48\n\n  11 const now = new Date();\n  12 \n  13 // 1. Auto-start scheduled PENDING quizzes\n→ 14 const pendingQuizzes = await prisma.quiz.findMany(\nCan't reach database server at `ep-rapid-resonance-ao44cup4-pooler.c-2.ap-southeast-1.aws.neon.tech:5432`\n\nPlease make sure your database server is running at `ep-rapid-resonance-ao44cup4-pooler.c-2.ap-southeast-1.aws.neon.tech:5432`.","meta":{"database_host":"ep-rapid-resonance-ao44cup4-pooler.c-2.ap-southeast-1.aws.neon.tech","database_port":5432,"modelName":"Quiz"},"name":"PrismaClientKnownRequestError","service":"proctorx-backend","stack":"PrismaClientKnownRequestError: \nInvalid `prisma.quiz.findMany()` invocation in\nD:\\Projects\\ProctorX\\Back-End\\src\\config\\scheduler.js:14:48\n\n  11 const now = new Date();\n  12 \n  13 // 1. Auto-start scheduled PENDING quizzes\n→ 14 const pendingQuizzes = await prisma.quiz.findMany(\nCan't reach database server at `ep-rapid-resonance-ao44cup4-pooler.c-2.ap-southeast-1.aws.neon.tech:5432`\n\nPlease make sure your database server is running at `ep-rapid-resonance-ao44cup4-pooler.c-2.ap-southeast-1.aws.neon.tech:5432`.\n    at $n.handleRequestError (D:\\Projects\\ProctorX\\Back-End\\node_modules\\@prisma\\client\\runtime\\library.js:121:7315)\n    at $n.handleAndLogRequestError (D:\\Projects\\ProctorX\\Back-End\\node_modules\\@prisma\\client\\runtime\\library.js:121:6623)\n    at $n.request (D:\\Projects\\ProctorX\\Back-End\\node_modules\\@prisma\\client\\runtime\\library.js:121:6307)\n    at async l (D:\\Projects\\ProctorX\\Back-End\\node_modules\\@prisma\\client\\runtime\\library.js:130:9633)\n    at async Timeout._onTimeout (D:\\Projects\\ProctorX\\Back-End\\src\\config\\scheduler.js:14:30)","timestamp":"2026-07-07 13:54:53"}
{"clientVersion":"5.22.0","code":"P1001","level":"error","message":"Error inside background scheduler tick: \nInvalid `prisma.quiz.findMany()` invocation in\nD:\\Projects\\ProctorX\\Back-End\\src\\config\\scheduler.js:14:48\n\n  11 const now = new Date();\n  12 \n  13 // 1. Auto-start scheduled PENDING quizzes\n→ 14 const pendingQuizzes = await prisma.quiz.findMany(\nCan't reach database server at `ep-rapid-resonance-ao44cup4-pooler.c-2.ap-southeast-1.aws.neon.tech:5432`\n\nPlease make sure your database server is running at `ep-rapid-resonance-ao44cup4-pooler.c-2.ap-southeast-1.aws.neon.tech:5432`.","meta":{"database_host":"ep-rapid-resonance-ao44cup4-pooler.c-2.ap-southeast-1.aws.neon.tech","database_port":5432,"modelName":"Quiz"},"name":"PrismaClientKnownRequestError","service":"proctorx-backend","stack":"PrismaClientKnownRequestError: \nInvalid `prisma.quiz.findMany()` invocation in\nD:\\Projects\\ProctorX\\Back-End\\src\\config\\scheduler.js:14:48\n\n  11 const now = new Date();\n  12 \n  13 // 1. Auto-start scheduled PENDING quizzes\n→ 14 const pendingQuizzes = await prisma.quiz.findMany(\nCan't reach database server at `ep-rapid-resonance-ao44cup4-pooler.c-2.ap-southeast-1.aws.neon.tech:5432`\n\nPlease make sure your database server is running at `ep-rapid-resonance-ao44cup4-pooler.c-2.ap-southeast-1.aws.neon.tech:5432`.\n    at $n.handleRequestError (D:\\Projects\\ProctorX\\Back-End\\node_modules\\@prisma\\client\\runtime\\library.js:121:7315)\n    at $n.handleAndLogRequestError (D:\\Projects\\ProctorX\\Back-End\\node_modules\\@prisma\\client\\runtime\\library.js:121:6623)\n    at $n.request (D:\\Projects\\ProctorX\\Back-End\\node_modules\\@prisma\\client\\runtime\\library.js:121:6307)\n    at async l (D:\\Projects\\ProctorX\\Back-End\\node_modules\\@prisma\\client\\runtime\\library.js:130:9633)\n    at async Timeout._onTimeout (D:\\Projects\\ProctorX\\Back-End\\src\\config\\scheduler.js:14:30)","timestamp":"2026-07-07 13:55:03"}
{"clientVersion":"5.22.0","code":"P1001","level":"error","message":"Error inside background scheduler tick: \nInvalid `prisma.quiz.findMany()` invocation in\nD:\\Projects\\ProctorX\\Back-End\\src\\config\\scheduler.js:14:48\n\n  11 const now = new Date();\n  12 \n  13 // 1. Auto-start scheduled PENDING quizzes\n→ 14 const pendingQuizzes = await prisma.quiz.findMany(\nCan't reach database server at `ep-rapid-resonance-ao44cup4-pooler.c-2.ap-southeast-1.aws.neon.tech:5432`\n\nPlease make sure your database server is running at `ep-rapid-resonance-ao44cup4-pooler.c-2.ap-southeast-1.aws.neon.tech:5432`.","meta":{"database_host":"ep-rapid-resonance-ao44cup4-pooler.c-2.ap-southeast-1.aws.neon.tech","database_port":5432,"modelName":"Quiz"},"name":"PrismaClientKnownRequestError","service":"proctorx-backend","stack":"PrismaClientKnownRequestError: \nInvalid `prisma.quiz.findMany()` invocation in\nD:\\Projects\\ProctorX\\Back-End\\src\\config\\scheduler.js:14:48\n\n  11 const now = new Date();\n  12 \n  13 // 1. Auto-start scheduled PENDING quizzes\n→ 14 const pendingQuizzes = await prisma.quiz.findMany(\nCan't reach database server at `ep-rapid-resonance-ao44cup4-pooler.c-2.ap-southeast-1.aws.neon.tech:5432`\n\nPlease make sure your database server is running at `ep-rapid-resonance-ao44cup4-pooler.c-2.ap-southeast-1.aws.neon.tech:5432`.\n    at $n.handleRequestError (D:\\Projects\\ProctorX\\Back-End\\node_modules\\@prisma\\client\\runtime\\library.js:121:7315)\n    at $n.handleAndLogRequestError (D:\\Projects\\ProctorX\\Back-End\\node_modules\\@prisma\\client\\runtime\\library.js:121:6623)\n    at $n.request (D:\\Projects\\ProctorX\\Back-End\\node_modules\\@prisma\\client\\runtime\\library.js:121:6307)\n    at async l (D:\\Projects\\ProctorX\\Back-End\\node_modules\\@prisma\\client\\runtime\\library.js:130:9633)\n    at async Timeout._onTimeout (D:\\Projects\\ProctorX\\Back-End\\src\\config\\scheduler.js:14:30)","timestamp":"2026-07-07 13:55:13"}
{"clientVersion":"5.22.0","code":"P1001","level":"error","message":"Error inside background scheduler tick: \nInvalid `prisma.quiz.findMany()` invocation in\nD:\\Projects\\ProctorX\\Back-End\\src\\config\\scheduler.js:14:48\n\n  11 const now = new Date();\n  12 \n  13 // 1. Auto-start scheduled PENDING quizzes\n→ 14 const pendingQuizzes = await prisma.quiz.findMany(\nCan't reach database server at `ep-rapid-resonance-ao44cup4-pooler.c-2.ap-southeast-1.aws.neon.tech:5432`\n\nPlease make sure your database server is running at `ep-rapid-resonance-ao44cup4-pooler.c-2.ap-southeast-1.aws.neon.tech:5432`.","meta":{"database_host":"ep-rapid-resonance-ao44cup4-pooler.c-2.ap-southeast-1.aws.neon.tech","database_port":5432,"modelName":"Quiz"},"name":"PrismaClientKnownRequestError","service":"proctorx-backend","stack":"PrismaClientKnownRequestError: \nInvalid `prisma.quiz.findMany()` invocation in\nD:\\Projects\\ProctorX\\Back-End\\src\\config\\scheduler.js:14:48\n\n  11 const now = new Date();\n  12 \n  13 // 1. Auto-start scheduled PENDING quizzes\n→ 14 const pendingQuizzes = await prisma.quiz.findMany(\nCan't reach database server at `ep-rapid-resonance-ao44cup4-pooler.c-2.ap-southeast-1.aws.neon.tech:5432`\n\nPlease make sure your database server is running at `ep-rapid-resonance-ao44cup4-pooler.c-2.ap-southeast-1.aws.neon.tech:5432`.\n    at $n.handleRequestError (D:\\Projects\\ProctorX\\Back-End\\node_modules\\@prisma\\client\\runtime\\library.js:121:7315)\n    at $n.handleAndLogRequestError (D:\\Projects\\ProctorX\\Back-End\\node_modules\\@prisma\\client\\runtime\\library.js:121:6623)\n    at $n.request (D:\\Projects\\ProctorX\\Back-End\\node_modules\\@prisma\\client\\runtime\\library.js:121:6307)\n    at async l (D:\\Projects\\ProctorX\\Back-End\\node_modules\\@prisma\\client\\runtime\\library.js:130:9633)\n    at async Timeout._onTimeout (D:\\Projects\\ProctorX\\Back-End\\src\\config\\scheduler.js:14:30)","timestamp":"2026-07-07 13:55:23"}
{"clientVersion":"5.22.0","code":"P1001","level":"error","message":"Error inside background scheduler tick: \nInvalid `prisma.quiz.findMany()` invocation in\nD:\\Projects\\ProctorX\\Back-End\\src\\config\\scheduler.js:14:48\n\n  11 const now = new Date();\n  12 \n  13 // 1. Auto-start scheduled PENDING quizzes\n→ 14 const pendingQuizzes = await prisma.quiz.findMany(\nCan't reach database server at `ep-rapid-resonance-ao44cup4-pooler.c-2.ap-southeast-1.aws.neon.tech:5432`\n\nPlease make sure your database server is running at `ep-rapid-resonance-ao44cup4-pooler.c-2.ap-southeast-1.aws.neon.tech:5432`.","meta":{"database_host":"ep-rapid-resonance-ao44cup4-pooler.c-2.ap-southeast-1.aws.neon.tech","database_port":5432,"modelName":"Quiz"},"name":"PrismaClientKnownRequestError","service":"proctorx-backend","stack":"PrismaClientKnownRequestError: \nInvalid `prisma.quiz.findMany()` invocation in\nD:\\Projects\\ProctorX\\Back-End\\src\\config\\scheduler.js:14:48\n\n  11 const now = new Date();\n  12 \n  13 // 1. Auto-start scheduled PENDING quizzes\n→ 14 const pendingQuizzes = await prisma.quiz.findMany(\nCan't reach database server at `ep-rapid-resonance-ao44cup4-pooler.c-2.ap-southeast-1.aws.neon.tech:5432`\n\nPlease make sure your database server is running at `ep-rapid-resonance-ao44cup4-pooler.c-2.ap-southeast-1.aws.neon.tech:5432`.\n    at $n.handleRequestError (D:\\Projects\\ProctorX\\Back-End\\node_modules\\@prisma\\client\\runtime\\library.js:121:7315)\n    at $n.handleAndLogRequestError (D:\\Projects\\ProctorX\\Back-End\\node_modules\\@prisma\\client\\runtime\\library.js:121:6623)\n    at $n.request (D:\\Projects\\ProctorX\\Back-End\\node_modules\\@prisma\\client\\runtime\\library.js:121:6307)\n    at async l (D:\\Projects\\ProctorX\\Back-End\\node_modules\\@prisma\\client\\runtime\\library.js:130:9633)\n    at async Timeout._onTimeout (D:\\Projects\\ProctorX\\Back-End\\src\\config\\scheduler.js:14:30)","timestamp":"2026-07-07 13:55:33"}
{"clientVersion":"5.22.0","code":"P1001","level":"error","message":"Authentication middleware error: \nInvalid `prisma.teacher.findUnique()` invocation in\nD:\\Projects\\ProctorX\\Back-End\\src\\middleware\\auth.middleware.js:27:35\n\n  24     return res.status(403).json({ message: 'Your student account has been deactivated' });\n  25   }\n  26 } else if (decoded.role === 'teacher') {\n→ 27   user = await prisma.teacher.findUnique(\nCan't reach database server at `ep-rapid-resonance-ao44cup4-pooler.c-2.ap-southeast-1.aws.neon.tech:5432`\n\nPlease make sure your database server is running at `ep-rapid-resonance-ao44cup4-pooler.c-2.ap-southeast-1.aws.neon.tech:5432`.","meta":{"database_host":"ep-rapid-resonance-ao44cup4-pooler.c-2.ap-southeast-1.aws.neon.tech","database_port":5432,"modelName":"Teacher"},"name":"PrismaClientKnownRequestError","service":"proctorx-backend","stack":"PrismaClientKnownRequestError: \nInvalid `prisma.teacher.findUnique()` invocation in\nD:\\Projects\\ProctorX\\Back-End\\src\\middleware\\auth.middleware.js:27:35\n\n  24     return res.status(403).json({ message: 'Your student account has been deactivated' });\n  25   }\n  26 } else if (decoded.role === 'teacher') {\n→ 27   user = await prisma.teacher.findUnique(\nCan't reach database server at `ep-rapid-resonance-ao44cup4-pooler.c-2.ap-southeast-1.aws.neon.tech:5432`\n\nPlease make sure your database server is running at `ep-rapid-resonance-ao44cup4-pooler.c-2.ap-southeast-1.aws.neon.tech:5432`.\n    at $n.handleRequestError (D:\\Projects\\ProctorX\\Back-End\\node_modules\\@prisma\\client\\runtime\\library.js:121:7315)\n    at $n.handleAndLogRequestError (D:\\Projects\\ProctorX\\Back-End\\node_modules\\@prisma\\client\\runtime\\library.js:121:6623)\n    at $n.request (D:\\Projects\\ProctorX\\Back-End\\node_modules\\@prisma\\client\\runtime\\library.js:121:6307)\n    at async l (D:\\Projects\\ProctorX\\Back-End\\node_modules\\@prisma\\client\\runtime\\library.js:130:9633)\n    at async verifyToken (D:\\Projects\\ProctorX\\Back-End\\src\\middleware\\auth.middleware.js:27:14)","timestamp":"2026-07-07 13:55:41"}
{"clientVersion":"5.22.0","code":"P1001","level":"error","message":"Authentication middleware error: \nInvalid `prisma.teacher.findUnique()` invocation in\nD:\\Projects\\ProctorX\\Back-End\\src\\middleware\\auth.middleware.js:27:35\n\n  24     return res.status(403).json({ message: 'Your student account has been deactivated' });\n  25   }\n  26 } else if (decoded.role === 'teacher') {\n→ 27   user = await prisma.teacher.findUnique(\nCan't reach database server at `ep-rapid-resonance-ao44cup4-pooler.c-2.ap-southeast-1.aws.neon.tech:5432`\n\nPlease make sure your database server is running at `ep-rapid-resonance-ao44cup4-pooler.c-2.ap-southeast-1.aws.neon.tech:5432`.","meta":{"database_host":"ep-rapid-resonance-ao44cup4-pooler.c-2.ap-southeast-1.aws.neon.tech","database_port":5432,"modelName":"Teacher"},"name":"PrismaClientKnownRequestError","service":"proctorx-backend","stack":"PrismaClientKnownRequestError: \nInvalid `prisma.teacher.findUnique()` invocation in\nD:\\Projects\\ProctorX\\Back-End\\src\\middleware\\auth.middleware.js:27:35\n\n  24     return res.status(403).json({ message: 'Your student account has been deactivated' });\n  25   }\n  26 } else if (decoded.role === 'teacher') {\n→ 27   user = await prisma.teacher.findUnique(\nCan't reach database server at `ep-rapid-resonance-ao44cup4-pooler.c-2.ap-southeast-1.aws.neon.tech:5432`\n\nPlease make sure your database server is running at `ep-rapid-resonance-ao44cup4-pooler.c-2.ap-southeast-1.aws.neon.tech:5432`.\n    at $n.handleRequestError (D:\\Projects\\ProctorX\\Back-End\\node_modules\\@prisma\\client\\runtime\\library.js:121:7315)\n    at $n.handleAndLogRequestError (D:\\Projects\\ProctorX\\Back-End\\node_modules\\@prisma\\client\\runtime\\library.js:121:6623)\n    at $n.request (D:\\Projects\\ProctorX\\Back-End\\node_modules\\@prisma\\client\\runtime\\library.js:121:6307)\n    at async l (D:\\Projects\\ProctorX\\Back-End\\node_modules\\@prisma\\client\\runtime\\library.js:130:9633)\n    at async verifyToken (D:\\Projects\\ProctorX\\Back-End\\src\\middleware\\auth.middleware.js:27:14)","timestamp":"2026-07-07 13:55:41"}
{"clientVersion":"5.22.0","code":"P1001","level":"error","message":"Authentication middleware error: \nInvalid `prisma.teacher.findUnique()` invocation in\nD:\\Projects\\ProctorX\\Back-End\\src\\middleware\\auth.middleware.js:27:35\n\n  24     return res.status(403).json({ message: 'Your student account has been deactivated' });\n  25   }\n  26 } else if (decoded.role === 'teacher') {\n→ 27   user = await prisma.teacher.findUnique(\nCan't reach database server at `ep-rapid-resonance-ao44cup4-pooler.c-2.ap-southeast-1.aws.neon.tech:5432`\n\nPlease make sure your database server is running at `ep-rapid-resonance-ao44cup4-pooler.c-2.ap-southeast-1.aws.neon.tech:5432`.","meta":{"database_host":"ep-rapid-resonance-ao44cup4-pooler.c-2.ap-southeast-1.aws.neon.tech","database_port":5432,"modelName":"Teacher"},"name":"PrismaClientKnownRequestError","service":"proctorx-backend","stack":"PrismaClientKnownRequestError: \nInvalid `prisma.teacher.findUnique()` invocation in\nD:\\Projects\\ProctorX\\Back-End\\src\\middleware\\auth.middleware.js:27:35\n\n  24     return res.status(403).json({ message: 'Your student account has been deactivated' });\n  25   }\n  26 } else if (decoded.role === 'teacher') {\n→ 27   user = await prisma.teacher.findUnique(\nCan't reach database server at `ep-rapid-resonance-ao44cup4-pooler.c-2.ap-southeast-1.aws.neon.tech:5432`\n\nPlease make sure your database server is running at `ep-rapid-resonance-ao44cup4-pooler.c-2.ap-southeast-1.aws.neon.tech:5432`.\n    at $n.handleRequestError (D:\\Projects\\ProctorX\\Back-End\\node_modules\\@prisma\\client\\runtime\\library.js:121:7315)\n    at $n.handleAndLogRequestError (D:\\Projects\\ProctorX\\Back-End\\node_modules\\@prisma\\client\\runtime\\library.js:121:6623)\n    at $n.request (D:\\Projects\\ProctorX\\Back-End\\node_modules\\@prisma\\client\\runtime\\library.js:121:6307)\n    at async l (D:\\Projects\\ProctorX\\Back-End\\node_modules\\@prisma\\client\\runtime\\library.js:130:9633)\n    at async verifyToken (D:\\Projects\\ProctorX\\Back-End\\src\\middleware\\auth.middleware.js:27:14)","timestamp":"2026-07-07 13:55:41"}
{"clientVersion":"5.22.0","code":"P1001","level":"error","message":"Error inside background scheduler tick: \nInvalid `prisma.quiz.findMany()` invocation in\nD:\\Projects\\ProctorX\\Back-End\\src\\config\\scheduler.js:14:48\n\n  11 const now = new Date();\n  12 \n  13 // 1. Auto-start scheduled PENDING quizzes\n→ 14 const pendingQuizzes = await prisma.quiz.findMany(\nCan't reach database server at `ep-rapid-resonance-ao44cup4-pooler.c-2.ap-southeast-1.aws.neon.tech:5432`\n\nPlease make sure your database server is running at `ep-rapid-resonance-ao44cup4-pooler.c-2.ap-southeast-1.aws.neon.tech:5432`.","meta":{"database_host":"ep-rapid-resonance-ao44cup4-pooler.c-2.ap-southeast-1.aws.neon.tech","database_port":5432,"modelName":"Quiz"},"name":"PrismaClientKnownRequestError","service":"proctorx-backend","stack":"PrismaClientKnownRequestError: \nInvalid `prisma.quiz.findMany()` invocation in\nD:\\Projects\\ProctorX\\Back-End\\src\\config\\scheduler.js:14:48\n\n  11 const now = new Date();\n  12 \n  13 // 1. Auto-start scheduled PENDING quizzes\n→ 14 const pendingQuizzes = await prisma.quiz.findMany(\nCan't reach database server at `ep-rapid-resonance-ao44cup4-pooler.c-2.ap-southeast-1.aws.neon.tech:5432`\n\nPlease make sure your database server is running at `ep-rapid-resonance-ao44cup4-pooler.c-2.ap-southeast-1.aws.neon.tech:5432`.\n    at $n.handleRequestError (D:\\Projects\\ProctorX\\Back-End\\node_modules\\@prisma\\client\\runtime\\library.js:121:7315)\n    at $n.handleAndLogRequestError (D:\\Projects\\ProctorX\\Back-End\\node_modules\\@prisma\\client\\runtime\\library.js:121:6623)\n    at $n.request (D:\\Projects\\ProctorX\\Back-End\\node_modules\\@prisma\\client\\runtime\\library.js:121:6307)\n    at async l (D:\\Projects\\ProctorX\\Back-End\\node_modules\\@prisma\\client\\runtime\\library.js:130:9633)\n    at async Timeout._onTimeout (D:\\Projects\\ProctorX\\Back-End\\src\\config\\scheduler.js:14:30)","timestamp":"2026-07-07 13:55:43"}
{"clientVersion":"5.22.0","code":"P1001","level":"error","message":"Authentication middleware error: \nInvalid `prisma.teacher.findUnique()` invocation in\nD:\\Projects\\ProctorX\\Back-End\\src\\middleware\\auth.middleware.js:27:35\n\n  24     return res.status(403).json({ message: 'Your student account has been deactivated' });\n  25   }\n  26 } else if (decoded.role === 'teacher') {\n→ 27   user = await prisma.teacher.findUnique(\nCan't reach database server at `ep-rapid-resonance-ao44cup4-pooler.c-2.ap-southeast-1.aws.neon.tech:5432`\n\nPlease make sure your database server is running at `ep-rapid-resonance-ao44cup4-pooler.c-2.ap-southeast-1.aws.neon.tech:5432`.","meta":{"database_host":"ep-rapid-resonance-ao44cup4-pooler.c-2.ap-southeast-1.aws.neon.tech","database_port":5432,"modelName":"Teacher"},"name":"PrismaClientKnownRequestError","service":"proctorx-backend","stack":"PrismaClientKnownRequestError: \nInvalid `prisma.teacher.findUnique()` invocation in\nD:\\Projects\\ProctorX\\Back-End\\src\\middleware\\auth.middleware.js:27:35\n\n  24     return res.status(403).json({ message: 'Your student account has been deactivated' });\n  25   }\n  26 } else if (decoded.role === 'teacher') {\n→ 27   user = await prisma.teacher.findUnique(\nCan't reach database server at `ep-rapid-resonance-ao44cup4-pooler.c-2.ap-southeast-1.aws.neon.tech:5432`\n\nPlease make sure your database server is running at `ep-rapid-resonance-ao44cup4-pooler.c-2.ap-southeast-1.aws.neon.tech:5432`.\n    at $n.handleRequestError (D:\\Projects\\ProctorX\\Back-End\\node_modules\\@prisma\\client\\runtime\\library.js:121:7315)\n    at $n.handleAndLogRequestError (D:\\Projects\\ProctorX\\Back-End\\node_modules\\@prisma\\client\\runtime\\library.js:121:6623)\n    at $n.request (D:\\Projects\\ProctorX\\Back-End\\node_modules\\@prisma\\client\\runtime\\library.js:121:6307)\n    at async l (D:\\Projects\\ProctorX\\Back-End\\node_modules\\@prisma\\client\\runtime\\library.js:130:9633)\n    at async verifyToken (D:\\Projects\\ProctorX\\Back-End\\src\\middleware\\auth.middleware.js:27:14)","timestamp":"2026-07-07 13:55:46"}
{"clientVersion":"5.22.0","code":"P1001","level":"error","message":"Authentication middleware error: \nInvalid `prisma.teacher.findUnique()` invocation in\nD:\\Projects\\ProctorX\\Back-End\\src\\middleware\\auth.middleware.js:27:35\n\n  24     return res.status(403).json({ message: 'Your student account has been deactivated' });\n  25   }\n  26 } else if (decoded.role === 'teacher') {\n→ 27   user = await prisma.teacher.findUnique(\nCan't reach database server at `ep-rapid-resonance-ao44cup4-pooler.c-2.ap-southeast-1.aws.neon.tech:5432`\n\nPlease make sure your database server is running at `ep-rapid-resonance-ao44cup4-pooler.c-2.ap-southeast-1.aws.neon.tech:5432`.","meta":{"database_host":"ep-rapid-resonance-ao44cup4-pooler.c-2.ap-southeast-1.aws.neon.tech","database_port":5432,"modelName":"Teacher"},"name":"PrismaClientKnownRequestError","service":"proctorx-backend","stack":"PrismaClientKnownRequestError: \nInvalid `prisma.teacher.findUnique()` invocation in\nD:\\Projects\\ProctorX\\Back-End\\src\\middleware\\auth.middleware.js:27:35\n\n  24     return res.status(403).json({ message: 'Your student account has been deactivated' });\n  25   }\n  26 } else if (decoded.role === 'teacher') {\n→ 27   user = await prisma.teacher.findUnique(\nCan't reach database server at `ep-rapid-resonance-ao44cup4-pooler.c-2.ap-southeast-1.aws.neon.tech:5432`\n\nPlease make sure your database server is running at `ep-rapid-resonance-ao44cup4-pooler.c-2.ap-southeast-1.aws.neon.tech:5432`.\n    at $n.handleRequestError (D:\\Projects\\ProctorX\\Back-End\\node_modules\\@prisma\\client\\runtime\\library.js:121:7315)\n    at $n.handleAndLogRequestError (D:\\Projects\\ProctorX\\Back-End\\node_modules\\@prisma\\client\\runtime\\library.js:121:6623)\n    at $n.request (D:\\Projects\\ProctorX\\Back-End\\node_modules\\@prisma\\client\\runtime\\library.js:121:6307)\n    at async l (D:\\Projects\\ProctorX\\Back-End\\node_modules\\@prisma\\client\\runtime\\library.js:130:9633)\n    at async verifyToken (D:\\Projects\\ProctorX\\Back-End\\src\\middleware\\auth.middleware.js:27:14)","timestamp":"2026-07-07 13:55:46"}
{"clientVersion":"5.22.0","code":"P1001","level":"error","message":"Authentication middleware error: \nInvalid `prisma.teacher.findUnique()` invocation in\nD:\\Projects\\ProctorX\\Back-End\\src\\middleware\\auth.middleware.js:27:35\n\n  24     return res.status(403).json({ message: 'Your student account has been deactivated' });\n  25   }\n  26 } else if (decoded.role === 'teacher') {\n→ 27   user = await prisma.teacher.findUnique(\nCan't reach database server at `ep-rapid-resonance-ao44cup4-pooler.c-2.ap-southeast-1.aws.neon.tech:5432`\n\nPlease make sure your database server is running at `ep-rapid-resonance-ao44cup4-pooler.c-2.ap-southeast-1.aws.neon.tech:5432`.","meta":{"database_host":"ep-rapid-resonance-ao44cup4-pooler.c-2.ap-southeast-1.aws.neon.tech","database_port":5432,"modelName":"Teacher"},"name":"PrismaClientKnownRequestError","service":"proctorx-backend","stack":"PrismaClientKnownRequestError: \nInvalid `prisma.teacher.findUnique()` invocation in\nD:\\Projects\\ProctorX\\Back-End\\src\\middleware\\auth.middleware.js:27:35\n\n  24     return res.status(403).json({ message: 'Your student account has been deactivated' });\n  25   }\n  26 } else if (decoded.role === 'teacher') {\n→ 27   user = await prisma.teacher.findUnique(\nCan't reach database server at `ep-rapid-resonance-ao44cup4-pooler.c-2.ap-southeast-1.aws.neon.tech:5432`\n\nPlease make sure your database server is running at `ep-rapid-resonance-ao44cup4-pooler.c-2.ap-southeast-1.aws.neon.tech:5432`.\n    at $n.handleRequestError (D:\\Projects\\ProctorX\\Back-End\\node_modules\\@prisma\\client\\runtime\\library.js:121:7315)\n    at $n.handleAndLogRequestError (D:\\Projects\\ProctorX\\Back-End\\node_modules\\@prisma\\client\\runtime\\library.js:121:6623)\n    at $n.request (D:\\Projects\\ProctorX\\Back-End\\node_modules\\@prisma\\client\\runtime\\library.js:121:6307)\n    at async l (D:\\Projects\\ProctorX\\Back-End\\node_modules\\@prisma\\client\\runtime\\library.js:130:9633)\n    at async verifyToken (D:\\Projects\\ProctorX\\Back-End\\src\\middleware\\auth.middleware.js:27:14)","timestamp":"2026-07-07 13:55:46"}
{"clientVersion":"5.22.0","code":"P1001","level":"error","message":"Global Error caught: \nInvalid `prisma.quiz.findMany()` invocation in\nD:\\Projects\\ProctorX\\Back-End\\src\\services\\quiz.service.js:363:37\n\n  360 };\n  361 \n  362 const getPublicQuizzes = async () => {\n→ 363   const quizzes = await prisma.quiz.findMany(\nCan't reach database server at `ep-rapid-resonance-ao44cup4-pooler.c-2.ap-southeast-1.aws.neon.tech:5432`\n\nPlease make sure your database server is running at `ep-rapid-resonance-ao44cup4-pooler.c-2.ap-southeast-1.aws.neon.tech:5432`.","meta":{"database_host":"ep-rapid-resonance-ao44cup4-pooler.c-2.ap-southeast-1.aws.neon.tech","database_port":5432,"modelName":"Quiz"},"name":"PrismaClientKnownRequestError","service":"proctorx-backend","stack":"PrismaClientKnownRequestError: \nInvalid `prisma.quiz.findMany()` invocation in\nD:\\Projects\\ProctorX\\Back-End\\src\\services\\quiz.service.js:363:37\n\n  360 };\n  361 \n  362 const getPublicQuizzes = async () => {\n→ 363   const quizzes = await prisma.quiz.findMany(\nCan't reach database server at `ep-rapid-resonance-ao44cup4-pooler.c-2.ap-southeast-1.aws.neon.tech:5432`\n\nPlease make sure your database server is running at `ep-rapid-resonance-ao44cup4-pooler.c-2.ap-southeast-1.aws.neon.tech:5432`.\n    at $n.handleRequestError (D:\\Projects\\ProctorX\\Back-End\\node_modules\\@prisma\\client\\runtime\\library.js:121:7315)\n    at $n.handleAndLogRequestError (D:\\Projects\\ProctorX\\Back-End\\node_modules\\@prisma\\client\\runtime\\library.js:121:6623)\n    at $n.request (D:\\Projects\\ProctorX\\Back-End\\node_modules\\@prisma\\client\\runtime\\library.js:121:6307)\n    at async l (D:\\Projects\\ProctorX\\Back-End\\node_modules\\@prisma\\client\\runtime\\library.js:130:9633)\n    at async Object.getPublicQuizzes (D:\\Projects\\ProctorX\\Back-End\\src\\services\\quiz.service.js:363:19)\n    at async getPublicQuizzes (D:\\Projects\\ProctorX\\Back-End\\src\\controllers\\quiz.controller.js:117:20)","timestamp":"2026-07-07 13:55:46"}
{"clientVersion":"5.22.0","code":"P1001","level":"error","message":"Global Error caught: \nInvalid `prisma.quiz.findMany()` invocation in\nD:\\Projects\\ProctorX\\Back-End\\src\\services\\quiz.service.js:363:37\n\n  360 };\n  361 \n  362 const getPublicQuizzes = async () => {\n→ 363   const quizzes = await prisma.quiz.findMany(\nCan't reach database server at `ep-rapid-resonance-ao44cup4-pooler.c-2.ap-southeast-1.aws.neon.tech:5432`\n\nPlease make sure your database server is running at `ep-rapid-resonance-ao44cup4-pooler.c-2.ap-southeast-1.aws.neon.tech:5432`.","meta":{"database_host":"ep-rapid-resonance-ao44cup4-pooler.c-2.ap-southeast-1.aws.neon.tech","database_port":5432,"modelName":"Quiz"},"name":"PrismaClientKnownRequestError","service":"proctorx-backend","stack":"PrismaClientKnownRequestError: \nInvalid `prisma.quiz.findMany()` invocation in\nD:\\Projects\\ProctorX\\Back-End\\src\\services\\quiz.service.js:363:37\n\n  360 };\n  361 \n  362 const getPublicQuizzes = async () => {\n→ 363   const quizzes = await prisma.quiz.findMany(\nCan't reach database server at `ep-rapid-resonance-ao44cup4-pooler.c-2.ap-southeast-1.aws.neon.tech:5432`\n\nPlease make sure your database server is running at `ep-rapid-resonance-ao44cup4-pooler.c-2.ap-southeast-1.aws.neon.tech:5432`.\n    at $n.handleRequestError (D:\\Projects\\ProctorX\\Back-End\\node_modules\\@prisma\\client\\runtime\\library.js:121:7315)\n    at $n.handleAndLogRequestError (D:\\Projects\\ProctorX\\Back-End\\node_modules\\@prisma\\client\\runtime\\library.js:121:6623)\n    at $n.request (D:\\Projects\\ProctorX\\Back-End\\node_modules\\@prisma\\client\\runtime\\library.js:121:6307)\n    at async l (D:\\Projects\\ProctorX\\Back-End\\node_modules\\@prisma\\client\\runtime\\library.js:130:9633)\n    at async Object.getPublicQuizzes (D:\\Projects\\ProctorX\\Back-End\\src\\services\\quiz.service.js:363:19)\n    at async getPublicQuizzes (D:\\Projects\\ProctorX\\Back-End\\src\\controllers\\quiz.controller.js:117:20)","timestamp":"2026-07-07 13:55:51"}
{"clientVersion":"5.22.0","code":"P1001","level":"error","message":"Error inside background scheduler tick: \nInvalid `prisma.quiz.findMany()` invocation in\nD:\\Projects\\ProctorX\\Back-End\\src\\config\\scheduler.js:14:48\n\n  11 const now = new Date();\n  12 \n  13 // 1. Auto-start scheduled PENDING quizzes\n→ 14 const pendingQuizzes = await prisma.quiz.findMany(\nCan't reach database server at `ep-rapid-resonance-ao44cup4-pooler.c-2.ap-southeast-1.aws.neon.tech:5432`\n\nPlease make sure your database server is running at `ep-rapid-resonance-ao44cup4-pooler.c-2.ap-southeast-1.aws.neon.tech:5432`.","meta":{"database_host":"ep-rapid-resonance-ao44cup4-pooler.c-2.ap-southeast-1.aws.neon.tech","database_port":5432,"modelName":"Quiz"},"name":"PrismaClientKnownRequestError","service":"proctorx-backend","stack":"PrismaClientKnownRequestError: \nInvalid `prisma.quiz.findMany()` invocation in\nD:\\Projects\\ProctorX\\Back-End\\src\\config\\scheduler.js:14:48\n\n  11 const now = new Date();\n  12 \n  13 // 1. Auto-start scheduled PENDING quizzes\n→ 14 const pendingQuizzes = await prisma.quiz.findMany(\nCan't reach database server at `ep-rapid-resonance-ao44cup4-pooler.c-2.ap-southeast-1.aws.neon.tech:5432`\n\nPlease make sure your database server is running at `ep-rapid-resonance-ao44cup4-pooler.c-2.ap-southeast-1.aws.neon.tech:5432`.\n    at $n.handleRequestError (D:\\Projects\\ProctorX\\Back-End\\node_modules\\@prisma\\client\\runtime\\library.js:121:7315)\n    at $n.handleAndLogRequestError (D:\\Projects\\ProctorX\\Back-End\\node_modules\\@prisma\\client\\runtime\\library.js:121:6623)\n    at $n.request (D:\\Projects\\ProctorX\\Back-End\\node_modules\\@prisma\\client\\runtime\\library.js:121:6307)\n    at async l (D:\\Projects\\ProctorX\\Back-End\\node_modules\\@prisma\\client\\runtime\\library.js:130:9633)\n    at async Timeout._onTimeout (D:\\Projects\\ProctorX\\Back-End\\src\\config\\scheduler.js:14:30)","timestamp":"2026-07-07 13:55:53"}
{"clientVersion":"5.22.0","code":"P1001","level":"error","message":"Error inside background scheduler tick: \nInvalid `prisma.quiz.findMany()` invocation in\nD:\\Projects\\ProctorX\\Back-End\\src\\config\\scheduler.js:14:48\n\n  11 const now = new Date();\n  12 \n  13 // 1. Auto-start scheduled PENDING quizzes\n→ 14 const pendingQuizzes = await prisma.quiz.findMany(\nCan't reach database server at `ep-rapid-resonance-ao44cup4-pooler.c-2.ap-southeast-1.aws.neon.tech:5432`\n\nPlease make sure your database server is running at `ep-rapid-resonance-ao44cup4-pooler.c-2.ap-southeast-1.aws.neon.tech:5432`.","meta":{"database_host":"ep-rapid-resonance-ao44cup4-pooler.c-2.ap-southeast-1.aws.neon.tech","database_port":5432,"modelName":"Quiz"},"name":"PrismaClientKnownRequestError","service":"proctorx-backend","stack":"PrismaClientKnownRequestError: \nInvalid `prisma.quiz.findMany()` invocation in\nD:\\Projects\\ProctorX\\Back-End\\src\\config\\scheduler.js:14:48\n\n  11 const now = new Date();\n  12 \n  13 // 1. Auto-start scheduled PENDING quizzes\n→ 14 const pendingQuizzes = await prisma.quiz.findMany(\nCan't reach database server at `ep-rapid-resonance-ao44cup4-pooler.c-2.ap-southeast-1.aws.neon.tech:5432`\n\nPlease make sure your database server is running at `ep-rapid-resonance-ao44cup4-pooler.c-2.ap-southeast-1.aws.neon.tech:5432`.\n    at $n.handleRequestError (D:\\Projects\\ProctorX\\Back-End\\node_modules\\@prisma\\client\\runtime\\library.js:121:7315)\n    at $n.handleAndLogRequestError (D:\\Projects\\ProctorX\\Back-End\\node_modules\\@prisma\\client\\runtime\\library.js:121:6623)\n    at $n.request (D:\\Projects\\ProctorX\\Back-End\\node_modules\\@prisma\\client\\runtime\\library.js:121:6307)\n    at async l (D:\\Projects\\ProctorX\\Back-End\\node_modules\\@prisma\\client\\runtime\\library.js:130:9633)\n    at async Timeout._onTimeout (D:\\Projects\\ProctorX\\Back-End\\src\\config\\scheduler.js:14:30)","timestamp":"2026-07-07 13:56:03"}
{"clientVersion":"5.22.0","code":"P1001","level":"error","message":"Error inside background scheduler tick: \nInvalid `prisma.quiz.findMany()` invocation in\nD:\\Projects\\ProctorX\\Back-End\\src\\config\\scheduler.js:14:48\n\n  11 const now = new Date();\n  12 \n  13 // 1. Auto-start scheduled PENDING quizzes\n→ 14 const pendingQuizzes = await prisma.quiz.findMany(\nCan't reach database server at `ep-rapid-resonance-ao44cup4-pooler.c-2.ap-southeast-1.aws.neon.tech:5432`\n\nPlease make sure your database server is running at `ep-rapid-resonance-ao44cup4-pooler.c-2.ap-southeast-1.aws.neon.tech:5432`.","meta":{"database_host":"ep-rapid-resonance-ao44cup4-pooler.c-2.ap-southeast-1.aws.neon.tech","database_port":5432,"modelName":"Quiz"},"name":"PrismaClientKnownRequestError","service":"proctorx-backend","stack":"PrismaClientKnownRequestError: \nInvalid `prisma.quiz.findMany()` invocation in\nD:\\Projects\\ProctorX\\Back-End\\src\\config\\scheduler.js:14:48\n\n  11 const now = new Date();\n  12 \n  13 // 1. Auto-start scheduled PENDING quizzes\n→ 14 const pendingQuizzes = await prisma.quiz.findMany(\nCan't reach database server at `ep-rapid-resonance-ao44cup4-pooler.c-2.ap-southeast-1.aws.neon.tech:5432`\n\nPlease make sure your database server is running at `ep-rapid-resonance-ao44cup4-pooler.c-2.ap-southeast-1.aws.neon.tech:5432`.\n    at $n.handleRequestError (D:\\Projects\\ProctorX\\Back-End\\node_modules\\@prisma\\client\\runtime\\library.js:121:7315)\n    at $n.handleAndLogRequestError (D:\\Projects\\ProctorX\\Back-End\\node_modules\\@prisma\\client\\runtime\\library.js:121:6623)\n    at $n.request (D:\\Projects\\ProctorX\\Back-End\\node_modules\\@prisma\\client\\runtime\\library.js:121:6307)\n    at async l (D:\\Projects\\ProctorX\\Back-End\\node_modules\\@prisma\\client\\runtime\\library.js:130:9633)\n    at async Timeout._onTimeout (D:\\Projects\\ProctorX\\Back-End\\src\\config\\scheduler.js:14:30)","timestamp":"2026-07-07 13:56:13"}
{"clientVersion":"5.22.0","code":"P1001","level":"error","message":"Error inside background scheduler tick: \nInvalid `prisma.quiz.findMany()` invocation in\nD:\\Projects\\ProctorX\\Back-End\\src\\config\\scheduler.js:14:48\n\n  11 const now = new Date();\n  12 \n  13 // 1. Auto-start scheduled PENDING quizzes\n→ 14 const pendingQuizzes = await prisma.quiz.findMany(\nCan't reach database server at `ep-rapid-resonance-ao44cup4-pooler.c-2.ap-southeast-1.aws.neon.tech:5432`\n\nPlease make sure your database server is running at `ep-rapid-resonance-ao44cup4-pooler.c-2.ap-southeast-1.aws.neon.tech:5432`.","meta":{"database_host":"ep-rapid-resonance-ao44cup4-pooler.c-2.ap-southeast-1.aws.neon.tech","database_port":5432,"modelName":"Quiz"},"name":"PrismaClientKnownRequestError","service":"proctorx-backend","stack":"PrismaClientKnownRequestError: \nInvalid `prisma.quiz.findMany()` invocation in\nD:\\Projects\\ProctorX\\Back-End\\src\\config\\scheduler.js:14:48\n\n  11 const now = new Date();\n  12 \n  13 // 1. Auto-start scheduled PENDING quizzes\n→ 14 const pendingQuizzes = await prisma.quiz.findMany(\nCan't reach database server at `ep-rapid-resonance-ao44cup4-pooler.c-2.ap-southeast-1.aws.neon.tech:5432`\n\nPlease make sure your database server is running at `ep-rapid-resonance-ao44cup4-pooler.c-2.ap-southeast-1.aws.neon.tech:5432`.\n    at $n.handleRequestError (D:\\Projects\\ProctorX\\Back-End\\node_modules\\@prisma\\client\\runtime\\library.js:121:7315)\n    at $n.handleAndLogRequestError (D:\\Projects\\ProctorX\\Back-End\\node_modules\\@prisma\\client\\runtime\\library.js:121:6623)\n    at $n.request (D:\\Projects\\ProctorX\\Back-End\\node_modules\\@prisma\\client\\runtime\\library.js:121:6307)\n    at async l (D:\\Projects\\ProctorX\\Back-End\\node_modules\\@prisma\\client\\runtime\\library.js:130:9633)\n    at async Timeout._onTimeout (D:\\Projects\\ProctorX\\Back-End\\src\\config\\scheduler.js:14:30)","timestamp":"2026-07-07 13:56:23"}
{"clientVersion":"5.22.0","code":"P1001","level":"error","message":"Error inside background scheduler tick: \nInvalid `prisma.quiz.findMany()` invocation in\nD:\\Projects\\ProctorX\\Back-End\\src\\config\\scheduler.js:14:48\n\n  11 const now = new Date();\n  12 \n  13 // 1. Auto-start scheduled PENDING quizzes\n→ 14 const pendingQuizzes = await prisma.quiz.findMany(\nCan't reach database server at `ep-rapid-resonance-ao44cup4-pooler.c-2.ap-southeast-1.aws.neon.tech:5432`\n\nPlease make sure your database server is running at `ep-rapid-resonance-ao44cup4-pooler.c-2.ap-southeast-1.aws.neon.tech:5432`.","meta":{"database_host":"ep-rapid-resonance-ao44cup4-pooler.c-2.ap-southeast-1.aws.neon.tech","database_port":5432,"modelName":"Quiz"},"name":"PrismaClientKnownRequestError","service":"proctorx-backend","stack":"PrismaClientKnownRequestError: \nInvalid `prisma.quiz.findMany()` invocation in\nD:\\Projects\\ProctorX\\Back-End\\src\\config\\scheduler.js:14:48\n\n  11 const now = new Date();\n  12 \n  13 // 1. Auto-start scheduled PENDING quizzes\n→ 14 const pendingQuizzes = await prisma.quiz.findMany(\nCan't reach database server at `ep-rapid-resonance-ao44cup4-pooler.c-2.ap-southeast-1.aws.neon.tech:5432`\n\nPlease make sure your database server is running at `ep-rapid-resonance-ao44cup4-pooler.c-2.ap-southeast-1.aws.neon.tech:5432`.\n    at $n.handleRequestError (D:\\Projects\\ProctorX\\Back-End\\node_modules\\@prisma\\client\\runtime\\library.js:121:7315)\n    at $n.handleAndLogRequestError (D:\\Projects\\ProctorX\\Back-End\\node_modules\\@prisma\\client\\runtime\\library.js:121:6623)\n    at $n.request (D:\\Projects\\ProctorX\\Back-End\\node_modules\\@prisma\\client\\runtime\\library.js:121:6307)\n    at async l (D:\\Projects\\ProctorX\\Back-End\\node_modules\\@prisma\\client\\runtime\\library.js:130:9633)\n    at async Timeout._onTimeout (D:\\Projects\\ProctorX\\Back-End\\src\\config\\scheduler.js:14:30)","timestamp":"2026-07-07 13:56:33"}
{"clientVersion":"5.22.0","code":"P1001","level":"error","message":"Error inside background scheduler tick: \nInvalid `prisma.quiz.findMany()` invocation in\nD:\\Projects\\ProctorX\\Back-End\\src\\config\\scheduler.js:14:48\n\n  11 const now = new Date();\n  12 \n  13 // 1. Auto-start scheduled PENDING quizzes\n→ 14 const pendingQuizzes = await prisma.quiz.findMany(\nCan't reach database server at `ep-rapid-resonance-ao44cup4-pooler.c-2.ap-southeast-1.aws.neon.tech:5432`\n\nPlease make sure your database server is running at `ep-rapid-resonance-ao44cup4-pooler.c-2.ap-southeast-1.aws.neon.tech:5432`.","meta":{"database_host":"ep-rapid-resonance-ao44cup4-pooler.c-2.ap-southeast-1.aws.neon.tech","database_port":5432,"modelName":"Quiz"},"name":"PrismaClientKnownRequestError","service":"proctorx-backend","stack":"PrismaClientKnownRequestError: \nInvalid `prisma.quiz.findMany()` invocation in\nD:\\Projects\\ProctorX\\Back-End\\src\\config\\scheduler.js:14:48\n\n  11 const now = new Date();\n  12 \n  13 // 1. Auto-start scheduled PENDING quizzes\n→ 14 const pendingQuizzes = await prisma.quiz.findMany(\nCan't reach database server at `ep-rapid-resonance-ao44cup4-pooler.c-2.ap-southeast-1.aws.neon.tech:5432`\n\nPlease make sure your database server is running at `ep-rapid-resonance-ao44cup4-pooler.c-2.ap-southeast-1.aws.neon.tech:5432`.\n    at $n.handleRequestError (D:\\Projects\\ProctorX\\Back-End\\node_modules\\@prisma\\client\\runtime\\library.js:121:7315)\n    at $n.handleAndLogRequestError (D:\\Projects\\ProctorX\\Back-End\\node_modules\\@prisma\\client\\runtime\\library.js:121:6623)\n    at $n.request (D:\\Projects\\ProctorX\\Back-End\\node_modules\\@prisma\\client\\runtime\\library.js:121:6307)\n    at async l (D:\\Projects\\ProctorX\\Back-End\\node_modules\\@prisma\\client\\runtime\\library.js:130:9633)\n    at async Timeout._onTimeout (D:\\Projects\\ProctorX\\Back-End\\src\\config\\scheduler.js:14:30)","timestamp":"2026-07-07 13:56:43"}
{"clientVersion":"5.22.0","code":"P1001","level":"error","message":"Error inside background scheduler tick: \nInvalid `prisma.quiz.findMany()` invocation in\nD:\\Projects\\ProctorX\\Back-End\\src\\config\\scheduler.js:14:48\n\n  11 const now = new Date();\n  12 \n  13 // 1. Auto-start scheduled PENDING quizzes\n→ 14 const pendingQuizzes = await prisma.quiz.findMany(\nCan't reach database server at `ep-rapid-resonance-ao44cup4-pooler.c-2.ap-southeast-1.aws.neon.tech:5432`\n\nPlease make sure your database server is running at `ep-rapid-resonance-ao44cup4-pooler.c-2.ap-southeast-1.aws.neon.tech:5432`.","meta":{"database_host":"ep-rapid-resonance-ao44cup4-pooler.c-2.ap-southeast-1.aws.neon.tech","database_port":5432,"modelName":"Quiz"},"name":"PrismaClientKnownRequestError","service":"proctorx-backend","stack":"PrismaClientKnownRequestError: \nInvalid `prisma.quiz.findMany()` invocation in\nD:\\Projects\\ProctorX\\Back-End\\src\\config\\scheduler.js:14:48\n\n  11 const now = new Date();\n  12 \n  13 // 1. Auto-start scheduled PENDING quizzes\n→ 14 const pendingQuizzes = await prisma.quiz.findMany(\nCan't reach database server at `ep-rapid-resonance-ao44cup4-pooler.c-2.ap-southeast-1.aws.neon.tech:5432`\n\nPlease make sure your database server is running at `ep-rapid-resonance-ao44cup4-pooler.c-2.ap-southeast-1.aws.neon.tech:5432`.\n    at $n.handleRequestError (D:\\Projects\\ProctorX\\Back-End\\node_modules\\@prisma\\client\\runtime\\library.js:121:7315)\n    at $n.handleAndLogRequestError (D:\\Projects\\ProctorX\\Back-End\\node_modules\\@prisma\\client\\runtime\\library.js:121:6623)\n    at $n.request (D:\\Projects\\ProctorX\\Back-End\\node_modules\\@prisma\\client\\runtime\\library.js:121:6307)\n    at async l (D:\\Projects\\ProctorX\\Back-End\\node_modules\\@prisma\\client\\runtime\\library.js:130:9633)\n    at async Timeout._onTimeout (D:\\Projects\\ProctorX\\Back-End\\src\\config\\scheduler.js:14:30)","timestamp":"2026-07-07 13:56:53"}
{"clientVersion":"5.22.0","code":"P1001","level":"error","message":"Error inside background scheduler tick: \nInvalid `prisma.quiz.findMany()` invocation in\nD:\\Projects\\ProctorX\\Back-End\\src\\config\\scheduler.js:14:48\n\n  11 const now = new Date();\n  12 \n  13 // 1. Auto-start scheduled PENDING quizzes\n→ 14 const pendingQuizzes = await prisma.quiz.findMany(\nCan't reach database server at `ep-rapid-resonance-ao44cup4-pooler.c-2.ap-southeast-1.aws.neon.tech:5432`\n\nPlease make sure your database server is running at `ep-rapid-resonance-ao44cup4-pooler.c-2.ap-southeast-1.aws.neon.tech:5432`.","meta":{"database_host":"ep-rapid-resonance-ao44cup4-pooler.c-2.ap-southeast-1.aws.neon.tech","database_port":5432,"modelName":"Quiz"},"name":"PrismaClientKnownRequestError","service":"proctorx-backend","stack":"PrismaClientKnownRequestError: \nInvalid `prisma.quiz.findMany()` invocation in\nD:\\Projects\\ProctorX\\Back-End\\src\\config\\scheduler.js:14:48\n\n  11 const now = new Date();\n  12 \n  13 // 1. Auto-start scheduled PENDING quizzes\n→ 14 const pendingQuizzes = await prisma.quiz.findMany(\nCan't reach database server at `ep-rapid-resonance-ao44cup4-pooler.c-2.ap-southeast-1.aws.neon.tech:5432`\n\nPlease make sure your database server is running at `ep-rapid-resonance-ao44cup4-pooler.c-2.ap-southeast-1.aws.neon.tech:5432`.\n    at $n.handleRequestError (D:\\Projects\\ProctorX\\Back-End\\node_modules\\@prisma\\client\\runtime\\library.js:121:7315)\n    at $n.handleAndLogRequestError (D:\\Projects\\ProctorX\\Back-End\\node_modules\\@prisma\\client\\runtime\\library.js:121:6623)\n    at $n.request (D:\\Projects\\ProctorX\\Back-End\\node_modules\\@prisma\\client\\runtime\\library.js:121:6307)\n    at async l (D:\\Projects\\ProctorX\\Back-End\\node_modules\\@prisma\\client\\runtime\\library.js:130:9633)\n    at async Timeout._onTimeout (D:\\Projects\\ProctorX\\Back-End\\src\\config\\scheduler.js:14:30)","timestamp":"2026-07-07 13:57:03"}
{"clientVersion":"5.22.0","code":"P1001","level":"error","message":"Error inside background scheduler tick: \nInvalid `prisma.quiz.findMany()` invocation in\nD:\\Projects\\ProctorX\\Back-End\\src\\config\\scheduler.js:14:48\n\n  11 const now = new Date();\n  12 \n  13 // 1. Auto-start scheduled PENDING quizzes\n→ 14 const pendingQuizzes = await prisma.quiz.findMany(\nCan't reach database server at `ep-rapid-resonance-ao44cup4-pooler.c-2.ap-southeast-1.aws.neon.tech:5432`\n\nPlease make sure your database server is running at `ep-rapid-resonance-ao44cup4-pooler.c-2.ap-southeast-1.aws.neon.tech:5432`.","meta":{"database_host":"ep-rapid-resonance-ao44cup4-pooler.c-2.ap-southeast-1.aws.neon.tech","database_port":5432,"modelName":"Quiz"},"name":"PrismaClientKnownRequestError","service":"proctorx-backend","stack":"PrismaClientKnownRequestError: \nInvalid `prisma.quiz.findMany()` invocation in\nD:\\Projects\\ProctorX\\Back-End\\src\\config\\scheduler.js:14:48\n\n  11 const now = new Date();\n  12 \n  13 // 1. Auto-start scheduled PENDING quizzes\n→ 14 const pendingQuizzes = await prisma.quiz.findMany(\nCan't reach database server at `ep-rapid-resonance-ao44cup4-pooler.c-2.ap-southeast-1.aws.neon.tech:5432`\n\nPlease make sure your database server is running at `ep-rapid-resonance-ao44cup4-pooler.c-2.ap-southeast-1.aws.neon.tech:5432`.\n    at $n.handleRequestError (D:\\Projects\\ProctorX\\Back-End\\node_modules\\@prisma\\client\\runtime\\library.js:121:7315)\n    at $n.handleAndLogRequestError (D:\\Projects\\ProctorX\\Back-End\\node_modules\\@prisma\\client\\runtime\\library.js:121:6623)\n    at $n.request (D:\\Projects\\ProctorX\\Back-End\\node_modules\\@prisma\\client\\runtime\\library.js:121:6307)\n    at async l (D:\\Projects\\ProctorX\\Back-End\\node_modules\\@prisma\\client\\runtime\\library.js:130:9633)\n    at async Timeout._onTimeout (D:\\Projects\\ProctorX\\Back-End\\src\\config\\scheduler.js:14:30)","timestamp":"2026-07-07 13:57:13"}
{"clientVersion":"5.22.0","code":"P1001","level":"error","message":"Error inside background scheduler tick: \nInvalid `prisma.quiz.findMany()` invocation in\nD:\\Projects\\ProctorX\\Back-End\\src\\config\\scheduler.js:14:48\n\n  11 const now = new Date();\n  12 \n  13 // 1. Auto-start scheduled PENDING quizzes\n→ 14 const pendingQuizzes = await prisma.quiz.findMany(\nCan't reach database server at `ep-rapid-resonance-ao44cup4-pooler.c-2.ap-southeast-1.aws.neon.tech:5432`\n\nPlease make sure your database server is running at `ep-rapid-resonance-ao44cup4-pooler.c-2.ap-southeast-1.aws.neon.tech:5432`.","meta":{"database_host":"ep-rapid-resonance-ao44cup4-pooler.c-2.ap-southeast-1.aws.neon.tech","database_port":5432,"modelName":"Quiz"},"name":"PrismaClientKnownRequestError","service":"proctorx-backend","stack":"PrismaClientKnownRequestError: \nInvalid `prisma.quiz.findMany()` invocation in\nD:\\Projects\\ProctorX\\Back-End\\src\\config\\scheduler.js:14:48\n\n  11 const now = new Date();\n  12 \n  13 // 1. Auto-start scheduled PENDING quizzes\n→ 14 const pendingQuizzes = await prisma.quiz.findMany(\nCan't reach database server at `ep-rapid-resonance-ao44cup4-pooler.c-2.ap-southeast-1.aws.neon.tech:5432`\n\nPlease make sure your database server is running at `ep-rapid-resonance-ao44cup4-pooler.c-2.ap-southeast-1.aws.neon.tech:5432`.\n    at $n.handleRequestError (D:\\Projects\\ProctorX\\Back-End\\node_modules\\@prisma\\client\\runtime\\library.js:121:7315)\n    at $n.handleAndLogRequestError (D:\\Projects\\ProctorX\\Back-End\\node_modules\\@prisma\\client\\runtime\\library.js:121:6623)\n    at $n.request (D:\\Projects\\ProctorX\\Back-End\\node_modules\\@prisma\\client\\runtime\\library.js:121:6307)\n    at async l (D:\\Projects\\ProctorX\\Back-End\\node_modules\\@prisma\\client\\runtime\\library.js:130:9633)\n    at async Timeout._onTimeout (D:\\Projects\\ProctorX\\Back-End\\src\\config\\scheduler.js:14:30)","timestamp":"2026-07-07 13:57:23"}
{"clientVersion":"5.22.0","code":"P1001","level":"error","message":"Error inside background scheduler tick: \nInvalid `prisma.quiz.findMany()` invocation in\nD:\\Projects\\ProctorX\\Back-End\\src\\config\\scheduler.js:14:48\n\n  11 const now = new Date();\n  12 \n  13 // 1. Auto-start scheduled PENDING quizzes\n→ 14 const pendingQuizzes = await prisma.quiz.findMany(\nCan't reach database server at `ep-rapid-resonance-ao44cup4-pooler.c-2.ap-southeast-1.aws.neon.tech:5432`\n\nPlease make sure your database server is running at `ep-rapid-resonance-ao44cup4-pooler.c-2.ap-southeast-1.aws.neon.tech:5432`.","meta":{"database_host":"ep-rapid-resonance-ao44cup4-pooler.c-2.ap-southeast-1.aws.neon.tech","database_port":5432,"modelName":"Quiz"},"name":"PrismaClientKnownRequestError","service":"proctorx-backend","stack":"PrismaClientKnownRequestError: \nInvalid `prisma.quiz.findMany()` invocation in\nD:\\Projects\\ProctorX\\Back-End\\src\\config\\scheduler.js:14:48\n\n  11 const now = new Date();\n  12 \n  13 // 1. Auto-start scheduled PENDING quizzes\n→ 14 const pendingQuizzes = await prisma.quiz.findMany(\nCan't reach database server at `ep-rapid-resonance-ao44cup4-pooler.c-2.ap-southeast-1.aws.neon.tech:5432`\n\nPlease make sure your database server is running at `ep-rapid-resonance-ao44cup4-pooler.c-2.ap-southeast-1.aws.neon.tech:5432`.\n    at $n.handleRequestError (D:\\Projects\\ProctorX\\Back-End\\node_modules\\@prisma\\client\\runtime\\library.js:121:7315)\n    at $n.handleAndLogRequestError (D:\\Projects\\ProctorX\\Back-End\\node_modules\\@prisma\\client\\runtime\\library.js:121:6623)\n    at $n.request (D:\\Projects\\ProctorX\\Back-End\\node_modules\\@prisma\\client\\runtime\\library.js:121:6307)\n    at async l (D:\\Projects\\ProctorX\\Back-End\\node_modules\\@prisma\\client\\runtime\\library.js:130:9633)\n    at async Timeout._onTimeout (D:\\Projects\\ProctorX\\Back-End\\src\\config\\scheduler.js:14:30)","timestamp":"2026-07-07 13:57:33"}
{"clientVersion":"5.22.0","code":"P1001","level":"error","message":"Error inside background scheduler tick: \nInvalid `prisma.quiz.findMany()` invocation in\nD:\\Projects\\ProctorX\\Back-End\\src\\config\\scheduler.js:14:48\n\n  11 const now = new Date();\n  12 \n  13 // 1. Auto-start scheduled PENDING quizzes\n→ 14 const pendingQuizzes = await prisma.quiz.findMany(\nCan't reach database server at `ep-rapid-resonance-ao44cup4-pooler.c-2.ap-southeast-1.aws.neon.tech:5432`\n\nPlease make sure your database server is running at `ep-rapid-resonance-ao44cup4-pooler.c-2.ap-southeast-1.aws.neon.tech:5432`.","meta":{"database_host":"ep-rapid-resonance-ao44cup4-pooler.c-2.ap-southeast-1.aws.neon.tech","database_port":5432,"modelName":"Quiz"},"name":"PrismaClientKnownRequestError","service":"proctorx-backend","stack":"PrismaClientKnownRequestError: \nInvalid `prisma.quiz.findMany()` invocation in\nD:\\Projects\\ProctorX\\Back-End\\src\\config\\scheduler.js:14:48\n\n  11 const now = new Date();\n  12 \n  13 // 1. Auto-start scheduled PENDING quizzes\n→ 14 const pendingQuizzes = await prisma.quiz.findMany(\nCan't reach database server at `ep-rapid-resonance-ao44cup4-pooler.c-2.ap-southeast-1.aws.neon.tech:5432`\n\nPlease make sure your database server is running at `ep-rapid-resonance-ao44cup4-pooler.c-2.ap-southeast-1.aws.neon.tech:5432`.\n    at $n.handleRequestError (D:\\Projects\\ProctorX\\Back-End\\node_modules\\@prisma\\client\\runtime\\library.js:121:7315)\n    at $n.handleAndLogRequestError (D:\\Projects\\ProctorX\\Back-End\\node_modules\\@prisma\\client\\runtime\\library.js:121:6623)\n    at $n.request (D:\\Projects\\ProctorX\\Back-End\\node_modules\\@prisma\\client\\runtime\\library.js:121:6307)\n    at async l (D:\\Projects\\ProctorX\\Back-End\\node_modules\\@prisma\\client\\runtime\\library.js:130:9633)\n    at async Timeout._onTimeout (D:\\Projects\\ProctorX\\Back-End\\src\\config\\scheduler.js:14:30)","timestamp":"2026-07-07 13:57:43"}
{"clientVersion":"5.22.0","code":"P1001","level":"error","message":"Error inside background scheduler tick: \nInvalid `prisma.quiz.findMany()` invocation in\nD:\\Projects\\ProctorX\\Back-End\\src\\config\\scheduler.js:14:48\n\n  11 const now = new Date();\n  12 \n  13 // 1. Auto-start scheduled PENDING quizzes\n→ 14 const pendingQuizzes = await prisma.quiz.findMany(\nCan't reach database server at `ep-rapid-resonance-ao44cup4-pooler.c-2.ap-southeast-1.aws.neon.tech:5432`\n\nPlease make sure your database server is running at `ep-rapid-resonance-ao44cup4-pooler.c-2.ap-southeast-1.aws.neon.tech:5432`.","meta":{"database_host":"ep-rapid-resonance-ao44cup4-pooler.c-2.ap-southeast-1.aws.neon.tech","database_port":5432,"modelName":"Quiz"},"name":"PrismaClientKnownRequestError","service":"proctorx-backend","stack":"PrismaClientKnownRequestError: \nInvalid `prisma.quiz.findMany()` invocation in\nD:\\Projects\\ProctorX\\Back-End\\src\\config\\scheduler.js:14:48\n\n  11 const now = new Date();\n  12 \n  13 // 1. Auto-start scheduled PENDING quizzes\n→ 14 const pendingQuizzes = await prisma.quiz.findMany(\nCan't reach database server at `ep-rapid-resonance-ao44cup4-pooler.c-2.ap-southeast-1.aws.neon.tech:5432`\n\nPlease make sure your database server is running at `ep-rapid-resonance-ao44cup4-pooler.c-2.ap-southeast-1.aws.neon.tech:5432`.\n    at $n.handleRequestError (D:\\Projects\\ProctorX\\Back-End\\node_modules\\@prisma\\client\\runtime\\library.js:121:7315)\n    at $n.handleAndLogRequestError (D:\\Projects\\ProctorX\\Back-End\\node_modules\\@prisma\\client\\runtime\\library.js:121:6623)\n    at $n.request (D:\\Projects\\ProctorX\\Back-End\\node_modules\\@prisma\\client\\runtime\\library.js:121:6307)\n    at async l (D:\\Projects\\ProctorX\\Back-End\\node_modules\\@prisma\\client\\runtime\\library.js:130:9633)\n    at async Timeout._onTimeout (D:\\Projects\\ProctorX\\Back-End\\src\\config\\scheduler.js:14:30)","timestamp":"2026-07-07 13:57:53"}
{"clientVersion":"5.22.0","code":"P1001","level":"error","message":"Error inside background scheduler tick: \nInvalid `prisma.quiz.findMany()` invocation in\nD:\\Projects\\ProctorX\\Back-End\\src\\config\\scheduler.js:14:48\n\n  11 const now = new Date();\n  12 \n  13 // 1. Auto-start scheduled PENDING quizzes\n→ 14 const pendingQuizzes = await prisma.quiz.findMany(\nCan't reach database server at `ep-rapid-resonance-ao44cup4-pooler.c-2.ap-southeast-1.aws.neon.tech:5432`\n\nPlease make sure your database server is running at `ep-rapid-resonance-ao44cup4-pooler.c-2.ap-southeast-1.aws.neon.tech:5432`.","meta":{"database_host":"ep-rapid-resonance-ao44cup4-pooler.c-2.ap-southeast-1.aws.neon.tech","database_port":5432,"modelName":"Quiz"},"name":"PrismaClientKnownRequestError","service":"proctorx-backend","stack":"PrismaClientKnownRequestError: \nInvalid `prisma.quiz.findMany()` invocation in\nD:\\Projects\\ProctorX\\Back-End\\src\\config\\scheduler.js:14:48\n\n  11 const now = new Date();\n  12 \n  13 // 1. Auto-start scheduled PENDING quizzes\n→ 14 const pendingQuizzes = await prisma.quiz.findMany(\nCan't reach database server at `ep-rapid-resonance-ao44cup4-pooler.c-2.ap-southeast-1.aws.neon.tech:5432`\n\nPlease make sure your database server is running at `ep-rapid-resonance-ao44cup4-pooler.c-2.ap-southeast-1.aws.neon.tech:5432`.\n    at $n.handleRequestError (D:\\Projects\\ProctorX\\Back-End\\node_modules\\@prisma\\client\\runtime\\library.js:121:7315)\n    at $n.handleAndLogRequestError (D:\\Projects\\ProctorX\\Back-End\\node_modules\\@prisma\\client\\runtime\\library.js:121:6623)\n    at $n.request (D:\\Projects\\ProctorX\\Back-End\\node_modules\\@prisma\\client\\runtime\\library.js:121:6307)\n    at async l (D:\\Projects\\ProctorX\\Back-End\\node_modules\\@prisma\\client\\runtime\\library.js:130:9633)\n    at async Timeout._onTimeout (D:\\Projects\\ProctorX\\Back-End\\src\\config\\scheduler.js:14:30)","timestamp":"2026-07-07 13:58:03"}
{"clientVersion":"5.22.0","code":"P1001","level":"error","message":"Error inside background scheduler tick: \nInvalid `prisma.quiz.findMany()` invocation in\nD:\\Projects\\ProctorX\\Back-End\\src\\config\\scheduler.js:14:48\n\n  11 const now = new Date();\n  12 \n  13 // 1. Auto-start scheduled PENDING quizzes\n→ 14 const pendingQuizzes = await prisma.quiz.findMany(\nCan't reach database server at `ep-rapid-resonance-ao44cup4-pooler.c-2.ap-southeast-1.aws.neon.tech:5432`\n\nPlease make sure your database server is running at `ep-rapid-resonance-ao44cup4-pooler.c-2.ap-southeast-1.aws.neon.tech:5432`.","meta":{"database_host":"ep-rapid-resonance-ao44cup4-pooler.c-2.ap-southeast-1.aws.neon.tech","database_port":5432,"modelName":"Quiz"},"name":"PrismaClientKnownRequestError","service":"proctorx-backend","stack":"PrismaClientKnownRequestError: \nInvalid `prisma.quiz.findMany()` invocation in\nD:\\Projects\\ProctorX\\Back-End\\src\\config\\scheduler.js:14:48\n\n  11 const now = new Date();\n  12 \n  13 // 1. Auto-start scheduled PENDING quizzes\n→ 14 const pendingQuizzes = await prisma.quiz.findMany(\nCan't reach database server at `ep-rapid-resonance-ao44cup4-pooler.c-2.ap-southeast-1.aws.neon.tech:5432`\n\nPlease make sure your database server is running at `ep-rapid-resonance-ao44cup4-pooler.c-2.ap-southeast-1.aws.neon.tech:5432`.\n    at $n.handleRequestError (D:\\Projects\\ProctorX\\Back-End\\node_modules\\@prisma\\client\\runtime\\library.js:121:7315)\n    at $n.handleAndLogRequestError (D:\\Projects\\ProctorX\\Back-End\\node_modules\\@prisma\\client\\runtime\\library.js:121:6623)\n    at $n.request (D:\\Projects\\ProctorX\\Back-End\\node_modules\\@prisma\\client\\runtime\\library.js:121:6307)\n    at async l (D:\\Projects\\ProctorX\\Back-End\\node_modules\\@prisma\\client\\runtime\\library.js:130:9633)\n    at async Timeout._onTimeout (D:\\Projects\\ProctorX\\Back-End\\src\\config\\scheduler.js:14:30)","timestamp":"2026-07-07 13:58:13"}
{"clientVersion":"5.22.0","code":"P1001","level":"error","message":"Error inside background scheduler tick: \nInvalid `prisma.quiz.findMany()` invocation in\nD:\\Projects\\ProctorX\\Back-End\\src\\config\\scheduler.js:14:48\n\n  11 const now = new Date();\n  12 \n  13 // 1. Auto-start scheduled PENDING quizzes\n→ 14 const pendingQuizzes = await prisma.quiz.findMany(\nCan't reach database server at `ep-rapid-resonance-ao44cup4-pooler.c-2.ap-southeast-1.aws.neon.tech:5432`\n\nPlease make sure your database server is running at `ep-rapid-resonance-ao44cup4-pooler.c-2.ap-southeast-1.aws.neon.tech:5432`.","meta":{"database_host":"ep-rapid-resonance-ao44cup4-pooler.c-2.ap-southeast-1.aws.neon.tech","database_port":5432,"modelName":"Quiz"},"name":"PrismaClientKnownRequestError","service":"proctorx-backend","stack":"PrismaClientKnownRequestError: \nInvalid `prisma.quiz.findMany()` invocation in\nD:\\Projects\\ProctorX\\Back-End\\src\\config\\scheduler.js:14:48\n\n  11 const now = new Date();\n  12 \n  13 // 1. Auto-start scheduled PENDING quizzes\n→ 14 const pendingQuizzes = await prisma.quiz.findMany(\nCan't reach database server at `ep-rapid-resonance-ao44cup4-pooler.c-2.ap-southeast-1.aws.neon.tech:5432`\n\nPlease make sure your database server is running at `ep-rapid-resonance-ao44cup4-pooler.c-2.ap-southeast-1.aws.neon.tech:5432`.\n    at $n.handleRequestError (D:\\Projects\\ProctorX\\Back-End\\node_modules\\@prisma\\client\\runtime\\library.js:121:7315)\n    at $n.handleAndLogRequestError (D:\\Projects\\ProctorX\\Back-End\\node_modules\\@prisma\\client\\runtime\\library.js:121:6623)\n    at $n.request (D:\\Projects\\ProctorX\\Back-End\\node_modules\\@prisma\\client\\runtime\\library.js:121:6307)\n    at async l (D:\\Projects\\ProctorX\\Back-End\\node_modules\\@prisma\\client\\runtime\\library.js:130:9633)\n    at async Timeout._onTimeout (D:\\Projects\\ProctorX\\Back-End\\src\\config\\scheduler.js:14:30)","timestamp":"2026-07-07 13:58:23"}
{"clientVersion":"5.22.0","code":"P1001","level":"error","message":"Error inside background scheduler tick: \nInvalid `prisma.quiz.findMany()` invocation in\nD:\\Projects\\ProctorX\\Back-End\\src\\config\\scheduler.js:14:48\n\n  11 const now = new Date();\n  12 \n  13 // 1. Auto-start scheduled PENDING quizzes\n→ 14 const pendingQuizzes = await prisma.quiz.findMany(\nCan't reach database server at `ep-rapid-resonance-ao44cup4-pooler.c-2.ap-southeast-1.aws.neon.tech:5432`\n\nPlease make sure your database server is running at `ep-rapid-resonance-ao44cup4-pooler.c-2.ap-southeast-1.aws.neon.tech:5432`.","meta":{"database_host":"ep-rapid-resonance-ao44cup4-pooler.c-2.ap-southeast-1.aws.neon.tech","database_port":5432,"modelName":"Quiz"},"name":"PrismaClientKnownRequestError","service":"proctorx-backend","stack":"PrismaClientKnownRequestError: \nInvalid `prisma.quiz.findMany()` invocation in\nD:\\Projects\\ProctorX\\Back-End\\src\\config\\scheduler.js:14:48\n\n  11 const now = new Date();\n  12 \n  13 // 1. Auto-start scheduled PENDING quizzes\n→ 14 const pendingQuizzes = await prisma.quiz.findMany(\nCan't reach database server at `ep-rapid-resonance-ao44cup4-pooler.c-2.ap-southeast-1.aws.neon.tech:5432`\n\nPlease make sure your database server is running at `ep-rapid-resonance-ao44cup4-pooler.c-2.ap-southeast-1.aws.neon.tech:5432`.\n    at $n.handleRequestError (D:\\Projects\\ProctorX\\Back-End\\node_modules\\@prisma\\client\\runtime\\library.js:121:7315)\n    at $n.handleAndLogRequestError (D:\\Projects\\ProctorX\\Back-End\\node_modules\\@prisma\\client\\runtime\\library.js:121:6623)\n    at $n.request (D:\\Projects\\ProctorX\\Back-End\\node_modules\\@prisma\\client\\runtime\\library.js:121:6307)\n    at async l (D:\\Projects\\ProctorX\\Back-End\\node_modules\\@prisma\\client\\runtime\\library.js:130:9633)\n    at async Timeout._onTimeout (D:\\Projects\\ProctorX\\Back-End\\src\\config\\scheduler.js:14:30)","timestamp":"2026-07-07 13:58:33"}
{"level":"info","message":"OTP and Quiz scheduler initialized.","service":"proctorx-backend","timestamp":"2026-07-07 14:24:33"}
{"level":"info","message":"ProctorX Backend Server listening on port 8000 in development environment.","service":"proctorx-backend","timestamp":"2026-07-07 14:24:33"}
{"level":"info","message":"OTP Lifecycle: Quiz \"Computer Science and Programming Basics (Clone)\" (QZ-JWFOXP) joining window closed.","service":"proctorx-backend","timestamp":"2026-07-07 14:24:44"}
{"clientVersion":"5.22.0","code":"P1017","level":"error","message":"Error inside background scheduler tick: \nInvalid `prisma.quiz.findMany()` invocation in\nD:\\Projects\\ProctorX\\Back-End\\src\\config\\scheduler.js:14:48\n\n  11 const now = new Date();\n  12 \n  13 // 1. Auto-start scheduled PENDING quizzes\n→ 14 const pendingQuizzes = await prisma.quiz.findMany(\nServer has closed the connection.","meta":{"modelName":"Quiz"},"name":"PrismaClientKnownRequestError","service":"proctorx-backend","stack":"PrismaClientKnownRequestError: \nInvalid `prisma.quiz.findMany()` invocation in\nD:\\Projects\\ProctorX\\Back-End\\src\\config\\scheduler.js:14:48\n\n  11 const now = new Date();\n  12 \n  13 // 1. Auto-start scheduled PENDING quizzes\n→ 14 const pendingQuizzes = await prisma.quiz.findMany(\nServer has closed the connection.\n    at $n.handleRequestError (D:\\Projects\\ProctorX\\Back-End\\node_modules\\@prisma\\client\\runtime\\library.js:121:7315)\n    at $n.handleAndLogRequestError (D:\\Projects\\ProctorX\\Back-End\\node_modules\\@prisma\\client\\runtime\\library.js:121:6623)\n    at $n.request (D:\\Projects\\ProctorX\\Back-End\\node_modules\\@prisma\\client\\runtime\\library.js:121:6307)\n    at async l (D:\\Projects\\ProctorX\\Back-End\\node_modules\\@prisma\\client\\runtime\\library.js:130:9633)\n    at async Timeout._onTimeout (D:\\Projects\\ProctorX\\Back-End\\src\\config\\scheduler.js:14:30)","timestamp":"2026-07-07 15:10:45"}
{"clientVersion":"5.22.0","code":"P2024","level":"error","message":"Error inside background scheduler tick: \nInvalid `prisma.quiz.findMany()` invocation in\nD:\\Projects\\ProctorX\\Back-End\\src\\config\\scheduler.js:14:48\n\n  11 const now = new Date();\n  12 \n  13 // 1. Auto-start scheduled PENDING quizzes\n→ 14 const pendingQuizzes = await prisma.quiz.findMany(\nTimed out fetching a new connection from the connection pool. More info: http://pris.ly/d/connection-pool (Current connection pool timeout: 10, connection limit: 21)","meta":{"connection_limit":21,"modelName":"Quiz","timeout":10},"name":"PrismaClientKnownRequestError","service":"proctorx-backend","stack":"PrismaClientKnownRequestError: \nInvalid `prisma.quiz.findMany()` invocation in\nD:\\Projects\\ProctorX\\Back-End\\src\\config\\scheduler.js:14:48\n\n  11 const now = new Date();\n  12 \n  13 // 1. Auto-start scheduled PENDING quizzes\n→ 14 const pendingQuizzes = await prisma.quiz.findMany(\nTimed out fetching a new connection from the connection pool. More info: http://pris.ly/d/connection-pool (Current connection pool timeout: 10, connection limit: 21)\n    at $n.handleRequestError (D:\\Projects\\ProctorX\\Back-End\\node_modules\\@prisma\\client\\runtime\\library.js:121:7315)\n    at $n.handleAndLogRequestError (D:\\Projects\\ProctorX\\Back-End\\node_modules\\@prisma\\client\\runtime\\library.js:121:6623)\n    at $n.request (D:\\Projects\\ProctorX\\Back-End\\node_modules\\@prisma\\client\\runtime\\library.js:121:6307)\n    at async l (D:\\Projects\\ProctorX\\Back-End\\node_modules\\@prisma\\client\\runtime\\library.js:130:9633)\n    at async Timeout._onTimeout (D:\\Projects\\ProctorX\\Back-End\\src\\config\\scheduler.js:14:30)","timestamp":"2026-07-07 15:12:25"}
{"clientVersion":"5.22.0","code":"P1001","level":"error","message":"Error inside background scheduler tick: \nInvalid `prisma.quiz.findMany()` invocation in\nD:\\Projects\\ProctorX\\Back-End\\src\\config\\scheduler.js:14:48\n\n  11 const now = new Date();\n  12 \n  13 // 1. Auto-start scheduled PENDING quizzes\n→ 14 const pendingQuizzes = await prisma.quiz.findMany(\nCan't reach database server at `ep-rapid-resonance-ao44cup4-pooler.c-2.ap-southeast-1.aws.neon.tech:5432`\n\nPlease make sure your database server is running at `ep-rapid-resonance-ao44cup4-pooler.c-2.ap-southeast-1.aws.neon.tech:5432`.","meta":{"database_host":"ep-rapid-resonance-ao44cup4-pooler.c-2.ap-southeast-1.aws.neon.tech","database_port":5432,"modelName":"Quiz"},"name":"PrismaClientKnownRequestError","service":"proctorx-backend","stack":"PrismaClientKnownRequestError: \nInvalid `prisma.quiz.findMany()` invocation in\nD:\\Projects\\ProctorX\\Back-End\\src\\config\\scheduler.js:14:48\n\n  11 const now = new Date();\n  12 \n  13 // 1. Auto-start scheduled PENDING quizzes\n→ 14 const pendingQuizzes = await prisma.quiz.findMany(\nCan't reach database server at `ep-rapid-resonance-ao44cup4-pooler.c-2.ap-southeast-1.aws.neon.tech:5432`\n\nPlease make sure your database server is running at `ep-rapid-resonance-ao44cup4-pooler.c-2.ap-southeast-1.aws.neon.tech:5432`.\n    at $n.handleRequestError (D:\\Projects\\ProctorX\\Back-End\\node_modules\\@prisma\\client\\runtime\\library.js:121:7315)\n    at $n.handleAndLogRequestError (D:\\Projects\\ProctorX\\Back-End\\node_modules\\@prisma\\client\\runtime\\library.js:121:6623)\n    at $n.request (D:\\Projects\\ProctorX\\Back-End\\node_modules\\@prisma\\client\\runtime\\library.js:121:6307)\n    at async l (D:\\Projects\\ProctorX\\Back-End\\node_modules\\@prisma\\client\\runtime\\library.js:130:9633)\n    at async Timeout._onTimeout (D:\\Projects\\ProctorX\\Back-End\\src\\config\\scheduler.js:14:30)","timestamp":"2026-07-07 15:12:30"}
{"clientVersion":"5.22.0","code":"P1001","level":"error","message":"Error inside background scheduler tick: \nInvalid `prisma.quiz.findMany()` invocation in\nD:\\Projects\\ProctorX\\Back-End\\src\\config\\scheduler.js:14:48\n\n  11 const now = new Date();\n  12 \n  13 // 1. Auto-start scheduled PENDING quizzes\n→ 14 const pendingQuizzes = await prisma.quiz.findMany(\nCan't reach database server at `ep-rapid-resonance-ao44cup4-pooler.c-2.ap-southeast-1.aws.neon.tech:5432`\n\nPlease make sure your database server is running at `ep-rapid-resonance-ao44cup4-pooler.c-2.ap-southeast-1.aws.neon.tech:5432`.","meta":{"database_host":"ep-rapid-resonance-ao44cup4-pooler.c-2.ap-southeast-1.aws.neon.tech","database_port":5432,"modelName":"Quiz"},"name":"PrismaClientKnownRequestError","service":"proctorx-backend","stack":"PrismaClientKnownRequestError: \nInvalid `prisma.quiz.findMany()` invocation in\nD:\\Projects\\ProctorX\\Back-End\\src\\config\\scheduler.js:14:48\n\n  11 const now = new Date();\n  12 \n  13 // 1. Auto-start scheduled PENDING quizzes\n→ 14 const pendingQuizzes = await prisma.quiz.findMany(\nCan't reach database server at `ep-rapid-resonance-ao44cup4-pooler.c-2.ap-southeast-1.aws.neon.tech:5432`\n\nPlease make sure your database server is running at `ep-rapid-resonance-ao44cup4-pooler.c-2.ap-southeast-1.aws.neon.tech:5432`.\n    at $n.handleRequestError (D:\\Projects\\ProctorX\\Back-End\\node_modules\\@prisma\\client\\runtime\\library.js:121:7315)\n    at $n.handleAndLogRequestError (D:\\Projects\\ProctorX\\Back-End\\node_modules\\@prisma\\client\\runtime\\library.js:121:6623)\n    at $n.request (D:\\Projects\\ProctorX\\Back-End\\node_modules\\@prisma\\client\\runtime\\library.js:121:6307)\n    at async l (D:\\Projects\\ProctorX\\Back-End\\node_modules\\@prisma\\client\\runtime\\library.js:130:9633)\n    at async Timeout._onTimeout (D:\\Projects\\ProctorX\\Back-End\\src\\config\\scheduler.js:14:30)","timestamp":"2026-07-07 15:12:40"}
{"clientVersion":"5.22.0","code":"P1001","level":"error","message":"Error inside background scheduler tick: \nInvalid `prisma.quiz.findMany()` invocation in\nD:\\Projects\\ProctorX\\Back-End\\src\\config\\scheduler.js:14:48\n\n  11 const now = new Date();\n  12 \n  13 // 1. Auto-start scheduled PENDING quizzes\n→ 14 const pendingQuizzes = await prisma.quiz.findMany(\nCan't reach database server at `ep-rapid-resonance-ao44cup4-pooler.c-2.ap-southeast-1.aws.neon.tech:5432`\n\nPlease make sure your database server is running at `ep-rapid-resonance-ao44cup4-pooler.c-2.ap-southeast-1.aws.neon.tech:5432`.","meta":{"database_host":"ep-rapid-resonance-ao44cup4-pooler.c-2.ap-southeast-1.aws.neon.tech","database_port":5432,"modelName":"Quiz"},"name":"PrismaClientKnownRequestError","service":"proctorx-backend","stack":"PrismaClientKnownRequestError: \nInvalid `prisma.quiz.findMany()` invocation in\nD:\\Projects\\ProctorX\\Back-End\\src\\config\\scheduler.js:14:48\n\n  11 const now = new Date();\n  12 \n  13 // 1. Auto-start scheduled PENDING quizzes\n→ 14 const pendingQuizzes = await prisma.quiz.findMany(\nCan't reach database server at `ep-rapid-resonance-ao44cup4-pooler.c-2.ap-southeast-1.aws.neon.tech:5432`\n\nPlease make sure your database server is running at `ep-rapid-resonance-ao44cup4-pooler.c-2.ap-southeast-1.aws.neon.tech:5432`.\n    at $n.handleRequestError (D:\\Projects\\ProctorX\\Back-End\\node_modules\\@prisma\\client\\runtime\\library.js:121:7315)\n    at $n.handleAndLogRequestError (D:\\Projects\\ProctorX\\Back-End\\node_modules\\@prisma\\client\\runtime\\library.js:121:6623)\n    at $n.request (D:\\Projects\\ProctorX\\Back-End\\node_modules\\@prisma\\client\\runtime\\library.js:121:6307)\n    at async l (D:\\Projects\\ProctorX\\Back-End\\node_modules\\@prisma\\client\\runtime\\library.js:130:9633)\n    at async Timeout._onTimeout (D:\\Projects\\ProctorX\\Back-End\\src\\config\\scheduler.js:14:30)","timestamp":"2026-07-07 15:12:50"}
{"clientVersion":"5.22.0","code":"P1001","level":"error","message":"Error inside background scheduler tick: \nInvalid `prisma.quiz.findMany()` invocation in\nD:\\Projects\\ProctorX\\Back-End\\src\\config\\scheduler.js:14:48\n\n  11 const now = new Date();\n  12 \n  13 // 1. Auto-start scheduled PENDING quizzes\n→ 14 const pendingQuizzes = await prisma.quiz.findMany(\nCan't reach database server at `ep-rapid-resonance-ao44cup4-pooler.c-2.ap-southeast-1.aws.neon.tech:5432`\n\nPlease make sure your database server is running at `ep-rapid-resonance-ao44cup4-pooler.c-2.ap-southeast-1.aws.neon.tech:5432`.","meta":{"database_host":"ep-rapid-resonance-ao44cup4-pooler.c-2.ap-southeast-1.aws.neon.tech","database_port":5432,"modelName":"Quiz"},"name":"PrismaClientKnownRequestError","service":"proctorx-backend","stack":"PrismaClientKnownRequestError: \nInvalid `prisma.quiz.findMany()` invocation in\nD:\\Projects\\ProctorX\\Back-End\\src\\config\\scheduler.js:14:48\n\n  11 const now = new Date();\n  12 \n  13 // 1. Auto-start scheduled PENDING quizzes\n→ 14 const pendingQuizzes = await prisma.quiz.findMany(\nCan't reach database server at `ep-rapid-resonance-ao44cup4-pooler.c-2.ap-southeast-1.aws.neon.tech:5432`\n\nPlease make sure your database server is running at `ep-rapid-resonance-ao44cup4-pooler.c-2.ap-southeast-1.aws.neon.tech:5432`.\n    at $n.handleRequestError (D:\\Projects\\ProctorX\\Back-End\\node_modules\\@prisma\\client\\runtime\\library.js:121:7315)\n    at $n.handleAndLogRequestError (D:\\Projects\\ProctorX\\Back-End\\node_modules\\@prisma\\client\\runtime\\library.js:121:6623)\n    at $n.request (D:\\Projects\\ProctorX\\Back-End\\node_modules\\@prisma\\client\\runtime\\library.js:121:6307)\n    at async l (D:\\Projects\\ProctorX\\Back-End\\node_modules\\@prisma\\client\\runtime\\library.js:130:9633)\n    at async Timeout._onTimeout (D:\\Projects\\ProctorX\\Back-End\\src\\config\\scheduler.js:14:30)","timestamp":"2026-07-07 15:13:00"}
{"clientVersion":"5.22.0","code":"P1001","level":"error","message":"Error inside background scheduler tick: \nInvalid `prisma.quiz.findMany()` invocation in\nD:\\Projects\\ProctorX\\Back-End\\src\\config\\scheduler.js:14:48\n\n  11 const now = new Date();\n  12 \n  13 // 1. Auto-start scheduled PENDING quizzes\n→ 14 const pendingQuizzes = await prisma.quiz.findMany(\nCan't reach database server at `ep-rapid-resonance-ao44cup4-pooler.c-2.ap-southeast-1.aws.neon.tech:5432`\n\nPlease make sure your database server is running at `ep-rapid-resonance-ao44cup4-pooler.c-2.ap-southeast-1.aws.neon.tech:5432`.","meta":{"database_host":"ep-rapid-resonance-ao44cup4-pooler.c-2.ap-southeast-1.aws.neon.tech","database_port":5432,"modelName":"Quiz"},"name":"PrismaClientKnownRequestError","service":"proctorx-backend","stack":"PrismaClientKnownRequestError: \nInvalid `prisma.quiz.findMany()` invocation in\nD:\\Projects\\ProctorX\\Back-End\\src\\config\\scheduler.js:14:48\n\n  11 const now = new Date();\n  12 \n  13 // 1. Auto-start scheduled PENDING quizzes\n→ 14 const pendingQuizzes = await prisma.quiz.findMany(\nCan't reach database server at `ep-rapid-resonance-ao44cup4-pooler.c-2.ap-southeast-1.aws.neon.tech:5432`\n\nPlease make sure your database server is running at `ep-rapid-resonance-ao44cup4-pooler.c-2.ap-southeast-1.aws.neon.tech:5432`.\n    at $n.handleRequestError (D:\\Projects\\ProctorX\\Back-End\\node_modules\\@prisma\\client\\runtime\\library.js:121:7315)\n    at $n.handleAndLogRequestError (D:\\Projects\\ProctorX\\Back-End\\node_modules\\@prisma\\client\\runtime\\library.js:121:6623)\n    at $n.request (D:\\Projects\\ProctorX\\Back-End\\node_modules\\@prisma\\client\\runtime\\library.js:121:6307)\n    at async l (D:\\Projects\\ProctorX\\Back-End\\node_modules\\@prisma\\client\\runtime\\library.js:130:9633)\n    at async Timeout._onTimeout (D:\\Projects\\ProctorX\\Back-End\\src\\config\\scheduler.js:14:30)","timestamp":"2026-07-07 15:13:10"}
{"clientVersion":"5.22.0","code":"P1001","level":"error","message":"Error inside background scheduler tick: \nInvalid `prisma.quiz.findMany()` invocation in\nD:\\Projects\\ProctorX\\Back-End\\src\\config\\scheduler.js:14:48\n\n  11 const now = new Date();\n  12 \n  13 // 1. Auto-start scheduled PENDING quizzes\n→ 14 const pendingQuizzes = await prisma.quiz.findMany(\nCan't reach database server at `ep-rapid-resonance-ao44cup4-pooler.c-2.ap-southeast-1.aws.neon.tech:5432`\n\nPlease make sure your database server is running at `ep-rapid-resonance-ao44cup4-pooler.c-2.ap-southeast-1.aws.neon.tech:5432`.","meta":{"database_host":"ep-rapid-resonance-ao44cup4-pooler.c-2.ap-southeast-1.aws.neon.tech","database_port":5432,"modelName":"Quiz"},"name":"PrismaClientKnownRequestError","service":"proctorx-backend","stack":"PrismaClientKnownRequestError: \nInvalid `prisma.quiz.findMany()` invocation in\nD:\\Projects\\ProctorX\\Back-End\\src\\config\\scheduler.js:14:48\n\n  11 const now = new Date();\n  12 \n  13 // 1. Auto-start scheduled PENDING quizzes\n→ 14 const pendingQuizzes = await prisma.quiz.findMany(\nCan't reach database server at `ep-rapid-resonance-ao44cup4-pooler.c-2.ap-southeast-1.aws.neon.tech:5432`\n\nPlease make sure your database server is running at `ep-rapid-resonance-ao44cup4-pooler.c-2.ap-southeast-1.aws.neon.tech:5432`.\n    at $n.handleRequestError (D:\\Projects\\ProctorX\\Back-End\\node_modules\\@prisma\\client\\runtime\\library.js:121:7315)\n    at $n.handleAndLogRequestError (D:\\Projects\\ProctorX\\Back-End\\node_modules\\@prisma\\client\\runtime\\library.js:121:6623)\n    at $n.request (D:\\Projects\\ProctorX\\Back-End\\node_modules\\@prisma\\client\\runtime\\library.js:121:6307)\n    at async l (D:\\Projects\\ProctorX\\Back-End\\node_modules\\@prisma\\client\\runtime\\library.js:130:9633)\n    at async Timeout._onTimeout (D:\\Projects\\ProctorX\\Back-End\\src\\config\\scheduler.js:14:30)","timestamp":"2026-07-07 15:13:20"}
{"clientVersion":"5.22.0","code":"P1017","level":"error","message":"Error inside background scheduler tick: \nInvalid `prisma.quiz.findMany()` invocation in\nD:\\Projects\\ProctorX\\Back-End\\src\\config\\scheduler.js:14:48\n\n  11 const now = new Date();\n  12 \n  13 // 1. Auto-start scheduled PENDING quizzes\n→ 14 const pendingQuizzes = await prisma.quiz.findMany(\nServer has closed the connection.","meta":{"modelName":"Quiz"},"name":"PrismaClientKnownRequestError","service":"proctorx-backend","stack":"PrismaClientKnownRequestError: \nInvalid `prisma.quiz.findMany()` invocation in\nD:\\Projects\\ProctorX\\Back-End\\src\\config\\scheduler.js:14:48\n\n  11 const now = new Date();\n  12 \n  13 // 1. Auto-start scheduled PENDING quizzes\n→ 14 const pendingQuizzes = await prisma.quiz.findMany(\nServer has closed the connection.\n    at $n.handleRequestError (D:\\Projects\\ProctorX\\Back-End\\node_modules\\@prisma\\client\\runtime\\library.js:121:7315)\n    at $n.handleAndLogRequestError (D:\\Projects\\ProctorX\\Back-End\\node_modules\\@prisma\\client\\runtime\\library.js:121:6623)\n    at $n.request (D:\\Projects\\ProctorX\\Back-End\\node_modules\\@prisma\\client\\runtime\\library.js:121:6307)\n    at async l (D:\\Projects\\ProctorX\\Back-End\\node_modules\\@prisma\\client\\runtime\\library.js:130:9633)\n    at async Timeout._onTimeout (D:\\Projects\\ProctorX\\Back-End\\src\\config\\scheduler.js:14:30)","timestamp":"2026-07-07 15:19:16"}
{"level":"info","message":"Email sent successfully: <d352fb7b-a0c4-13cd-2b11-183a7ccaaff5@gmail.com> to sanjaipandian.as@gmail.com","service":"proctorx-backend","timestamp":"2026-07-07 15:35:57"}
{"level":"error","message":"Teacher login error: Invalid email or password","service":"proctorx-backend","stack":"Error: Invalid email or password\n    at Object.loginTeacher (D:\\Projects\\ProctorX\\Back-End\\src\\services\\auth.service.js:142:17)\n    at async loginTeacher (D:\\Projects\\ProctorX\\Back-End\\src\\controllers\\auth.controller.js:57:20)","statusCode":401,"timestamp":"2026-07-07 15:36:34"}
{"level":"error","message":"Global Error caught: Invalid email or password","service":"proctorx-backend","stack":"Error: Invalid email or password\n    at Object.loginTeacher (D:\\Projects\\ProctorX\\Back-End\\src\\services\\auth.service.js:142:17)\n    at async loginTeacher (D:\\Projects\\ProctorX\\Back-End\\src\\controllers\\auth.controller.js:57:20)","statusCode":401,"timestamp":"2026-07-07 15:36:34"}
{"level":"error","message":"Teacher login error: Invalid email or password","service":"proctorx-backend","stack":"Error: Invalid email or password\n    at Object.loginTeacher (D:\\Projects\\ProctorX\\Back-End\\src\\services\\auth.service.js:142:17)\n    at async loginTeacher (D:\\Projects\\ProctorX\\Back-End\\src\\controllers\\auth.controller.js:57:20)","statusCode":401,"timestamp":"2026-07-07 15:36:49"}
{"level":"error","message":"Global Error caught: Invalid email or password","service":"proctorx-backend","stack":"Error: Invalid email or password\n    at Object.loginTeacher (D:\\Projects\\ProctorX\\Back-End\\src\\services\\auth.service.js:142:17)\n    at async loginTeacher (D:\\Projects\\ProctorX\\Back-End\\src\\controllers\\auth.controller.js:57:20)","statusCode":401,"timestamp":"2026-07-07 15:36:49"}
{"level":"info","message":"Socket client connected: _zIkRcei5CEv97uOAAAC (user: admin)","service":"proctorx-backend","timestamp":"2026-07-07 15:38:17"}
{"level":"info","message":"Socket admin:join-audit -> admin client joined room","service":"proctorx-backend","timestamp":"2026-07-07 15:38:17"}
{"level":"error","message":"Global Error caught: Email is already registered","service":"proctorx-backend","stack":"Error: Email is already registered\n    at Object.createTeacherByAdmin (D:\\Projects\\ProctorX\\Back-End\\src\\services\\admin.service.js:119:17)\n    at async createTeacher (D:\\Projects\\ProctorX\\Back-End\\src\\controllers\\admin.controller.js:62:20)","statusCode":400,"timestamp":"2026-07-07 15:38:35"}
{"level":"error","message":"Teacher login error: Invalid email or password","service":"proctorx-backend","stack":"Error: Invalid email or password\n    at Object.loginTeacher (D:\\Projects\\ProctorX\\Back-End\\src\\services\\auth.service.js:142:17)\n    at async loginTeacher (D:\\Projects\\ProctorX\\Back-End\\src\\controllers\\auth.controller.js:57:20)","statusCode":401,"timestamp":"2026-07-07 15:39:30"}
{"level":"error","message":"Global Error caught: Invalid email or password","service":"proctorx-backend","stack":"Error: Invalid email or password\n    at Object.loginTeacher (D:\\Projects\\ProctorX\\Back-End\\src\\services\\auth.service.js:142:17)\n    at async loginTeacher (D:\\Projects\\ProctorX\\Back-End\\src\\controllers\\auth.controller.js:57:20)","statusCode":401,"timestamp":"2026-07-07 15:39:30"}
{"level":"error","message":"Teacher login error: Invalid email or password","service":"proctorx-backend","stack":"Error: Invalid email or password\n    at Object.loginTeacher (D:\\Projects\\ProctorX\\Back-End\\src\\services\\auth.service.js:142:17)\n    at async loginTeacher (D:\\Projects\\ProctorX\\Back-End\\src\\controllers\\auth.controller.js:57:20)","statusCode":401,"timestamp":"2026-07-07 15:41:04"}
{"level":"error","message":"Global Error caught: Invalid email or password","service":"proctorx-backend","stack":"Error: Invalid email or password\n    at Object.loginTeacher (D:\\Projects\\ProctorX\\Back-End\\src\\services\\auth.service.js:142:17)\n    at async loginTeacher (D:\\Projects\\ProctorX\\Back-End\\src\\controllers\\auth.controller.js:57:20)","statusCode":401,"timestamp":"2026-07-07 15:41:04"}
{"level":"info","message":"Socket client connected: PjNPLPmrzvpzdDPeAAAF (user: sanjai)","service":"proctorx-backend","timestamp":"2026-07-07 15:51:19"}
{"level":"info","message":"OTP Lifecycle: Quiz \"Computer Science and Programming Basics (Clone)\" (QZ-JWFOXP) joining window closed.","service":"proctorx-backend","timestamp":"2026-07-07 15:55:27"}
{"clientVersion":"5.22.0","code":"P2024","level":"error","message":"Error inside background scheduler tick: \nInvalid `prisma.quiz.findMany()` invocation in\nD:\\Projects\\ProctorX\\Back-End\\src\\config\\scheduler.js:14:48\n\n  11 const now = new Date();\n  12 \n  13 // 1. Auto-start scheduled PENDING quizzes\n→ 14 const pendingQuizzes = await prisma.quiz.findMany(\nTimed out fetching a new connection from the connection pool. More info: http://pris.ly/d/connection-pool (Current connection pool timeout: 10, connection limit: 21)","meta":{"connection_limit":21,"modelName":"Quiz","timeout":10},"name":"PrismaClientKnownRequestError","service":"proctorx-backend","stack":"PrismaClientKnownRequestError: \nInvalid `prisma.quiz.findMany()` invocation in\nD:\\Projects\\ProctorX\\Back-End\\src\\config\\scheduler.js:14:48\n\n  11 const now = new Date();\n  12 \n  13 // 1. Auto-start scheduled PENDING quizzes\n→ 14 const pendingQuizzes = await prisma.quiz.findMany(\nTimed out fetching a new connection from the connection pool. More info: http://pris.ly/d/connection-pool (Current connection pool timeout: 10, connection limit: 21)\n    at $n.handleRequestError (D:\\Projects\\ProctorX\\Back-End\\node_modules\\@prisma\\client\\runtime\\library.js:121:7315)\n    at $n.handleAndLogRequestError (D:\\Projects\\ProctorX\\Back-End\\node_modules\\@prisma\\client\\runtime\\library.js:121:6623)\n    at $n.request (D:\\Projects\\ProctorX\\Back-End\\node_modules\\@prisma\\client\\runtime\\library.js:121:6307)\n    at async l (D:\\Projects\\ProctorX\\Back-End\\node_modules\\@prisma\\client\\runtime\\library.js:130:9633)\n    at async Timeout._onTimeout (D:\\Projects\\ProctorX\\Back-End\\src\\config\\scheduler.js:14:30)","timestamp":"2026-07-07 15:58:37"}
{"clientVersion":"5.22.0","code":"P1001","level":"error","message":"Error inside background scheduler tick: \nInvalid `prisma.quiz.findMany()` invocation in\nD:\\Projects\\ProctorX\\Back-End\\src\\config\\scheduler.js:14:48\n\n  11 const now = new Date();\n  12 \n  13 // 1. Auto-start scheduled PENDING quizzes\n→ 14 const pendingQuizzes = await prisma.quiz.findMany(\nCan't reach database server at `ep-rapid-resonance-ao44cup4-pooler.c-2.ap-southeast-1.aws.neon.tech:5432`\n\nPlease make sure your database server is running at `ep-rapid-resonance-ao44cup4-pooler.c-2.ap-southeast-1.aws.neon.tech:5432`.","meta":{"database_host":"ep-rapid-resonance-ao44cup4-pooler.c-2.ap-southeast-1.aws.neon.tech","database_port":5432,"modelName":"Quiz"},"name":"PrismaClientKnownRequestError","service":"proctorx-backend","stack":"PrismaClientKnownRequestError: \nInvalid `prisma.quiz.findMany()` invocation in\nD:\\Projects\\ProctorX\\Back-End\\src\\config\\scheduler.js:14:48\n\n  11 const now = new Date();\n  12 \n  13 // 1. Auto-start scheduled PENDING quizzes\n→ 14 const pendingQuizzes = await prisma.quiz.findMany(\nCan't reach database server at `ep-rapid-resonance-ao44cup4-pooler.c-2.ap-southeast-1.aws.neon.tech:5432`\n\nPlease make sure your database server is running at `ep-rapid-resonance-ao44cup4-pooler.c-2.ap-southeast-1.aws.neon.tech:5432`.\n    at $n.handleRequestError (D:\\Projects\\ProctorX\\Back-End\\node_modules\\@prisma\\client\\runtime\\library.js:121:7315)\n    at $n.handleAndLogRequestError (D:\\Projects\\ProctorX\\Back-End\\node_modules\\@prisma\\client\\runtime\\library.js:121:6623)\n    at $n.request (D:\\Projects\\ProctorX\\Back-End\\node_modules\\@prisma\\client\\runtime\\library.js:121:6307)\n    at async l (D:\\Projects\\ProctorX\\Back-End\\node_modules\\@prisma\\client\\runtime\\library.js:130:9633)\n    at async Timeout._onTimeout (D:\\Projects\\ProctorX\\Back-End\\src\\config\\scheduler.js:14:30)","timestamp":"2026-07-07 15:58:42"}
{"clientVersion":"5.22.0","code":"P1001","level":"error","message":"Error inside background scheduler tick: \nInvalid `prisma.quiz.findMany()` invocation in\nD:\\Projects\\ProctorX\\Back-End\\src\\config\\scheduler.js:14:48\n\n  11 const now = new Date();\n  12 \n  13 // 1. Auto-start scheduled PENDING quizzes\n→ 14 const pendingQuizzes = await prisma.quiz.findMany(\nCan't reach database server at `ep-rapid-resonance-ao44cup4-pooler.c-2.ap-southeast-1.aws.neon.tech:5432`\n\nPlease make sure your database server is running at `ep-rapid-resonance-ao44cup4-pooler.c-2.ap-southeast-1.aws.neon.tech:5432`.","meta":{"database_host":"ep-rapid-resonance-ao44cup4-pooler.c-2.ap-southeast-1.aws.neon.tech","database_port":5432,"modelName":"Quiz"},"name":"PrismaClientKnownRequestError","service":"proctorx-backend","stack":"PrismaClientKnownRequestError: \nInvalid `prisma.quiz.findMany()` invocation in\nD:\\Projects\\ProctorX\\Back-End\\src\\config\\scheduler.js:14:48\n\n  11 const now = new Date();\n  12 \n  13 // 1. Auto-start scheduled PENDING quizzes\n→ 14 const pendingQuizzes = await prisma.quiz.findMany(\nCan't reach database server at `ep-rapid-resonance-ao44cup4-pooler.c-2.ap-southeast-1.aws.neon.tech:5432`\n\nPlease make sure your database server is running at `ep-rapid-resonance-ao44cup4-pooler.c-2.ap-southeast-1.aws.neon.tech:5432`.\n    at $n.handleRequestError (D:\\Projects\\ProctorX\\Back-End\\node_modules\\@prisma\\client\\runtime\\library.js:121:7315)\n    at $n.handleAndLogRequestError (D:\\Projects\\ProctorX\\Back-End\\node_modules\\@prisma\\client\\runtime\\library.js:121:6623)\n    at $n.request (D:\\Projects\\ProctorX\\Back-End\\node_modules\\@prisma\\client\\runtime\\library.js:121:6307)\n    at async l (D:\\Projects\\ProctorX\\Back-End\\node_modules\\@prisma\\client\\runtime\\library.js:130:9633)\n    at async Timeout._onTimeout (D:\\Projects\\ProctorX\\Back-End\\src\\config\\scheduler.js:14:30)","timestamp":"2026-07-07 15:58:52"}
{"clientVersion":"5.22.0","code":"P1001","level":"error","message":"Error inside background scheduler tick: \nInvalid `prisma.quiz.findMany()` invocation in\nD:\\Projects\\ProctorX\\Back-End\\src\\config\\scheduler.js:14:48\n\n  11 const now = new Date();\n  12 \n  13 // 1. Auto-start scheduled PENDING quizzes\n→ 14 const pendingQuizzes = await prisma.quiz.findMany(\nCan't reach database server at `ep-rapid-resonance-ao44cup4-pooler.c-2.ap-southeast-1.aws.neon.tech:5432`\n\nPlease make sure your database server is running at `ep-rapid-resonance-ao44cup4-pooler.c-2.ap-southeast-1.aws.neon.tech:5432`.","meta":{"database_host":"ep-rapid-resonance-ao44cup4-pooler.c-2.ap-southeast-1.aws.neon.tech","database_port":5432,"modelName":"Quiz"},"name":"PrismaClientKnownRequestError","service":"proctorx-backend","stack":"PrismaClientKnownRequestError: \nInvalid `prisma.quiz.findMany()` invocation in\nD:\\Projects\\ProctorX\\Back-End\\src\\config\\scheduler.js:14:48\n\n  11 const now = new Date();\n  12 \n  13 // 1. Auto-start scheduled PENDING quizzes\n→ 14 const pendingQuizzes = await prisma.quiz.findMany(\nCan't reach database server at `ep-rapid-resonance-ao44cup4-pooler.c-2.ap-southeast-1.aws.neon.tech:5432`\n\nPlease make sure your database server is running at `ep-rapid-resonance-ao44cup4-pooler.c-2.ap-southeast-1.aws.neon.tech:5432`.\n    at $n.handleRequestError (D:\\Projects\\ProctorX\\Back-End\\node_modules\\@prisma\\client\\runtime\\library.js:121:7315)\n    at $n.handleAndLogRequestError (D:\\Projects\\ProctorX\\Back-End\\node_modules\\@prisma\\client\\runtime\\library.js:121:6623)\n    at $n.request (D:\\Projects\\ProctorX\\Back-End\\node_modules\\@prisma\\client\\runtime\\library.js:121:6307)\n    at async l (D:\\Projects\\ProctorX\\Back-End\\node_modules\\@prisma\\client\\runtime\\library.js:130:9633)\n    at async Timeout._onTimeout (D:\\Projects\\ProctorX\\Back-End\\src\\config\\scheduler.js:14:30)","timestamp":"2026-07-07 15:59:02"}
{"clientVersion":"5.22.0","code":"P1001","level":"error","message":"Error inside background scheduler tick: \nInvalid `prisma.quiz.findMany()` invocation in\nD:\\Projects\\ProctorX\\Back-End\\src\\config\\scheduler.js:14:48\n\n  11 const now = new Date();\n  12 \n  13 // 1. Auto-start scheduled PENDING quizzes\n→ 14 const pendingQuizzes = await prisma.quiz.findMany(\nCan't reach database server at `ep-rapid-resonance-ao44cup4-pooler.c-2.ap-southeast-1.aws.neon.tech:5432`\n\nPlease make sure your database server is running at `ep-rapid-resonance-ao44cup4-pooler.c-2.ap-southeast-1.aws.neon.tech:5432`.","meta":{"database_host":"ep-rapid-resonance-ao44cup4-pooler.c-2.ap-southeast-1.aws.neon.tech","database_port":5432,"modelName":"Quiz"},"name":"PrismaClientKnownRequestError","service":"proctorx-backend","stack":"PrismaClientKnownRequestError: \nInvalid `prisma.quiz.findMany()` invocation in\nD:\\Projects\\ProctorX\\Back-End\\src\\config\\scheduler.js:14:48\n\n  11 const now = new Date();\n  12 \n  13 // 1. Auto-start scheduled PENDING quizzes\n→ 14 const pendingQuizzes = await prisma.quiz.findMany(\nCan't reach database server at `ep-rapid-resonance-ao44cup4-pooler.c-2.ap-southeast-1.aws.neon.tech:5432`\n\nPlease make sure your database server is running at `ep-rapid-resonance-ao44cup4-pooler.c-2.ap-southeast-1.aws.neon.tech:5432`.\n    at $n.handleRequestError (D:\\Projects\\ProctorX\\Back-End\\node_modules\\@prisma\\client\\runtime\\library.js:121:7315)\n    at $n.handleAndLogRequestError (D:\\Projects\\ProctorX\\Back-End\\node_modules\\@prisma\\client\\runtime\\library.js:121:6623)\n    at $n.request (D:\\Projects\\ProctorX\\Back-End\\node_modules\\@prisma\\client\\runtime\\library.js:121:6307)\n    at async l (D:\\Projects\\ProctorX\\Back-End\\node_modules\\@prisma\\client\\runtime\\library.js:130:9633)\n    at async Timeout._onTimeout (D:\\Projects\\ProctorX\\Back-End\\src\\config\\scheduler.js:14:30)","timestamp":"2026-07-07 15:59:12"}
{"clientVersion":"5.22.0","code":"P1001","level":"error","message":"Error inside background scheduler tick: \nInvalid `prisma.quiz.findMany()` invocation in\nD:\\Projects\\ProctorX\\Back-End\\src\\config\\scheduler.js:14:48\n\n  11 const now = new Date();\n  12 \n  13 // 1. Auto-start scheduled PENDING quizzes\n→ 14 const pendingQuizzes = await prisma.quiz.findMany(\nCan't reach database server at `ep-rapid-resonance-ao44cup4-pooler.c-2.ap-southeast-1.aws.neon.tech:5432`\n\nPlease make sure your database server is running at `ep-rapid-resonance-ao44cup4-pooler.c-2.ap-southeast-1.aws.neon.tech:5432`.","meta":{"database_host":"ep-rapid-resonance-ao44cup4-pooler.c-2.ap-southeast-1.aws.neon.tech","database_port":5432,"modelName":"Quiz"},"name":"PrismaClientKnownRequestError","service":"proctorx-backend","stack":"PrismaClientKnownRequestError: \nInvalid `prisma.quiz.findMany()` invocation in\nD:\\Projects\\ProctorX\\Back-End\\src\\config\\scheduler.js:14:48\n\n  11 const now = new Date();\n  12 \n  13 // 1. Auto-start scheduled PENDING quizzes\n→ 14 const pendingQuizzes = await prisma.quiz.findMany(\nCan't reach database server at `ep-rapid-resonance-ao44cup4-pooler.c-2.ap-southeast-1.aws.neon.tech:5432`\n\nPlease make sure your database server is running at `ep-rapid-resonance-ao44cup4-pooler.c-2.ap-southeast-1.aws.neon.tech:5432`.\n    at $n.handleRequestError (D:\\Projects\\ProctorX\\Back-End\\node_modules\\@prisma\\client\\runtime\\library.js:121:7315)\n    at $n.handleAndLogRequestError (D:\\Projects\\ProctorX\\Back-End\\node_modules\\@prisma\\client\\runtime\\library.js:121:6623)\n    at $n.request (D:\\Projects\\ProctorX\\Back-End\\node_modules\\@prisma\\client\\runtime\\library.js:121:6307)\n    at async l (D:\\Projects\\ProctorX\\Back-End\\node_modules\\@prisma\\client\\runtime\\library.js:130:9633)\n    at async Timeout._onTimeout (D:\\Projects\\ProctorX\\Back-End\\src\\config\\scheduler.js:14:30)","timestamp":"2026-07-07 15:59:22"}
{"clientVersion":"5.22.0","code":"P1001","level":"error","message":"Error inside background scheduler tick: \nInvalid `prisma.quiz.findMany()` invocation in\nD:\\Projects\\ProctorX\\Back-End\\src\\config\\scheduler.js:14:48\n\n  11 const now = new Date();\n  12 \n  13 // 1. Auto-start scheduled PENDING quizzes\n→ 14 const pendingQuizzes = await prisma.quiz.findMany(\nCan't reach database server at `ep-rapid-resonance-ao44cup4-pooler.c-2.ap-southeast-1.aws.neon.tech:5432`\n\nPlease make sure your database server is running at `ep-rapid-resonance-ao44cup4-pooler.c-2.ap-southeast-1.aws.neon.tech:5432`.","meta":{"database_host":"ep-rapid-resonance-ao44cup4-pooler.c-2.ap-southeast-1.aws.neon.tech","database_port":5432,"modelName":"Quiz"},"name":"PrismaClientKnownRequestError","service":"proctorx-backend","stack":"PrismaClientKnownRequestError: \nInvalid `prisma.quiz.findMany()` invocation in\nD:\\Projects\\ProctorX\\Back-End\\src\\config\\scheduler.js:14:48\n\n  11 const now = new Date();\n  12 \n  13 // 1. Auto-start scheduled PENDING quizzes\n→ 14 const pendingQuizzes = await prisma.quiz.findMany(\nCan't reach database server at `ep-rapid-resonance-ao44cup4-pooler.c-2.ap-southeast-1.aws.neon.tech:5432`\n\nPlease make sure your database server is running at `ep-rapid-resonance-ao44cup4-pooler.c-2.ap-southeast-1.aws.neon.tech:5432`.\n    at $n.handleRequestError (D:\\Projects\\ProctorX\\Back-End\\node_modules\\@prisma\\client\\runtime\\library.js:121:7315)\n    at $n.handleAndLogRequestError (D:\\Projects\\ProctorX\\Back-End\\node_modules\\@prisma\\client\\runtime\\library.js:121:6623)\n    at $n.request (D:\\Projects\\ProctorX\\Back-End\\node_modules\\@prisma\\client\\runtime\\library.js:121:6307)\n    at async l (D:\\Projects\\ProctorX\\Back-End\\node_modules\\@prisma\\client\\runtime\\library.js:130:9633)\n    at async Timeout._onTimeout (D:\\Projects\\ProctorX\\Back-End\\src\\config\\scheduler.js:14:30)","timestamp":"2026-07-07 15:59:32"}
{"clientVersion":"5.22.0","code":"P1001","level":"error","message":"Error inside background scheduler tick: \nInvalid `prisma.quiz.findMany()` invocation in\nD:\\Projects\\ProctorX\\Back-End\\src\\config\\scheduler.js:14:48\n\n  11 const now = new Date();\n  12 \n  13 // 1. Auto-start scheduled PENDING quizzes\n→ 14 const pendingQuizzes = await prisma.quiz.findMany(\nCan't reach database server at `ep-rapid-resonance-ao44cup4-pooler.c-2.ap-southeast-1.aws.neon.tech:5432`\n\nPlease make sure your database server is running at `ep-rapid-resonance-ao44cup4-pooler.c-2.ap-southeast-1.aws.neon.tech:5432`.","meta":{"database_host":"ep-rapid-resonance-ao44cup4-pooler.c-2.ap-southeast-1.aws.neon.tech","database_port":5432,"modelName":"Quiz"},"name":"PrismaClientKnownRequestError","service":"proctorx-backend","stack":"PrismaClientKnownRequestError: \nInvalid `prisma.quiz.findMany()` invocation in\nD:\\Projects\\ProctorX\\Back-End\\src\\config\\scheduler.js:14:48\n\n  11 const now = new Date();\n  12 \n  13 // 1. Auto-start scheduled PENDING quizzes\n→ 14 const pendingQuizzes = await prisma.quiz.findMany(\nCan't reach database server at `ep-rapid-resonance-ao44cup4-pooler.c-2.ap-southeast-1.aws.neon.tech:5432`\n\nPlease make sure your database server is running at `ep-rapid-resonance-ao44cup4-pooler.c-2.ap-southeast-1.aws.neon.tech:5432`.\n    at $n.handleRequestError (D:\\Projects\\ProctorX\\Back-End\\node_modules\\@prisma\\client\\runtime\\library.js:121:7315)\n    at $n.handleAndLogRequestError (D:\\Projects\\ProctorX\\Back-End\\node_modules\\@prisma\\client\\runtime\\library.js:121:6623)\n    at $n.request (D:\\Projects\\ProctorX\\Back-End\\node_modules\\@prisma\\client\\runtime\\library.js:121:6307)\n    at async l (D:\\Projects\\ProctorX\\Back-End\\node_modules\\@prisma\\client\\runtime\\library.js:130:9633)\n    at async Timeout._onTimeout (D:\\Projects\\ProctorX\\Back-End\\src\\config\\scheduler.js:14:30)","timestamp":"2026-07-07 15:59:42"}
{"clientVersion":"5.22.0","code":"P1001","level":"error","message":"Error inside background scheduler tick: \nInvalid `prisma.quiz.findMany()` invocation in\nD:\\Projects\\ProctorX\\Back-End\\src\\config\\scheduler.js:14:48\n\n  11 const now = new Date();\n  12 \n  13 // 1. Auto-start scheduled PENDING quizzes\n→ 14 const pendingQuizzes = await prisma.quiz.findMany(\nCan't reach database server at `ep-rapid-resonance-ao44cup4-pooler.c-2.ap-southeast-1.aws.neon.tech:5432`\n\nPlease make sure your database server is running at `ep-rapid-resonance-ao44cup4-pooler.c-2.ap-southeast-1.aws.neon.tech:5432`.","meta":{"database_host":"ep-rapid-resonance-ao44cup4-pooler.c-2.ap-southeast-1.aws.neon.tech","database_port":5432,"modelName":"Quiz"},"name":"PrismaClientKnownRequestError","service":"proctorx-backend","stack":"PrismaClientKnownRequestError: \nInvalid `prisma.quiz.findMany()` invocation in\nD:\\Projects\\ProctorX\\Back-End\\src\\config\\scheduler.js:14:48\n\n  11 const now = new Date();\n  12 \n  13 // 1. Auto-start scheduled PENDING quizzes\n→ 14 const pendingQuizzes = await prisma.quiz.findMany(\nCan't reach database server at `ep-rapid-resonance-ao44cup4-pooler.c-2.ap-southeast-1.aws.neon.tech:5432`\n\nPlease make sure your database server is running at `ep-rapid-resonance-ao44cup4-pooler.c-2.ap-southeast-1.aws.neon.tech:5432`.\n    at $n.handleRequestError (D:\\Projects\\ProctorX\\Back-End\\node_modules\\@prisma\\client\\runtime\\library.js:121:7315)\n    at $n.handleAndLogRequestError (D:\\Projects\\ProctorX\\Back-End\\node_modules\\@prisma\\client\\runtime\\library.js:121:6623)\n    at $n.request (D:\\Projects\\ProctorX\\Back-End\\node_modules\\@prisma\\client\\runtime\\library.js:121:6307)\n    at async l (D:\\Projects\\ProctorX\\Back-End\\node_modules\\@prisma\\client\\runtime\\library.js:130:9633)\n    at async Timeout._onTimeout (D:\\Projects\\ProctorX\\Back-End\\src\\config\\scheduler.js:14:30)","timestamp":"2026-07-07 15:59:52"}
{"clientVersion":"5.22.0","code":"P1001","level":"error","message":"Error inside background scheduler tick: \nInvalid `prisma.quiz.findMany()` invocation in\nD:\\Projects\\ProctorX\\Back-End\\src\\config\\scheduler.js:14:48\n\n  11 const now = new Date();\n  12 \n  13 // 1. Auto-start scheduled PENDING quizzes\n→ 14 const pendingQuizzes = await prisma.quiz.findMany(\nCan't reach database server at `ep-rapid-resonance-ao44cup4-pooler.c-2.ap-southeast-1.aws.neon.tech:5432`\n\nPlease make sure your database server is running at `ep-rapid-resonance-ao44cup4-pooler.c-2.ap-southeast-1.aws.neon.tech:5432`.","meta":{"database_host":"ep-rapid-resonance-ao44cup4-pooler.c-2.ap-southeast-1.aws.neon.tech","database_port":5432,"modelName":"Quiz"},"name":"PrismaClientKnownRequestError","service":"proctorx-backend","stack":"PrismaClientKnownRequestError: \nInvalid `prisma.quiz.findMany()` invocation in\nD:\\Projects\\ProctorX\\Back-End\\src\\config\\scheduler.js:14:48\n\n  11 const now = new Date();\n  12 \n  13 // 1. Auto-start scheduled PENDING quizzes\n→ 14 const pendingQuizzes = await prisma.quiz.findMany(\nCan't reach database server at `ep-rapid-resonance-ao44cup4-pooler.c-2.ap-southeast-1.aws.neon.tech:5432`\n\nPlease make sure your database server is running at `ep-rapid-resonance-ao44cup4-pooler.c-2.ap-southeast-1.aws.neon.tech:5432`.\n    at $n.handleRequestError (D:\\Projects\\ProctorX\\Back-End\\node_modules\\@prisma\\client\\runtime\\library.js:121:7315)\n    at $n.handleAndLogRequestError (D:\\Projects\\ProctorX\\Back-End\\node_modules\\@prisma\\client\\runtime\\library.js:121:6623)\n    at $n.request (D:\\Projects\\ProctorX\\Back-End\\node_modules\\@prisma\\client\\runtime\\library.js:121:6307)\n    at async l (D:\\Projects\\ProctorX\\Back-End\\node_modules\\@prisma\\client\\runtime\\library.js:130:9633)\n    at async Timeout._onTimeout (D:\\Projects\\ProctorX\\Back-End\\src\\config\\scheduler.js:14:30)","timestamp":"2026-07-07 16:00:02"}
{"clientVersion":"5.22.0","code":"P1001","level":"error","message":"Error inside background scheduler tick: \nInvalid `prisma.quiz.findMany()` invocation in\nD:\\Projects\\ProctorX\\Back-End\\src\\config\\scheduler.js:14:48\n\n  11 const now = new Date();\n  12 \n  13 // 1. Auto-start scheduled PENDING quizzes\n→ 14 const pendingQuizzes = await prisma.quiz.findMany(\nCan't reach database server at `ep-rapid-resonance-ao44cup4-pooler.c-2.ap-southeast-1.aws.neon.tech:5432`\n\nPlease make sure your database server is running at `ep-rapid-resonance-ao44cup4-pooler.c-2.ap-southeast-1.aws.neon.tech:5432`.","meta":{"database_host":"ep-rapid-resonance-ao44cup4-pooler.c-2.ap-southeast-1.aws.neon.tech","database_port":5432,"modelName":"Quiz"},"name":"PrismaClientKnownRequestError","service":"proctorx-backend","stack":"PrismaClientKnownRequestError: \nInvalid `prisma.quiz.findMany()` invocation in\nD:\\Projects\\ProctorX\\Back-End\\src\\config\\scheduler.js:14:48\n\n  11 const now = new Date();\n  12 \n  13 // 1. Auto-start scheduled PENDING quizzes\n→ 14 const pendingQuizzes = await prisma.quiz.findMany(\nCan't reach database server at `ep-rapid-resonance-ao44cup4-pooler.c-2.ap-southeast-1.aws.neon.tech:5432`\n\nPlease make sure your database server is running at `ep-rapid-resonance-ao44cup4-pooler.c-2.ap-southeast-1.aws.neon.tech:5432`.\n    at $n.handleRequestError (D:\\Projects\\ProctorX\\Back-End\\node_modules\\@prisma\\client\\runtime\\library.js:121:7315)\n    at $n.handleAndLogRequestError (D:\\Projects\\ProctorX\\Back-End\\node_modules\\@prisma\\client\\runtime\\library.js:121:6623)\n    at $n.request (D:\\Projects\\ProctorX\\Back-End\\node_modules\\@prisma\\client\\runtime\\library.js:121:6307)\n    at async l (D:\\Projects\\ProctorX\\Back-End\\node_modules\\@prisma\\client\\runtime\\library.js:130:9633)\n    at async Timeout._onTimeout (D:\\Projects\\ProctorX\\Back-End\\src\\config\\scheduler.js:14:30)","timestamp":"2026-07-07 16:00:12"}
{"clientVersion":"5.22.0","code":"P1001","level":"error","message":"Error inside background scheduler tick: \nInvalid `prisma.quiz.findMany()` invocation in\nD:\\Projects\\ProctorX\\Back-End\\src\\config\\scheduler.js:14:48\n\n  11 const now = new Date();\n  12 \n  13 // 1. Auto-start scheduled PENDING quizzes\n→ 14 const pendingQuizzes = await prisma.quiz.findMany(\nCan't reach database server at `ep-rapid-resonance-ao44cup4-pooler.c-2.ap-southeast-1.aws.neon.tech:5432`\n\nPlease make sure your database server is running at `ep-rapid-resonance-ao44cup4-pooler.c-2.ap-southeast-1.aws.neon.tech:5432`.","meta":{"database_host":"ep-rapid-resonance-ao44cup4-pooler.c-2.ap-southeast-1.aws.neon.tech","database_port":5432,"modelName":"Quiz"},"name":"PrismaClientKnownRequestError","service":"proctorx-backend","stack":"PrismaClientKnownRequestError: \nInvalid `prisma.quiz.findMany()` invocation in\nD:\\Projects\\ProctorX\\Back-End\\src\\config\\scheduler.js:14:48\n\n  11 const now = new Date();\n  12 \n  13 // 1. Auto-start scheduled PENDING quizzes\n→ 14 const pendingQuizzes = await prisma.quiz.findMany(\nCan't reach database server at `ep-rapid-resonance-ao44cup4-pooler.c-2.ap-southeast-1.aws.neon.tech:5432`\n\nPlease make sure your database server is running at `ep-rapid-resonance-ao44cup4-pooler.c-2.ap-southeast-1.aws.neon.tech:5432`.\n    at $n.handleRequestError (D:\\Projects\\ProctorX\\Back-End\\node_modules\\@prisma\\client\\runtime\\library.js:121:7315)\n    at $n.handleAndLogRequestError (D:\\Projects\\ProctorX\\Back-End\\node_modules\\@prisma\\client\\runtime\\library.js:121:6623)\n    at $n.request (D:\\Projects\\ProctorX\\Back-End\\node_modules\\@prisma\\client\\runtime\\library.js:121:6307)\n    at async l (D:\\Projects\\ProctorX\\Back-End\\node_modules\\@prisma\\client\\runtime\\library.js:130:9633)\n    at async Timeout._onTimeout (D:\\Projects\\ProctorX\\Back-End\\src\\config\\scheduler.js:14:30)","timestamp":"2026-07-07 16:00:22"}
{"clientVersion":"5.22.0","code":"P1001","level":"error","message":"Error inside background scheduler tick: \nInvalid `prisma.quiz.findMany()` invocation in\nD:\\Projects\\ProctorX\\Back-End\\src\\config\\scheduler.js:14:48\n\n  11 const now = new Date();\n  12 \n  13 // 1. Auto-start scheduled PENDING quizzes\n→ 14 const pendingQuizzes = await prisma.quiz.findMany(\nCan't reach database server at `ep-rapid-resonance-ao44cup4-pooler.c-2.ap-southeast-1.aws.neon.tech:5432`\n\nPlease make sure your database server is running at `ep-rapid-resonance-ao44cup4-pooler.c-2.ap-southeast-1.aws.neon.tech:5432`.","meta":{"database_host":"ep-rapid-resonance-ao44cup4-pooler.c-2.ap-southeast-1.aws.neon.tech","database_port":5432,"modelName":"Quiz"},"name":"PrismaClientKnownRequestError","service":"proctorx-backend","stack":"PrismaClientKnownRequestError: \nInvalid `prisma.quiz.findMany()` invocation in\nD:\\Projects\\ProctorX\\Back-End\\src\\config\\scheduler.js:14:48\n\n  11 const now = new Date();\n  12 \n  13 // 1. Auto-start scheduled PENDING quizzes\n→ 14 const pendingQuizzes = await prisma.quiz.findMany(\nCan't reach database server at `ep-rapid-resonance-ao44cup4-pooler.c-2.ap-southeast-1.aws.neon.tech:5432`\n\nPlease make sure your database server is running at `ep-rapid-resonance-ao44cup4-pooler.c-2.ap-southeast-1.aws.neon.tech:5432`.\n    at $n.handleRequestError (D:\\Projects\\ProctorX\\Back-End\\node_modules\\@prisma\\client\\runtime\\library.js:121:7315)\n    at $n.handleAndLogRequestError (D:\\Projects\\ProctorX\\Back-End\\node_modules\\@prisma\\client\\runtime\\library.js:121:6623)\n    at $n.request (D:\\Projects\\ProctorX\\Back-End\\node_modules\\@prisma\\client\\runtime\\library.js:121:6307)\n    at async l (D:\\Projects\\ProctorX\\Back-End\\node_modules\\@prisma\\client\\runtime\\library.js:130:9633)\n    at async Timeout._onTimeout (D:\\Projects\\ProctorX\\Back-End\\src\\config\\scheduler.js:14:30)","timestamp":"2026-07-07 16:00:32"}
{"clientVersion":"5.22.0","code":"P1001","level":"error","message":"Error inside background scheduler tick: \nInvalid `prisma.quiz.findMany()` invocation in\nD:\\Projects\\ProctorX\\Back-End\\src\\config\\scheduler.js:14:48\n\n  11 const now = new Date();\n  12 \n  13 // 1. Auto-start scheduled PENDING quizzes\n→ 14 const pendingQuizzes = await prisma.quiz.findMany(\nCan't reach database server at `ep-rapid-resonance-ao44cup4-pooler.c-2.ap-southeast-1.aws.neon.tech:5432`\n\nPlease make sure your database server is running at `ep-rapid-resonance-ao44cup4-pooler.c-2.ap-southeast-1.aws.neon.tech:5432`.","meta":{"database_host":"ep-rapid-resonance-ao44cup4-pooler.c-2.ap-southeast-1.aws.neon.tech","database_port":5432,"modelName":"Quiz"},"name":"PrismaClientKnownRequestError","service":"proctorx-backend","stack":"PrismaClientKnownRequestError: \nInvalid `prisma.quiz.findMany()` invocation in\nD:\\Projects\\ProctorX\\Back-End\\src\\config\\scheduler.js:14:48\n\n  11 const now = new Date();\n  12 \n  13 // 1. Auto-start scheduled PENDING quizzes\n→ 14 const pendingQuizzes = await prisma.quiz.findMany(\nCan't reach database server at `ep-rapid-resonance-ao44cup4-pooler.c-2.ap-southeast-1.aws.neon.tech:5432`\n\nPlease make sure your database server is running at `ep-rapid-resonance-ao44cup4-pooler.c-2.ap-southeast-1.aws.neon.tech:5432`.\n    at $n.handleRequestError (D:\\Projects\\ProctorX\\Back-End\\node_modules\\@prisma\\client\\runtime\\library.js:121:7315)\n    at $n.handleAndLogRequestError (D:\\Projects\\ProctorX\\Back-End\\node_modules\\@prisma\\client\\runtime\\library.js:121:6623)\n    at $n.request (D:\\Projects\\ProctorX\\Back-End\\node_modules\\@prisma\\client\\runtime\\library.js:121:6307)\n    at async l (D:\\Projects\\ProctorX\\Back-End\\node_modules\\@prisma\\client\\runtime\\library.js:130:9633)\n    at async Timeout._onTimeout (D:\\Projects\\ProctorX\\Back-End\\src\\config\\scheduler.js:14:30)","timestamp":"2026-07-07 16:00:42"}
{"clientVersion":"5.22.0","code":"P1001","level":"error","message":"Error inside background scheduler tick: \nInvalid `prisma.quiz.findMany()` invocation in\nD:\\Projects\\ProctorX\\Back-End\\src\\config\\scheduler.js:14:48\n\n  11 const now = new Date();\n  12 \n  13 // 1. Auto-start scheduled PENDING quizzes\n→ 14 const pendingQuizzes = await prisma.quiz.findMany(\nCan't reach database server at `ep-rapid-resonance-ao44cup4-pooler.c-2.ap-southeast-1.aws.neon.tech:5432`\n\nPlease make sure your database server is running at `ep-rapid-resonance-ao44cup4-pooler.c-2.ap-southeast-1.aws.neon.tech:5432`.","meta":{"database_host":"ep-rapid-resonance-ao44cup4-pooler.c-2.ap-southeast-1.aws.neon.tech","database_port":5432,"modelName":"Quiz"},"name":"PrismaClientKnownRequestError","service":"proctorx-backend","stack":"PrismaClientKnownRequestError: \nInvalid `prisma.quiz.findMany()` invocation in\nD:\\Projects\\ProctorX\\Back-End\\src\\config\\scheduler.js:14:48\n\n  11 const now = new Date();\n  12 \n  13 // 1. Auto-start scheduled PENDING quizzes\n→ 14 const pendingQuizzes = await prisma.quiz.findMany(\nCan't reach database server at `ep-rapid-resonance-ao44cup4-pooler.c-2.ap-southeast-1.aws.neon.tech:5432`\n\nPlease make sure your database server is running at `ep-rapid-resonance-ao44cup4-pooler.c-2.ap-southeast-1.aws.neon.tech:5432`.\n    at $n.handleRequestError (D:\\Projects\\ProctorX\\Back-End\\node_modules\\@prisma\\client\\runtime\\library.js:121:7315)\n    at $n.handleAndLogRequestError (D:\\Projects\\ProctorX\\Back-End\\node_modules\\@prisma\\client\\runtime\\library.js:121:6623)\n    at $n.request (D:\\Projects\\ProctorX\\Back-End\\node_modules\\@prisma\\client\\runtime\\library.js:121:6307)\n    at async l (D:\\Projects\\ProctorX\\Back-End\\node_modules\\@prisma\\client\\runtime\\library.js:130:9633)\n    at async Timeout._onTimeout (D:\\Projects\\ProctorX\\Back-End\\src\\config\\scheduler.js:14:30)","timestamp":"2026-07-07 16:00:52"}
{"clientVersion":"5.22.0","code":"P1001","level":"error","message":"Error inside background scheduler tick: \nInvalid `prisma.quiz.findMany()` invocation in\nD:\\Projects\\ProctorX\\Back-End\\src\\config\\scheduler.js:14:48\n\n  11 const now = new Date();\n  12 \n  13 // 1. Auto-start scheduled PENDING quizzes\n→ 14 const pendingQuizzes = await prisma.quiz.findMany(\nCan't reach database server at `ep-rapid-resonance-ao44cup4-pooler.c-2.ap-southeast-1.aws.neon.tech:5432`\n\nPlease make sure your database server is running at `ep-rapid-resonance-ao44cup4-pooler.c-2.ap-southeast-1.aws.neon.tech:5432`.","meta":{"database_host":"ep-rapid-resonance-ao44cup4-pooler.c-2.ap-southeast-1.aws.neon.tech","database_port":5432,"modelName":"Quiz"},"name":"PrismaClientKnownRequestError","service":"proctorx-backend","stack":"PrismaClientKnownRequestError: \nInvalid `prisma.quiz.findMany()` invocation in\nD:\\Projects\\ProctorX\\Back-End\\src\\config\\scheduler.js:14:48\n\n  11 const now = new Date();\n  12 \n  13 // 1. Auto-start scheduled PENDING quizzes\n→ 14 const pendingQuizzes = await prisma.quiz.findMany(\nCan't reach database server at `ep-rapid-resonance-ao44cup4-pooler.c-2.ap-southeast-1.aws.neon.tech:5432`\n\nPlease make sure your database server is running at `ep-rapid-resonance-ao44cup4-pooler.c-2.ap-southeast-1.aws.neon.tech:5432`.\n    at $n.handleRequestError (D:\\Projects\\ProctorX\\Back-End\\node_modules\\@prisma\\client\\runtime\\library.js:121:7315)\n    at $n.handleAndLogRequestError (D:\\Projects\\ProctorX\\Back-End\\node_modules\\@prisma\\client\\runtime\\library.js:121:6623)\n    at $n.request (D:\\Projects\\ProctorX\\Back-End\\node_modules\\@prisma\\client\\runtime\\library.js:121:6307)\n    at async l (D:\\Projects\\ProctorX\\Back-End\\node_modules\\@prisma\\client\\runtime\\library.js:130:9633)\n    at async Timeout._onTimeout (D:\\Projects\\ProctorX\\Back-End\\src\\config\\scheduler.js:14:30)","timestamp":"2026-07-07 16:01:02"}
{"clientVersion":"5.22.0","code":"P1001","level":"error","message":"Error inside background scheduler tick: \nInvalid `prisma.quiz.findMany()` invocation in\nD:\\Projects\\ProctorX\\Back-End\\src\\config\\scheduler.js:14:48\n\n  11 const now = new Date();\n  12 \n  13 // 1. Auto-start scheduled PENDING quizzes\n→ 14 const pendingQuizzes = await prisma.quiz.findMany(\nCan't reach database server at `ep-rapid-resonance-ao44cup4-pooler.c-2.ap-southeast-1.aws.neon.tech:5432`\n\nPlease make sure your database server is running at `ep-rapid-resonance-ao44cup4-pooler.c-2.ap-southeast-1.aws.neon.tech:5432`.","meta":{"database_host":"ep-rapid-resonance-ao44cup4-pooler.c-2.ap-southeast-1.aws.neon.tech","database_port":5432,"modelName":"Quiz"},"name":"PrismaClientKnownRequestError","service":"proctorx-backend","stack":"PrismaClientKnownRequestError: \nInvalid `prisma.quiz.findMany()` invocation in\nD:\\Projects\\ProctorX\\Back-End\\src\\config\\scheduler.js:14:48\n\n  11 const now = new Date();\n  12 \n  13 // 1. Auto-start scheduled PENDING quizzes\n→ 14 const pendingQuizzes = await prisma.quiz.findMany(\nCan't reach database server at `ep-rapid-resonance-ao44cup4-pooler.c-2.ap-southeast-1.aws.neon.tech:5432`\n\nPlease make sure your database server is running at `ep-rapid-resonance-ao44cup4-pooler.c-2.ap-southeast-1.aws.neon.tech:5432`.\n    at $n.handleRequestError (D:\\Projects\\ProctorX\\Back-End\\node_modules\\@prisma\\client\\runtime\\library.js:121:7315)\n    at $n.handleAndLogRequestError (D:\\Projects\\ProctorX\\Back-End\\node_modules\\@prisma\\client\\runtime\\library.js:121:6623)\n    at $n.request (D:\\Projects\\ProctorX\\Back-End\\node_modules\\@prisma\\client\\runtime\\library.js:121:6307)\n    at async l (D:\\Projects\\ProctorX\\Back-End\\node_modules\\@prisma\\client\\runtime\\library.js:130:9633)\n    at async Timeout._onTimeout (D:\\Projects\\ProctorX\\Back-End\\src\\config\\scheduler.js:14:30)","timestamp":"2026-07-07 16:01:12"}
{"clientVersion":"5.22.0","code":"P1001","level":"error","message":"Error inside background scheduler tick: \nInvalid `prisma.quiz.findMany()` invocation in\nD:\\Projects\\ProctorX\\Back-End\\src\\config\\scheduler.js:14:48\n\n  11 const now = new Date();\n  12 \n  13 // 1. Auto-start scheduled PENDING quizzes\n→ 14 const pendingQuizzes = await prisma.quiz.findMany(\nCan't reach database server at `ep-rapid-resonance-ao44cup4-pooler.c-2.ap-southeast-1.aws.neon.tech:5432`\n\nPlease make sure your database server is running at `ep-rapid-resonance-ao44cup4-pooler.c-2.ap-southeast-1.aws.neon.tech:5432`.","meta":{"database_host":"ep-rapid-resonance-ao44cup4-pooler.c-2.ap-southeast-1.aws.neon.tech","database_port":5432,"modelName":"Quiz"},"name":"PrismaClientKnownRequestError","service":"proctorx-backend","stack":"PrismaClientKnownRequestError: \nInvalid `prisma.quiz.findMany()` invocation in\nD:\\Projects\\ProctorX\\Back-End\\src\\config\\scheduler.js:14:48\n\n  11 const now = new Date();\n  12 \n  13 // 1. Auto-start scheduled PENDING quizzes\n→ 14 const pendingQuizzes = await prisma.quiz.findMany(\nCan't reach database server at `ep-rapid-resonance-ao44cup4-pooler.c-2.ap-southeast-1.aws.neon.tech:5432`\n\nPlease make sure your database server is running at `ep-rapid-resonance-ao44cup4-pooler.c-2.ap-southeast-1.aws.neon.tech:5432`.\n    at $n.handleRequestError (D:\\Projects\\ProctorX\\Back-End\\node_modules\\@prisma\\client\\runtime\\library.js:121:7315)\n    at $n.handleAndLogRequestError (D:\\Projects\\ProctorX\\Back-End\\node_modules\\@prisma\\client\\runtime\\library.js:121:6623)\n    at $n.request (D:\\Projects\\ProctorX\\Back-End\\node_modules\\@prisma\\client\\runtime\\library.js:121:6307)\n    at async l (D:\\Projects\\ProctorX\\Back-End\\node_modules\\@prisma\\client\\runtime\\library.js:130:9633)\n    at async Timeout._onTimeout (D:\\Projects\\ProctorX\\Back-End\\src\\config\\scheduler.js:14:30)","timestamp":"2026-07-07 16:01:22"}
{"clientVersion":"5.22.0","code":"P1001","level":"error","message":"Error inside background scheduler tick: \nInvalid `prisma.quiz.findMany()` invocation in\nD:\\Projects\\ProctorX\\Back-End\\src\\config\\scheduler.js:14:48\n\n  11 const now = new Date();\n  12 \n  13 // 1. Auto-start scheduled PENDING quizzes\n→ 14 const pendingQuizzes = await prisma.quiz.findMany(\nCan't reach database server at `ep-rapid-resonance-ao44cup4-pooler.c-2.ap-southeast-1.aws.neon.tech:5432`\n\nPlease make sure your database server is running at `ep-rapid-resonance-ao44cup4-pooler.c-2.ap-southeast-1.aws.neon.tech:5432`.","meta":{"database_host":"ep-rapid-resonance-ao44cup4-pooler.c-2.ap-southeast-1.aws.neon.tech","database_port":5432,"modelName":"Quiz"},"name":"PrismaClientKnownRequestError","service":"proctorx-backend","stack":"PrismaClientKnownRequestError: \nInvalid `prisma.quiz.findMany()` invocation in\nD:\\Projects\\ProctorX\\Back-End\\src\\config\\scheduler.js:14:48\n\n  11 const now = new Date();\n  12 \n  13 // 1. Auto-start scheduled PENDING quizzes\n→ 14 const pendingQuizzes = await prisma.quiz.findMany(\nCan't reach database server at `ep-rapid-resonance-ao44cup4-pooler.c-2.ap-southeast-1.aws.neon.tech:5432`\n\nPlease make sure your database server is running at `ep-rapid-resonance-ao44cup4-pooler.c-2.ap-southeast-1.aws.neon.tech:5432`.\n    at $n.handleRequestError (D:\\Projects\\ProctorX\\Back-End\\node_modules\\@prisma\\client\\runtime\\library.js:121:7315)\n    at $n.handleAndLogRequestError (D:\\Projects\\ProctorX\\Back-End\\node_modules\\@prisma\\client\\runtime\\library.js:121:6623)\n    at $n.request (D:\\Projects\\ProctorX\\Back-End\\node_modules\\@prisma\\client\\runtime\\library.js:121:6307)\n    at async l (D:\\Projects\\ProctorX\\Back-End\\node_modules\\@prisma\\client\\runtime\\library.js:130:9633)\n    at async Timeout._onTimeout (D:\\Projects\\ProctorX\\Back-End\\src\\config\\scheduler.js:14:30)","timestamp":"2026-07-07 16:01:32"}
{"clientVersion":"5.22.0","code":"P1001","level":"error","message":"Error inside background scheduler tick: \nInvalid `prisma.quiz.findMany()` invocation in\nD:\\Projects\\ProctorX\\Back-End\\src\\config\\scheduler.js:14:48\n\n  11 const now = new Date();\n  12 \n  13 // 1. Auto-start scheduled PENDING quizzes\n→ 14 const pendingQuizzes = await prisma.quiz.findMany(\nCan't reach database server at `ep-rapid-resonance-ao44cup4-pooler.c-2.ap-southeast-1.aws.neon.tech:5432`\n\nPlease make sure your database server is running at `ep-rapid-resonance-ao44cup4-pooler.c-2.ap-southeast-1.aws.neon.tech:5432`.","meta":{"database_host":"ep-rapid-resonance-ao44cup4-pooler.c-2.ap-southeast-1.aws.neon.tech","database_port":5432,"modelName":"Quiz"},"name":"PrismaClientKnownRequestError","service":"proctorx-backend","stack":"PrismaClientKnownRequestError: \nInvalid `prisma.quiz.findMany()` invocation in\nD:\\Projects\\ProctorX\\Back-End\\src\\config\\scheduler.js:14:48\n\n  11 const now = new Date();\n  12 \n  13 // 1. Auto-start scheduled PENDING quizzes\n→ 14 const pendingQuizzes = await prisma.quiz.findMany(\nCan't reach database server at `ep-rapid-resonance-ao44cup4-pooler.c-2.ap-southeast-1.aws.neon.tech:5432`\n\nPlease make sure your database server is running at `ep-rapid-resonance-ao44cup4-pooler.c-2.ap-southeast-1.aws.neon.tech:5432`.\n    at $n.handleRequestError (D:\\Projects\\ProctorX\\Back-End\\node_modules\\@prisma\\client\\runtime\\library.js:121:7315)\n    at $n.handleAndLogRequestError (D:\\Projects\\ProctorX\\Back-End\\node_modules\\@prisma\\client\\runtime\\library.js:121:6623)\n    at $n.request (D:\\Projects\\ProctorX\\Back-End\\node_modules\\@prisma\\client\\runtime\\library.js:121:6307)\n    at async l (D:\\Projects\\ProctorX\\Back-End\\node_modules\\@prisma\\client\\runtime\\library.js:130:9633)\n    at async Timeout._onTimeout (D:\\Projects\\ProctorX\\Back-End\\src\\config\\scheduler.js:14:30)","timestamp":"2026-07-07 16:01:42"}
{"clientVersion":"5.22.0","code":"P1001","level":"error","message":"Error inside background scheduler tick: \nInvalid `prisma.quiz.findMany()` invocation in\nD:\\Projects\\ProctorX\\Back-End\\src\\config\\scheduler.js:14:48\n\n  11 const now = new Date();\n  12 \n  13 // 1. Auto-start scheduled PENDING quizzes\n→ 14 const pendingQuizzes = await prisma.quiz.findMany(\nCan't reach database server at `ep-rapid-resonance-ao44cup4-pooler.c-2.ap-southeast-1.aws.neon.tech:5432`\n\nPlease make sure your database server is running at `ep-rapid-resonance-ao44cup4-pooler.c-2.ap-southeast-1.aws.neon.tech:5432`.","meta":{"database_host":"ep-rapid-resonance-ao44cup4-pooler.c-2.ap-southeast-1.aws.neon.tech","database_port":5432,"modelName":"Quiz"},"name":"PrismaClientKnownRequestError","service":"proctorx-backend","stack":"PrismaClientKnownRequestError: \nInvalid `prisma.quiz.findMany()` invocation in\nD:\\Projects\\ProctorX\\Back-End\\src\\config\\scheduler.js:14:48\n\n  11 const now = new Date();\n  12 \n  13 // 1. Auto-start scheduled PENDING quizzes\n→ 14 const pendingQuizzes = await prisma.quiz.findMany(\nCan't reach database server at `ep-rapid-resonance-ao44cup4-pooler.c-2.ap-southeast-1.aws.neon.tech:5432`\n\nPlease make sure your database server is running at `ep-rapid-resonance-ao44cup4-pooler.c-2.ap-southeast-1.aws.neon.tech:5432`.\n    at $n.handleRequestError (D:\\Projects\\ProctorX\\Back-End\\node_modules\\@prisma\\client\\runtime\\library.js:121:7315)\n    at $n.handleAndLogRequestError (D:\\Projects\\ProctorX\\Back-End\\node_modules\\@prisma\\client\\runtime\\library.js:121:6623)\n    at $n.request (D:\\Projects\\ProctorX\\Back-End\\node_modules\\@prisma\\client\\runtime\\library.js:121:6307)\n    at async l (D:\\Projects\\ProctorX\\Back-End\\node_modules\\@prisma\\client\\runtime\\library.js:130:9633)\n    at async Timeout._onTimeout (D:\\Projects\\ProctorX\\Back-End\\src\\config\\scheduler.js:14:30)","timestamp":"2026-07-07 16:01:52"}
{"clientVersion":"5.22.0","code":"P1001","level":"error","message":"Error inside background scheduler tick: \nInvalid `prisma.quiz.findMany()` invocation in\nD:\\Projects\\ProctorX\\Back-End\\src\\config\\scheduler.js:14:48\n\n  11 const now = new Date();\n  12 \n  13 // 1. Auto-start scheduled PENDING quizzes\n→ 14 const pendingQuizzes = await prisma.quiz.findMany(\nCan't reach database server at `ep-rapid-resonance-ao44cup4-pooler.c-2.ap-southeast-1.aws.neon.tech:5432`\n\nPlease make sure your database server is running at `ep-rapid-resonance-ao44cup4-pooler.c-2.ap-southeast-1.aws.neon.tech:5432`.","meta":{"database_host":"ep-rapid-resonance-ao44cup4-pooler.c-2.ap-southeast-1.aws.neon.tech","database_port":5432,"modelName":"Quiz"},"name":"PrismaClientKnownRequestError","service":"proctorx-backend","stack":"PrismaClientKnownRequestError: \nInvalid `prisma.quiz.findMany()` invocation in\nD:\\Projects\\ProctorX\\Back-End\\src\\config\\scheduler.js:14:48\n\n  11 const now = new Date();\n  12 \n  13 // 1. Auto-start scheduled PENDING quizzes\n→ 14 const pendingQuizzes = await prisma.quiz.findMany(\nCan't reach database server at `ep-rapid-resonance-ao44cup4-pooler.c-2.ap-southeast-1.aws.neon.tech:5432`\n\nPlease make sure your database server is running at `ep-rapid-resonance-ao44cup4-pooler.c-2.ap-southeast-1.aws.neon.tech:5432`.\n    at $n.handleRequestError (D:\\Projects\\ProctorX\\Back-End\\node_modules\\@prisma\\client\\runtime\\library.js:121:7315)\n    at $n.handleAndLogRequestError (D:\\Projects\\ProctorX\\Back-End\\node_modules\\@prisma\\client\\runtime\\library.js:121:6623)\n    at $n.request (D:\\Projects\\ProctorX\\Back-End\\node_modules\\@prisma\\client\\runtime\\library.js:121:6307)\n    at async l (D:\\Projects\\ProctorX\\Back-End\\node_modules\\@prisma\\client\\runtime\\library.js:130:9633)\n    at async Timeout._onTimeout (D:\\Projects\\ProctorX\\Back-End\\src\\config\\scheduler.js:14:30)","timestamp":"2026-07-07 16:02:02"}
{"clientVersion":"5.22.0","code":"P1001","level":"error","message":"Error inside background scheduler tick: \nInvalid `prisma.quiz.findMany()` invocation in\nD:\\Projects\\ProctorX\\Back-End\\src\\config\\scheduler.js:14:48\n\n  11 const now = new Date();\n  12 \n  13 // 1. Auto-start scheduled PENDING quizzes\n→ 14 const pendingQuizzes = await prisma.quiz.findMany(\nCan't reach database server at `ep-rapid-resonance-ao44cup4-pooler.c-2.ap-southeast-1.aws.neon.tech:5432`\n\nPlease make sure your database server is running at `ep-rapid-resonance-ao44cup4-pooler.c-2.ap-southeast-1.aws.neon.tech:5432`.","meta":{"database_host":"ep-rapid-resonance-ao44cup4-pooler.c-2.ap-southeast-1.aws.neon.tech","database_port":5432,"modelName":"Quiz"},"name":"PrismaClientKnownRequestError","service":"proctorx-backend","stack":"PrismaClientKnownRequestError: \nInvalid `prisma.quiz.findMany()` invocation in\nD:\\Projects\\ProctorX\\Back-End\\src\\config\\scheduler.js:14:48\n\n  11 const now = new Date();\n  12 \n  13 // 1. Auto-start scheduled PENDING quizzes\n→ 14 const pendingQuizzes = await prisma.quiz.findMany(\nCan't reach database server at `ep-rapid-resonance-ao44cup4-pooler.c-2.ap-southeast-1.aws.neon.tech:5432`\n\nPlease make sure your database server is running at `ep-rapid-resonance-ao44cup4-pooler.c-2.ap-southeast-1.aws.neon.tech:5432`.\n    at $n.handleRequestError (D:\\Projects\\ProctorX\\Back-End\\node_modules\\@prisma\\client\\runtime\\library.js:121:7315)\n    at $n.handleAndLogRequestError (D:\\Projects\\ProctorX\\Back-End\\node_modules\\@prisma\\client\\runtime\\library.js:121:6623)\n    at $n.request (D:\\Projects\\ProctorX\\Back-End\\node_modules\\@prisma\\client\\runtime\\library.js:121:6307)\n    at async l (D:\\Projects\\ProctorX\\Back-End\\node_modules\\@prisma\\client\\runtime\\library.js:130:9633)\n    at async Timeout._onTimeout (D:\\Projects\\ProctorX\\Back-End\\src\\config\\scheduler.js:14:30)","timestamp":"2026-07-07 16:02:12"}
{"clientVersion":"5.22.0","code":"P1001","level":"error","message":"Error inside background scheduler tick: \nInvalid `prisma.quiz.findMany()` invocation in\nD:\\Projects\\ProctorX\\Back-End\\src\\config\\scheduler.js:14:48\n\n  11 const now = new Date();\n  12 \n  13 // 1. Auto-start scheduled PENDING quizzes\n→ 14 const pendingQuizzes = await prisma.quiz.findMany(\nCan't reach database server at `ep-rapid-resonance-ao44cup4-pooler.c-2.ap-southeast-1.aws.neon.tech:5432`\n\nPlease make sure your database server is running at `ep-rapid-resonance-ao44cup4-pooler.c-2.ap-southeast-1.aws.neon.tech:5432`.","meta":{"database_host":"ep-rapid-resonance-ao44cup4-pooler.c-2.ap-southeast-1.aws.neon.tech","database_port":5432,"modelName":"Quiz"},"name":"PrismaClientKnownRequestError","service":"proctorx-backend","stack":"PrismaClientKnownRequestError: \nInvalid `prisma.quiz.findMany()` invocation in\nD:\\Projects\\ProctorX\\Back-End\\src\\config\\scheduler.js:14:48\n\n  11 const now = new Date();\n  12 \n  13 // 1. Auto-start scheduled PENDING quizzes\n→ 14 const pendingQuizzes = await prisma.quiz.findMany(\nCan't reach database server at `ep-rapid-resonance-ao44cup4-pooler.c-2.ap-southeast-1.aws.neon.tech:5432`\n\nPlease make sure your database server is running at `ep-rapid-resonance-ao44cup4-pooler.c-2.ap-southeast-1.aws.neon.tech:5432`.\n    at $n.handleRequestError (D:\\Projects\\ProctorX\\Back-End\\node_modules\\@prisma\\client\\runtime\\library.js:121:7315)\n    at $n.handleAndLogRequestError (D:\\Projects\\ProctorX\\Back-End\\node_modules\\@prisma\\client\\runtime\\library.js:121:6623)\n    at $n.request (D:\\Projects\\ProctorX\\Back-End\\node_modules\\@prisma\\client\\runtime\\library.js:121:6307)\n    at async l (D:\\Projects\\ProctorX\\Back-End\\node_modules\\@prisma\\client\\runtime\\library.js:130:9633)\n    at async Timeout._onTimeout (D:\\Projects\\ProctorX\\Back-End\\src\\config\\scheduler.js:14:30)","timestamp":"2026-07-07 16:02:22"}
{"clientVersion":"5.22.0","code":"P1001","level":"error","message":"Error inside background scheduler tick: \nInvalid `prisma.quiz.findMany()` invocation in\nD:\\Projects\\ProctorX\\Back-End\\src\\config\\scheduler.js:14:48\n\n  11 const now = new Date();\n  12 \n  13 // 1. Auto-start scheduled PENDING quizzes\n→ 14 const pendingQuizzes = await prisma.quiz.findMany(\nCan't reach database server at `ep-rapid-resonance-ao44cup4-pooler.c-2.ap-southeast-1.aws.neon.tech:5432`\n\nPlease make sure your database server is running at `ep-rapid-resonance-ao44cup4-pooler.c-2.ap-southeast-1.aws.neon.tech:5432`.","meta":{"database_host":"ep-rapid-resonance-ao44cup4-pooler.c-2.ap-southeast-1.aws.neon.tech","database_port":5432,"modelName":"Quiz"},"name":"PrismaClientKnownRequestError","service":"proctorx-backend","stack":"PrismaClientKnownRequestError: \nInvalid `prisma.quiz.findMany()` invocation in\nD:\\Projects\\ProctorX\\Back-End\\src\\config\\scheduler.js:14:48\n\n  11 const now = new Date();\n  12 \n  13 // 1. Auto-start scheduled PENDING quizzes\n→ 14 const pendingQuizzes = await prisma.quiz.findMany(\nCan't reach database server at `ep-rapid-resonance-ao44cup4-pooler.c-2.ap-southeast-1.aws.neon.tech:5432`\n\nPlease make sure your database server is running at `ep-rapid-resonance-ao44cup4-pooler.c-2.ap-southeast-1.aws.neon.tech:5432`.\n    at $n.handleRequestError (D:\\Projects\\ProctorX\\Back-End\\node_modules\\@prisma\\client\\runtime\\library.js:121:7315)\n    at $n.handleAndLogRequestError (D:\\Projects\\ProctorX\\Back-End\\node_modules\\@prisma\\client\\runtime\\library.js:121:6623)\n    at $n.request (D:\\Projects\\ProctorX\\Back-End\\node_modules\\@prisma\\client\\runtime\\library.js:121:6307)\n    at async l (D:\\Projects\\ProctorX\\Back-End\\node_modules\\@prisma\\client\\runtime\\library.js:130:9633)\n    at async Timeout._onTimeout (D:\\Projects\\ProctorX\\Back-End\\src\\config\\scheduler.js:14:30)","timestamp":"2026-07-07 16:02:32"}
{"clientVersion":"5.22.0","code":"P1001","level":"error","message":"Error inside background scheduler tick: \nInvalid `prisma.quiz.findMany()` invocation in\nD:\\Projects\\ProctorX\\Back-End\\src\\config\\scheduler.js:14:48\n\n  11 const now = new Date();\n  12 \n  13 // 1. Auto-start scheduled PENDING quizzes\n→ 14 const pendingQuizzes = await prisma.quiz.findMany(\nCan't reach database server at `ep-rapid-resonance-ao44cup4-pooler.c-2.ap-southeast-1.aws.neon.tech:5432`\n\nPlease make sure your database server is running at `ep-rapid-resonance-ao44cup4-pooler.c-2.ap-southeast-1.aws.neon.tech:5432`.","meta":{"database_host":"ep-rapid-resonance-ao44cup4-pooler.c-2.ap-southeast-1.aws.neon.tech","database_port":5432,"modelName":"Quiz"},"name":"PrismaClientKnownRequestError","service":"proctorx-backend","stack":"PrismaClientKnownRequestError: \nInvalid `prisma.quiz.findMany()` invocation in\nD:\\Projects\\ProctorX\\Back-End\\src\\config\\scheduler.js:14:48\n\n  11 const now = new Date();\n  12 \n  13 // 1. Auto-start scheduled PENDING quizzes\n→ 14 const pendingQuizzes = await prisma.quiz.findMany(\nCan't reach database server at `ep-rapid-resonance-ao44cup4-pooler.c-2.ap-southeast-1.aws.neon.tech:5432`\n\nPlease make sure your database server is running at `ep-rapid-resonance-ao44cup4-pooler.c-2.ap-southeast-1.aws.neon.tech:5432`.\n    at $n.handleRequestError (D:\\Projects\\ProctorX\\Back-End\\node_modules\\@prisma\\client\\runtime\\library.js:121:7315)\n    at $n.handleAndLogRequestError (D:\\Projects\\ProctorX\\Back-End\\node_modules\\@prisma\\client\\runtime\\library.js:121:6623)\n    at $n.request (D:\\Projects\\ProctorX\\Back-End\\node_modules\\@prisma\\client\\runtime\\library.js:121:6307)\n    at async l (D:\\Projects\\ProctorX\\Back-End\\node_modules\\@prisma\\client\\runtime\\library.js:130:9633)\n    at async Timeout._onTimeout (D:\\Projects\\ProctorX\\Back-End\\src\\config\\scheduler.js:14:30)","timestamp":"2026-07-07 16:02:42"}
{"clientVersion":"5.22.0","code":"P1001","level":"error","message":"Error inside background scheduler tick: \nInvalid `prisma.quiz.findMany()` invocation in\nD:\\Projects\\ProctorX\\Back-End\\src\\config\\scheduler.js:14:48\n\n  11 const now = new Date();\n  12 \n  13 // 1. Auto-start scheduled PENDING quizzes\n→ 14 const pendingQuizzes = await prisma.quiz.findMany(\nCan't reach database server at `ep-rapid-resonance-ao44cup4-pooler.c-2.ap-southeast-1.aws.neon.tech:5432`\n\nPlease make sure your database server is running at `ep-rapid-resonance-ao44cup4-pooler.c-2.ap-southeast-1.aws.neon.tech:5432`.","meta":{"database_host":"ep-rapid-resonance-ao44cup4-pooler.c-2.ap-southeast-1.aws.neon.tech","database_port":5432,"modelName":"Quiz"},"name":"PrismaClientKnownRequestError","service":"proctorx-backend","stack":"PrismaClientKnownRequestError: \nInvalid `prisma.quiz.findMany()` invocation in\nD:\\Projects\\ProctorX\\Back-End\\src\\config\\scheduler.js:14:48\n\n  11 const now = new Date();\n  12 \n  13 // 1. Auto-start scheduled PENDING quizzes\n→ 14 const pendingQuizzes = await prisma.quiz.findMany(\nCan't reach database server at `ep-rapid-resonance-ao44cup4-pooler.c-2.ap-southeast-1.aws.neon.tech:5432`\n\nPlease make sure your database server is running at `ep-rapid-resonance-ao44cup4-pooler.c-2.ap-southeast-1.aws.neon.tech:5432`.\n    at $n.handleRequestError (D:\\Projects\\ProctorX\\Back-End\\node_modules\\@prisma\\client\\runtime\\library.js:121:7315)\n    at $n.handleAndLogRequestError (D:\\Projects\\ProctorX\\Back-End\\node_modules\\@prisma\\client\\runtime\\library.js:121:6623)\n    at $n.request (D:\\Projects\\ProctorX\\Back-End\\node_modules\\@prisma\\client\\runtime\\library.js:121:6307)\n    at async l (D:\\Projects\\ProctorX\\Back-End\\node_modules\\@prisma\\client\\runtime\\library.js:130:9633)\n    at async Timeout._onTimeout (D:\\Projects\\ProctorX\\Back-End\\src\\config\\scheduler.js:14:30)","timestamp":"2026-07-07 16:02:52"}
{"clientVersion":"5.22.0","code":"P1001","level":"error","message":"Error inside background scheduler tick: \nInvalid `prisma.quiz.findMany()` invocation in\nD:\\Projects\\ProctorX\\Back-End\\src\\config\\scheduler.js:14:48\n\n  11 const now = new Date();\n  12 \n  13 // 1. Auto-start scheduled PENDING quizzes\n→ 14 const pendingQuizzes = await prisma.quiz.findMany(\nCan't reach database server at `ep-rapid-resonance-ao44cup4-pooler.c-2.ap-southeast-1.aws.neon.tech:5432`\n\nPlease make sure your database server is running at `ep-rapid-resonance-ao44cup4-pooler.c-2.ap-southeast-1.aws.neon.tech:5432`.","meta":{"database_host":"ep-rapid-resonance-ao44cup4-pooler.c-2.ap-southeast-1.aws.neon.tech","database_port":5432,"modelName":"Quiz"},"name":"PrismaClientKnownRequestError","service":"proctorx-backend","stack":"PrismaClientKnownRequestError: \nInvalid `prisma.quiz.findMany()` invocation in\nD:\\Projects\\ProctorX\\Back-End\\src\\config\\scheduler.js:14:48\n\n  11 const now = new Date();\n  12 \n  13 // 1. Auto-start scheduled PENDING quizzes\n→ 14 const pendingQuizzes = await prisma.quiz.findMany(\nCan't reach database server at `ep-rapid-resonance-ao44cup4-pooler.c-2.ap-southeast-1.aws.neon.tech:5432`\n\nPlease make sure your database server is running at `ep-rapid-resonance-ao44cup4-pooler.c-2.ap-southeast-1.aws.neon.tech:5432`.\n    at $n.handleRequestError (D:\\Projects\\ProctorX\\Back-End\\node_modules\\@prisma\\client\\runtime\\library.js:121:7315)\n    at $n.handleAndLogRequestError (D:\\Projects\\ProctorX\\Back-End\\node_modules\\@prisma\\client\\runtime\\library.js:121:6623)\n    at $n.request (D:\\Projects\\ProctorX\\Back-End\\node_modules\\@prisma\\client\\runtime\\library.js:121:6307)\n    at async l (D:\\Projects\\ProctorX\\Back-End\\node_modules\\@prisma\\client\\runtime\\library.js:130:9633)\n    at async Timeout._onTimeout (D:\\Projects\\ProctorX\\Back-End\\src\\config\\scheduler.js:14:30)","timestamp":"2026-07-07 16:03:02"}
{"clientVersion":"5.22.0","code":"P1001","level":"error","message":"Error inside background scheduler tick: \nInvalid `prisma.quiz.findMany()` invocation in\nD:\\Projects\\ProctorX\\Back-End\\src\\config\\scheduler.js:14:48\n\n  11 const now = new Date();\n  12 \n  13 // 1. Auto-start scheduled PENDING quizzes\n→ 14 const pendingQuizzes = await prisma.quiz.findMany(\nCan't reach database server at `ep-rapid-resonance-ao44cup4-pooler.c-2.ap-southeast-1.aws.neon.tech:5432`\n\nPlease make sure your database server is running at `ep-rapid-resonance-ao44cup4-pooler.c-2.ap-southeast-1.aws.neon.tech:5432`.","meta":{"database_host":"ep-rapid-resonance-ao44cup4-pooler.c-2.ap-southeast-1.aws.neon.tech","database_port":5432,"modelName":"Quiz"},"name":"PrismaClientKnownRequestError","service":"proctorx-backend","stack":"PrismaClientKnownRequestError: \nInvalid `prisma.quiz.findMany()` invocation in\nD:\\Projects\\ProctorX\\Back-End\\src\\config\\scheduler.js:14:48\n\n  11 const now = new Date();\n  12 \n  13 // 1. Auto-start scheduled PENDING quizzes\n→ 14 const pendingQuizzes = await prisma.quiz.findMany(\nCan't reach database server at `ep-rapid-resonance-ao44cup4-pooler.c-2.ap-southeast-1.aws.neon.tech:5432`\n\nPlease make sure your database server is running at `ep-rapid-resonance-ao44cup4-pooler.c-2.ap-southeast-1.aws.neon.tech:5432`.\n    at $n.handleRequestError (D:\\Projects\\ProctorX\\Back-End\\node_modules\\@prisma\\client\\runtime\\library.js:121:7315)\n    at $n.handleAndLogRequestError (D:\\Projects\\ProctorX\\Back-End\\node_modules\\@prisma\\client\\runtime\\library.js:121:6623)\n    at $n.request (D:\\Projects\\ProctorX\\Back-End\\node_modules\\@prisma\\client\\runtime\\library.js:121:6307)\n    at async l (D:\\Projects\\ProctorX\\Back-End\\node_modules\\@prisma\\client\\runtime\\library.js:130:9633)\n    at async Timeout._onTimeout (D:\\Projects\\ProctorX\\Back-End\\src\\config\\scheduler.js:14:30)","timestamp":"2026-07-07 16:03:12"}
{"clientVersion":"5.22.0","code":"P1001","level":"error","message":"Error inside background scheduler tick: \nInvalid `prisma.quiz.findMany()` invocation in\nD:\\Projects\\ProctorX\\Back-End\\src\\config\\scheduler.js:14:48\n\n  11 const now = new Date();\n  12 \n  13 // 1. Auto-start scheduled PENDING quizzes\n→ 14 const pendingQuizzes = await prisma.quiz.findMany(\nCan't reach database server at `ep-rapid-resonance-ao44cup4-pooler.c-2.ap-southeast-1.aws.neon.tech:5432`\n\nPlease make sure your database server is running at `ep-rapid-resonance-ao44cup4-pooler.c-2.ap-southeast-1.aws.neon.tech:5432`.","meta":{"database_host":"ep-rapid-resonance-ao44cup4-pooler.c-2.ap-southeast-1.aws.neon.tech","database_port":5432,"modelName":"Quiz"},"name":"PrismaClientKnownRequestError","service":"proctorx-backend","stack":"PrismaClientKnownRequestError: \nInvalid `prisma.quiz.findMany()` invocation in\nD:\\Projects\\ProctorX\\Back-End\\src\\config\\scheduler.js:14:48\n\n  11 const now = new Date();\n  12 \n  13 // 1. Auto-start scheduled PENDING quizzes\n→ 14 const pendingQuizzes = await prisma.quiz.findMany(\nCan't reach database server at `ep-rapid-resonance-ao44cup4-pooler.c-2.ap-southeast-1.aws.neon.tech:5432`\n\nPlease make sure your database server is running at `ep-rapid-resonance-ao44cup4-pooler.c-2.ap-southeast-1.aws.neon.tech:5432`.\n    at $n.handleRequestError (D:\\Projects\\ProctorX\\Back-End\\node_modules\\@prisma\\client\\runtime\\library.js:121:7315)\n    at $n.handleAndLogRequestError (D:\\Projects\\ProctorX\\Back-End\\node_modules\\@prisma\\client\\runtime\\library.js:121:6623)\n    at $n.request (D:\\Projects\\ProctorX\\Back-End\\node_modules\\@prisma\\client\\runtime\\library.js:121:6307)\n    at async l (D:\\Projects\\ProctorX\\Back-End\\node_modules\\@prisma\\client\\runtime\\library.js:130:9633)\n    at async Timeout._onTimeout (D:\\Projects\\ProctorX\\Back-End\\src\\config\\scheduler.js:14:30)","timestamp":"2026-07-07 16:03:22"}
{"clientVersion":"5.22.0","code":"P1001","level":"error","message":"Error inside background scheduler tick: \nInvalid `prisma.quiz.findMany()` invocation in\nD:\\Projects\\ProctorX\\Back-End\\src\\config\\scheduler.js:14:48\n\n  11 const now = new Date();\n  12 \n  13 // 1. Auto-start scheduled PENDING quizzes\n→ 14 const pendingQuizzes = await prisma.quiz.findMany(\nCan't reach database server at `ep-rapid-resonance-ao44cup4-pooler.c-2.ap-southeast-1.aws.neon.tech:5432`\n\nPlease make sure your database server is running at `ep-rapid-resonance-ao44cup4-pooler.c-2.ap-southeast-1.aws.neon.tech:5432`.","meta":{"database_host":"ep-rapid-resonance-ao44cup4-pooler.c-2.ap-southeast-1.aws.neon.tech","database_port":5432,"modelName":"Quiz"},"name":"PrismaClientKnownRequestError","service":"proctorx-backend","stack":"PrismaClientKnownRequestError: \nInvalid `prisma.quiz.findMany()` invocation in\nD:\\Projects\\ProctorX\\Back-End\\src\\config\\scheduler.js:14:48\n\n  11 const now = new Date();\n  12 \n  13 // 1. Auto-start scheduled PENDING quizzes\n→ 14 const pendingQuizzes = await prisma.quiz.findMany(\nCan't reach database server at `ep-rapid-resonance-ao44cup4-pooler.c-2.ap-southeast-1.aws.neon.tech:5432`\n\nPlease make sure your database server is running at `ep-rapid-resonance-ao44cup4-pooler.c-2.ap-southeast-1.aws.neon.tech:5432`.\n    at $n.handleRequestError (D:\\Projects\\ProctorX\\Back-End\\node_modules\\@prisma\\client\\runtime\\library.js:121:7315)\n    at $n.handleAndLogRequestError (D:\\Projects\\ProctorX\\Back-End\\node_modules\\@prisma\\client\\runtime\\library.js:121:6623)\n    at $n.request (D:\\Projects\\ProctorX\\Back-End\\node_modules\\@prisma\\client\\runtime\\library.js:121:6307)\n    at async l (D:\\Projects\\ProctorX\\Back-End\\node_modules\\@prisma\\client\\runtime\\library.js:130:9633)\n    at async Timeout._onTimeout (D:\\Projects\\ProctorX\\Back-End\\src\\config\\scheduler.js:14:30)","timestamp":"2026-07-07 16:03:32"}
{"clientVersion":"5.22.0","code":"P1001","level":"error","message":"Error inside background scheduler tick: \nInvalid `prisma.quiz.findMany()` invocation in\nD:\\Projects\\ProctorX\\Back-End\\src\\config\\scheduler.js:14:48\n\n  11 const now = new Date();\n  12 \n  13 // 1. Auto-start scheduled PENDING quizzes\n→ 14 const pendingQuizzes = await prisma.quiz.findMany(\nCan't reach database server at `ep-rapid-resonance-ao44cup4-pooler.c-2.ap-southeast-1.aws.neon.tech:5432`\n\nPlease make sure your database server is running at `ep-rapid-resonance-ao44cup4-pooler.c-2.ap-southeast-1.aws.neon.tech:5432`.","meta":{"database_host":"ep-rapid-resonance-ao44cup4-pooler.c-2.ap-southeast-1.aws.neon.tech","database_port":5432,"modelName":"Quiz"},"name":"PrismaClientKnownRequestError","service":"proctorx-backend","stack":"PrismaClientKnownRequestError: \nInvalid `prisma.quiz.findMany()` invocation in\nD:\\Projects\\ProctorX\\Back-End\\src\\config\\scheduler.js:14:48\n\n  11 const now = new Date();\n  12 \n  13 // 1. Auto-start scheduled PENDING quizzes\n→ 14 const pendingQuizzes = await prisma.quiz.findMany(\nCan't reach database server at `ep-rapid-resonance-ao44cup4-pooler.c-2.ap-southeast-1.aws.neon.tech:5432`\n\nPlease make sure your database server is running at `ep-rapid-resonance-ao44cup4-pooler.c-2.ap-southeast-1.aws.neon.tech:5432`.\n    at $n.handleRequestError (D:\\Projects\\ProctorX\\Back-End\\node_modules\\@prisma\\client\\runtime\\library.js:121:7315)\n    at $n.handleAndLogRequestError (D:\\Projects\\ProctorX\\Back-End\\node_modules\\@prisma\\client\\runtime\\library.js:121:6623)\n    at $n.request (D:\\Projects\\ProctorX\\Back-End\\node_modules\\@prisma\\client\\runtime\\library.js:121:6307)\n    at async l (D:\\Projects\\ProctorX\\Back-End\\node_modules\\@prisma\\client\\runtime\\library.js:130:9633)\n    at async Timeout._onTimeout (D:\\Projects\\ProctorX\\Back-End\\src\\config\\scheduler.js:14:30)","timestamp":"2026-07-07 16:03:42"}
{"clientVersion":"5.22.0","code":"P1001","level":"error","message":"Error inside background scheduler tick: \nInvalid `prisma.quiz.findMany()` invocation in\nD:\\Projects\\ProctorX\\Back-End\\src\\config\\scheduler.js:14:48\n\n  11 const now = new Date();\n  12 \n  13 // 1. Auto-start scheduled PENDING quizzes\n→ 14 const pendingQuizzes = await prisma.quiz.findMany(\nCan't reach database server at `ep-rapid-resonance-ao44cup4-pooler.c-2.ap-southeast-1.aws.neon.tech:5432`\n\nPlease make sure your database server is running at `ep-rapid-resonance-ao44cup4-pooler.c-2.ap-southeast-1.aws.neon.tech:5432`.","meta":{"database_host":"ep-rapid-resonance-ao44cup4-pooler.c-2.ap-southeast-1.aws.neon.tech","database_port":5432,"modelName":"Quiz"},"name":"PrismaClientKnownRequestError","service":"proctorx-backend","stack":"PrismaClientKnownRequestError: \nInvalid `prisma.quiz.findMany()` invocation in\nD:\\Projects\\ProctorX\\Back-End\\src\\config\\scheduler.js:14:48\n\n  11 const now = new Date();\n  12 \n  13 // 1. Auto-start scheduled PENDING quizzes\n→ 14 const pendingQuizzes = await prisma.quiz.findMany(\nCan't reach database server at `ep-rapid-resonance-ao44cup4-pooler.c-2.ap-southeast-1.aws.neon.tech:5432`\n\nPlease make sure your database server is running at `ep-rapid-resonance-ao44cup4-pooler.c-2.ap-southeast-1.aws.neon.tech:5432`.\n    at $n.handleRequestError (D:\\Projects\\ProctorX\\Back-End\\node_modules\\@prisma\\client\\runtime\\library.js:121:7315)\n    at $n.handleAndLogRequestError (D:\\Projects\\ProctorX\\Back-End\\node_modules\\@prisma\\client\\runtime\\library.js:121:6623)\n    at $n.request (D:\\Projects\\ProctorX\\Back-End\\node_modules\\@prisma\\client\\runtime\\library.js:121:6307)\n    at async l (D:\\Projects\\ProctorX\\Back-End\\node_modules\\@prisma\\client\\runtime\\library.js:130:9633)\n    at async Timeout._onTimeout (D:\\Projects\\ProctorX\\Back-End\\src\\config\\scheduler.js:14:30)","timestamp":"2026-07-07 16:03:52"}
{"clientVersion":"5.22.0","code":"P1001","level":"error","message":"Error inside background scheduler tick: \nInvalid `prisma.quiz.findMany()` invocation in\nD:\\Projects\\ProctorX\\Back-End\\src\\config\\scheduler.js:14:48\n\n  11 const now = new Date();\n  12 \n  13 // 1. Auto-start scheduled PENDING quizzes\n→ 14 const pendingQuizzes = await prisma.quiz.findMany(\nCan't reach database server at `ep-rapid-resonance-ao44cup4-pooler.c-2.ap-southeast-1.aws.neon.tech:5432`\n\nPlease make sure your database server is running at `ep-rapid-resonance-ao44cup4-pooler.c-2.ap-southeast-1.aws.neon.tech:5432`.","meta":{"database_host":"ep-rapid-resonance-ao44cup4-pooler.c-2.ap-southeast-1.aws.neon.tech","database_port":5432,"modelName":"Quiz"},"name":"PrismaClientKnownRequestError","service":"proctorx-backend","stack":"PrismaClientKnownRequestError: \nInvalid `prisma.quiz.findMany()` invocation in\nD:\\Projects\\ProctorX\\Back-End\\src\\config\\scheduler.js:14:48\n\n  11 const now = new Date();\n  12 \n  13 // 1. Auto-start scheduled PENDING quizzes\n→ 14 const pendingQuizzes = await prisma.quiz.findMany(\nCan't reach database server at `ep-rapid-resonance-ao44cup4-pooler.c-2.ap-southeast-1.aws.neon.tech:5432`\n\nPlease make sure your database server is running at `ep-rapid-resonance-ao44cup4-pooler.c-2.ap-southeast-1.aws.neon.tech:5432`.\n    at $n.handleRequestError (D:\\Projects\\ProctorX\\Back-End\\node_modules\\@prisma\\client\\runtime\\library.js:121:7315)\n    at $n.handleAndLogRequestError (D:\\Projects\\ProctorX\\Back-End\\node_modules\\@prisma\\client\\runtime\\library.js:121:6623)\n    at $n.request (D:\\Projects\\ProctorX\\Back-End\\node_modules\\@prisma\\client\\runtime\\library.js:121:6307)\n    at async l (D:\\Projects\\ProctorX\\Back-End\\node_modules\\@prisma\\client\\runtime\\library.js:130:9633)\n    at async Timeout._onTimeout (D:\\Projects\\ProctorX\\Back-End\\src\\config\\scheduler.js:14:30)","timestamp":"2026-07-07 16:04:02"}
{"clientVersion":"5.22.0","code":"P1001","level":"error","message":"Error inside background scheduler tick: \nInvalid `prisma.quiz.findMany()` invocation in\nD:\\Projects\\ProctorX\\Back-End\\src\\config\\scheduler.js:14:48\n\n  11 const now = new Date();\n  12 \n  13 // 1. Auto-start scheduled PENDING quizzes\n→ 14 const pendingQuizzes = await prisma.quiz.findMany(\nCan't reach database server at `ep-rapid-resonance-ao44cup4-pooler.c-2.ap-southeast-1.aws.neon.tech:5432`\n\nPlease make sure your database server is running at `ep-rapid-resonance-ao44cup4-pooler.c-2.ap-southeast-1.aws.neon.tech:5432`.","meta":{"database_host":"ep-rapid-resonance-ao44cup4-pooler.c-2.ap-southeast-1.aws.neon.tech","database_port":5432,"modelName":"Quiz"},"name":"PrismaClientKnownRequestError","service":"proctorx-backend","stack":"PrismaClientKnownRequestError: \nInvalid `prisma.quiz.findMany()` invocation in\nD:\\Projects\\ProctorX\\Back-End\\src\\config\\scheduler.js:14:48\n\n  11 const now = new Date();\n  12 \n  13 // 1. Auto-start scheduled PENDING quizzes\n→ 14 const pendingQuizzes = await prisma.quiz.findMany(\nCan't reach database server at `ep-rapid-resonance-ao44cup4-pooler.c-2.ap-southeast-1.aws.neon.tech:5432`\n\nPlease make sure your database server is running at `ep-rapid-resonance-ao44cup4-pooler.c-2.ap-southeast-1.aws.neon.tech:5432`.\n    at $n.handleRequestError (D:\\Projects\\ProctorX\\Back-End\\node_modules\\@prisma\\client\\runtime\\library.js:121:7315)\n    at $n.handleAndLogRequestError (D:\\Projects\\ProctorX\\Back-End\\node_modules\\@prisma\\client\\runtime\\library.js:121:6623)\n    at $n.request (D:\\Projects\\ProctorX\\Back-End\\node_modules\\@prisma\\client\\runtime\\library.js:121:6307)\n    at async l (D:\\Projects\\ProctorX\\Back-End\\node_modules\\@prisma\\client\\runtime\\library.js:130:9633)\n    at async Timeout._onTimeout (D:\\Projects\\ProctorX\\Back-End\\src\\config\\scheduler.js:14:30)","timestamp":"2026-07-07 16:04:12"}
{"clientVersion":"5.22.0","code":"P1001","level":"error","message":"Error inside background scheduler tick: \nInvalid `prisma.quiz.findMany()` invocation in\nD:\\Projects\\ProctorX\\Back-End\\src\\config\\scheduler.js:14:48\n\n  11 const now = new Date();\n  12 \n  13 // 1. Auto-start scheduled PENDING quizzes\n→ 14 const pendingQuizzes = await prisma.quiz.findMany(\nCan't reach database server at `ep-rapid-resonance-ao44cup4-pooler.c-2.ap-southeast-1.aws.neon.tech:5432`\n\nPlease make sure your database server is running at `ep-rapid-resonance-ao44cup4-pooler.c-2.ap-southeast-1.aws.neon.tech:5432`.","meta":{"database_host":"ep-rapid-resonance-ao44cup4-pooler.c-2.ap-southeast-1.aws.neon.tech","database_port":5432,"modelName":"Quiz"},"name":"PrismaClientKnownRequestError","service":"proctorx-backend","stack":"PrismaClientKnownRequestError: \nInvalid `prisma.quiz.findMany()` invocation in\nD:\\Projects\\ProctorX\\Back-End\\src\\config\\scheduler.js:14:48\n\n  11 const now = new Date();\n  12 \n  13 // 1. Auto-start scheduled PENDING quizzes\n→ 14 const pendingQuizzes = await prisma.quiz.findMany(\nCan't reach database server at `ep-rapid-resonance-ao44cup4-pooler.c-2.ap-southeast-1.aws.neon.tech:5432`\n\nPlease make sure your database server is running at `ep-rapid-resonance-ao44cup4-pooler.c-2.ap-southeast-1.aws.neon.tech:5432`.\n    at $n.handleRequestError (D:\\Projects\\ProctorX\\Back-End\\node_modules\\@prisma\\client\\runtime\\library.js:121:7315)\n    at $n.handleAndLogRequestError (D:\\Projects\\ProctorX\\Back-End\\node_modules\\@prisma\\client\\runtime\\library.js:121:6623)\n    at $n.request (D:\\Projects\\ProctorX\\Back-End\\node_modules\\@prisma\\client\\runtime\\library.js:121:6307)\n    at async l (D:\\Projects\\ProctorX\\Back-End\\node_modules\\@prisma\\client\\runtime\\library.js:130:9633)\n    at async Timeout._onTimeout (D:\\Projects\\ProctorX\\Back-End\\src\\config\\scheduler.js:14:30)","timestamp":"2026-07-07 16:04:22"}
{"clientVersion":"5.22.0","code":"P1001","level":"error","message":"Error inside background scheduler tick: \nInvalid `prisma.quiz.findMany()` invocation in\nD:\\Projects\\ProctorX\\Back-End\\src\\config\\scheduler.js:14:48\n\n  11 const now = new Date();\n  12 \n  13 // 1. Auto-start scheduled PENDING quizzes\n→ 14 const pendingQuizzes = await prisma.quiz.findMany(\nCan't reach database server at `ep-rapid-resonance-ao44cup4-pooler.c-2.ap-southeast-1.aws.neon.tech:5432`\n\nPlease make sure your database server is running at `ep-rapid-resonance-ao44cup4-pooler.c-2.ap-southeast-1.aws.neon.tech:5432`.","meta":{"database_host":"ep-rapid-resonance-ao44cup4-pooler.c-2.ap-southeast-1.aws.neon.tech","database_port":5432,"modelName":"Quiz"},"name":"PrismaClientKnownRequestError","service":"proctorx-backend","stack":"PrismaClientKnownRequestError: \nInvalid `prisma.quiz.findMany()` invocation in\nD:\\Projects\\ProctorX\\Back-End\\src\\config\\scheduler.js:14:48\n\n  11 const now = new Date();\n  12 \n  13 // 1. Auto-start scheduled PENDING quizzes\n→ 14 const pendingQuizzes = await prisma.quiz.findMany(\nCan't reach database server at `ep-rapid-resonance-ao44cup4-pooler.c-2.ap-southeast-1.aws.neon.tech:5432`\n\nPlease make sure your database server is running at `ep-rapid-resonance-ao44cup4-pooler.c-2.ap-southeast-1.aws.neon.tech:5432`.\n    at $n.handleRequestError (D:\\Projects\\ProctorX\\Back-End\\node_modules\\@prisma\\client\\runtime\\library.js:121:7315)\n    at $n.handleAndLogRequestError (D:\\Projects\\ProctorX\\Back-End\\node_modules\\@prisma\\client\\runtime\\library.js:121:6623)\n    at $n.request (D:\\Projects\\ProctorX\\Back-End\\node_modules\\@prisma\\client\\runtime\\library.js:121:6307)\n    at async l (D:\\Projects\\ProctorX\\Back-End\\node_modules\\@prisma\\client\\runtime\\library.js:130:9633)\n    at async Timeout._onTimeout (D:\\Projects\\ProctorX\\Back-End\\src\\config\\scheduler.js:14:30)","timestamp":"2026-07-07 16:04:32"}
{"clientVersion":"5.22.0","code":"P1001","level":"error","message":"Error inside background scheduler tick: \nInvalid `prisma.quiz.findMany()` invocation in\nD:\\Projects\\ProctorX\\Back-End\\src\\config\\scheduler.js:14:48\n\n  11 const now = new Date();\n  12 \n  13 // 1. Auto-start scheduled PENDING quizzes\n→ 14 const pendingQuizzes = await prisma.quiz.findMany(\nCan't reach database server at `ep-rapid-resonance-ao44cup4-pooler.c-2.ap-southeast-1.aws.neon.tech:5432`\n\nPlease make sure your database server is running at `ep-rapid-resonance-ao44cup4-pooler.c-2.ap-southeast-1.aws.neon.tech:5432`.","meta":{"database_host":"ep-rapid-resonance-ao44cup4-pooler.c-2.ap-southeast-1.aws.neon.tech","database_port":5432,"modelName":"Quiz"},"name":"PrismaClientKnownRequestError","service":"proctorx-backend","stack":"PrismaClientKnownRequestError: \nInvalid `prisma.quiz.findMany()` invocation in\nD:\\Projects\\ProctorX\\Back-End\\src\\config\\scheduler.js:14:48\n\n  11 const now = new Date();\n  12 \n  13 // 1. Auto-start scheduled PENDING quizzes\n→ 14 const pendingQuizzes = await prisma.quiz.findMany(\nCan't reach database server at `ep-rapid-resonance-ao44cup4-pooler.c-2.ap-southeast-1.aws.neon.tech:5432`\n\nPlease make sure your database server is running at `ep-rapid-resonance-ao44cup4-pooler.c-2.ap-southeast-1.aws.neon.tech:5432`.\n    at $n.handleRequestError (D:\\Projects\\ProctorX\\Back-End\\node_modules\\@prisma\\client\\runtime\\library.js:121:7315)\n    at $n.handleAndLogRequestError (D:\\Projects\\ProctorX\\Back-End\\node_modules\\@prisma\\client\\runtime\\library.js:121:6623)\n    at $n.request (D:\\Projects\\ProctorX\\Back-End\\node_modules\\@prisma\\client\\runtime\\library.js:121:6307)\n    at async l (D:\\Projects\\ProctorX\\Back-End\\node_modules\\@prisma\\client\\runtime\\library.js:130:9633)\n    at async Timeout._onTimeout (D:\\Projects\\ProctorX\\Back-End\\src\\config\\scheduler.js:14:30)","timestamp":"2026-07-07 16:04:42"}
{"clientVersion":"5.22.0","code":"P1001","level":"error","message":"Error inside background scheduler tick: \nInvalid `prisma.quiz.findMany()` invocation in\nD:\\Projects\\ProctorX\\Back-End\\src\\config\\scheduler.js:14:48\n\n  11 const now = new Date();\n  12 \n  13 // 1. Auto-start scheduled PENDING quizzes\n→ 14 const pendingQuizzes = await prisma.quiz.findMany(\nCan't reach database server at `ep-rapid-resonance-ao44cup4-pooler.c-2.ap-southeast-1.aws.neon.tech:5432`\n\nPlease make sure your database server is running at `ep-rapid-resonance-ao44cup4-pooler.c-2.ap-southeast-1.aws.neon.tech:5432`.","meta":{"database_host":"ep-rapid-resonance-ao44cup4-pooler.c-2.ap-southeast-1.aws.neon.tech","database_port":5432,"modelName":"Quiz"},"name":"PrismaClientKnownRequestError","service":"proctorx-backend","stack":"PrismaClientKnownRequestError: \nInvalid `prisma.quiz.findMany()` invocation in\nD:\\Projects\\ProctorX\\Back-End\\src\\config\\scheduler.js:14:48\n\n  11 const now = new Date();\n  12 \n  13 // 1. Auto-start scheduled PENDING quizzes\n→ 14 const pendingQuizzes = await prisma.quiz.findMany(\nCan't reach database server at `ep-rapid-resonance-ao44cup4-pooler.c-2.ap-southeast-1.aws.neon.tech:5432`\n\nPlease make sure your database server is running at `ep-rapid-resonance-ao44cup4-pooler.c-2.ap-southeast-1.aws.neon.tech:5432`.\n    at $n.handleRequestError (D:\\Projects\\ProctorX\\Back-End\\node_modules\\@prisma\\client\\runtime\\library.js:121:7315)\n    at $n.handleAndLogRequestError (D:\\Projects\\ProctorX\\Back-End\\node_modules\\@prisma\\client\\runtime\\library.js:121:6623)\n    at $n.request (D:\\Projects\\ProctorX\\Back-End\\node_modules\\@prisma\\client\\runtime\\library.js:121:6307)\n    at async l (D:\\Projects\\ProctorX\\Back-End\\node_modules\\@prisma\\client\\runtime\\library.js:130:9633)\n    at async Timeout._onTimeout (D:\\Projects\\ProctorX\\Back-End\\src\\config\\scheduler.js:14:30)","timestamp":"2026-07-07 16:04:52"}
{"clientVersion":"5.22.0","code":"P1001","level":"error","message":"Error inside background scheduler tick: \nInvalid `prisma.quiz.findMany()` invocation in\nD:\\Projects\\ProctorX\\Back-End\\src\\config\\scheduler.js:14:48\n\n  11 const now = new Date();\n  12 \n  13 // 1. Auto-start scheduled PENDING quizzes\n→ 14 const pendingQuizzes = await prisma.quiz.findMany(\nCan't reach database server at `ep-rapid-resonance-ao44cup4-pooler.c-2.ap-southeast-1.aws.neon.tech:5432`\n\nPlease make sure your database server is running at `ep-rapid-resonance-ao44cup4-pooler.c-2.ap-southeast-1.aws.neon.tech:5432`.","meta":{"database_host":"ep-rapid-resonance-ao44cup4-pooler.c-2.ap-southeast-1.aws.neon.tech","database_port":5432,"modelName":"Quiz"},"name":"PrismaClientKnownRequestError","service":"proctorx-backend","stack":"PrismaClientKnownRequestError: \nInvalid `prisma.quiz.findMany()` invocation in\nD:\\Projects\\ProctorX\\Back-End\\src\\config\\scheduler.js:14:48\n\n  11 const now = new Date();\n  12 \n  13 // 1. Auto-start scheduled PENDING quizzes\n→ 14 const pendingQuizzes = await prisma.quiz.findMany(\nCan't reach database server at `ep-rapid-resonance-ao44cup4-pooler.c-2.ap-southeast-1.aws.neon.tech:5432`\n\nPlease make sure your database server is running at `ep-rapid-resonance-ao44cup4-pooler.c-2.ap-southeast-1.aws.neon.tech:5432`.\n    at $n.handleRequestError (D:\\Projects\\ProctorX\\Back-End\\node_modules\\@prisma\\client\\runtime\\library.js:121:7315)\n    at $n.handleAndLogRequestError (D:\\Projects\\ProctorX\\Back-End\\node_modules\\@prisma\\client\\runtime\\library.js:121:6623)\n    at $n.request (D:\\Projects\\ProctorX\\Back-End\\node_modules\\@prisma\\client\\runtime\\library.js:121:6307)\n    at async l (D:\\Projects\\ProctorX\\Back-End\\node_modules\\@prisma\\client\\runtime\\library.js:130:9633)\n    at async Timeout._onTimeout (D:\\Projects\\ProctorX\\Back-End\\src\\config\\scheduler.js:14:30)","timestamp":"2026-07-07 16:05:02"}
{"clientVersion":"5.22.0","code":"P1001","level":"error","message":"Error inside background scheduler tick: \nInvalid `prisma.quiz.findMany()` invocation in\nD:\\Projects\\ProctorX\\Back-End\\src\\config\\scheduler.js:14:48\n\n  11 const now = new Date();\n  12 \n  13 // 1. Auto-start scheduled PENDING quizzes\n→ 14 const pendingQuizzes = await prisma.quiz.findMany(\nCan't reach database server at `ep-rapid-resonance-ao44cup4-pooler.c-2.ap-southeast-1.aws.neon.tech:5432`\n\nPlease make sure your database server is running at `ep-rapid-resonance-ao44cup4-pooler.c-2.ap-southeast-1.aws.neon.tech:5432`.","meta":{"database_host":"ep-rapid-resonance-ao44cup4-pooler.c-2.ap-southeast-1.aws.neon.tech","database_port":5432,"modelName":"Quiz"},"name":"PrismaClientKnownRequestError","service":"proctorx-backend","stack":"PrismaClientKnownRequestError: \nInvalid `prisma.quiz.findMany()` invocation in\nD:\\Projects\\ProctorX\\Back-End\\src\\config\\scheduler.js:14:48\n\n  11 const now = new Date();\n  12 \n  13 // 1. Auto-start scheduled PENDING quizzes\n→ 14 const pendingQuizzes = await prisma.quiz.findMany(\nCan't reach database server at `ep-rapid-resonance-ao44cup4-pooler.c-2.ap-southeast-1.aws.neon.tech:5432`\n\nPlease make sure your database server is running at `ep-rapid-resonance-ao44cup4-pooler.c-2.ap-southeast-1.aws.neon.tech:5432`.\n    at $n.handleRequestError (D:\\Projects\\ProctorX\\Back-End\\node_modules\\@prisma\\client\\runtime\\library.js:121:7315)\n    at $n.handleAndLogRequestError (D:\\Projects\\ProctorX\\Back-End\\node_modules\\@prisma\\client\\runtime\\library.js:121:6623)\n    at $n.request (D:\\Projects\\ProctorX\\Back-End\\node_modules\\@prisma\\client\\runtime\\library.js:121:6307)\n    at async l (D:\\Projects\\ProctorX\\Back-End\\node_modules\\@prisma\\client\\runtime\\library.js:130:9633)\n    at async Timeout._onTimeout (D:\\Projects\\ProctorX\\Back-End\\src\\config\\scheduler.js:14:30)","timestamp":"2026-07-07 16:05:12"}
{"clientVersion":"5.22.0","code":"P1001","level":"error","message":"Error inside background scheduler tick: \nInvalid `prisma.quiz.findMany()` invocation in\nD:\\Projects\\ProctorX\\Back-End\\src\\config\\scheduler.js:14:48\n\n  11 const now = new Date();\n  12 \n  13 // 1. Auto-start scheduled PENDING quizzes\n→ 14 const pendingQuizzes = await prisma.quiz.findMany(\nCan't reach database server at `ep-rapid-resonance-ao44cup4-pooler.c-2.ap-southeast-1.aws.neon.tech:5432`\n\nPlease make sure your database server is running at `ep-rapid-resonance-ao44cup4-pooler.c-2.ap-southeast-1.aws.neon.tech:5432`.","meta":{"database_host":"ep-rapid-resonance-ao44cup4-pooler.c-2.ap-southeast-1.aws.neon.tech","database_port":5432,"modelName":"Quiz"},"name":"PrismaClientKnownRequestError","service":"proctorx-backend","stack":"PrismaClientKnownRequestError: \nInvalid `prisma.quiz.findMany()` invocation in\nD:\\Projects\\ProctorX\\Back-End\\src\\config\\scheduler.js:14:48\n\n  11 const now = new Date();\n  12 \n  13 // 1. Auto-start scheduled PENDING quizzes\n→ 14 const pendingQuizzes = await prisma.quiz.findMany(\nCan't reach database server at `ep-rapid-resonance-ao44cup4-pooler.c-2.ap-southeast-1.aws.neon.tech:5432`\n\nPlease make sure your database server is running at `ep-rapid-resonance-ao44cup4-pooler.c-2.ap-southeast-1.aws.neon.tech:5432`.\n    at $n.handleRequestError (D:\\Projects\\ProctorX\\Back-End\\node_modules\\@prisma\\client\\runtime\\library.js:121:7315)\n    at $n.handleAndLogRequestError (D:\\Projects\\ProctorX\\Back-End\\node_modules\\@prisma\\client\\runtime\\library.js:121:6623)\n    at $n.request (D:\\Projects\\ProctorX\\Back-End\\node_modules\\@prisma\\client\\runtime\\library.js:121:6307)\n    at async l (D:\\Projects\\ProctorX\\Back-End\\node_modules\\@prisma\\client\\runtime\\library.js:130:9633)\n    at async Timeout._onTimeout (D:\\Projects\\ProctorX\\Back-End\\src\\config\\scheduler.js:14:30)","timestamp":"2026-07-07 16:05:22"}
{"clientVersion":"5.22.0","code":"P1001","level":"error","message":"Error inside background scheduler tick: \nInvalid `prisma.quiz.findMany()` invocation in\nD:\\Projects\\ProctorX\\Back-End\\src\\config\\scheduler.js:14:48\n\n  11 const now = new Date();\n  12 \n  13 // 1. Auto-start scheduled PENDING quizzes\n→ 14 const pendingQuizzes = await prisma.quiz.findMany(\nCan't reach database server at `ep-rapid-resonance-ao44cup4-pooler.c-2.ap-southeast-1.aws.neon.tech:5432`\n\nPlease make sure your database server is running at `ep-rapid-resonance-ao44cup4-pooler.c-2.ap-southeast-1.aws.neon.tech:5432`.","meta":{"database_host":"ep-rapid-resonance-ao44cup4-pooler.c-2.ap-southeast-1.aws.neon.tech","database_port":5432,"modelName":"Quiz"},"name":"PrismaClientKnownRequestError","service":"proctorx-backend","stack":"PrismaClientKnownRequestError: \nInvalid `prisma.quiz.findMany()` invocation in\nD:\\Projects\\ProctorX\\Back-End\\src\\config\\scheduler.js:14:48\n\n  11 const now = new Date();\n  12 \n  13 // 1. Auto-start scheduled PENDING quizzes\n→ 14 const pendingQuizzes = await prisma.quiz.findMany(\nCan't reach database server at `ep-rapid-resonance-ao44cup4-pooler.c-2.ap-southeast-1.aws.neon.tech:5432`\n\nPlease make sure your database server is running at `ep-rapid-resonance-ao44cup4-pooler.c-2.ap-southeast-1.aws.neon.tech:5432`.\n    at $n.handleRequestError (D:\\Projects\\ProctorX\\Back-End\\node_modules\\@prisma\\client\\runtime\\library.js:121:7315)\n    at $n.handleAndLogRequestError (D:\\Projects\\ProctorX\\Back-End\\node_modules\\@prisma\\client\\runtime\\library.js:121:6623)\n    at $n.request (D:\\Projects\\ProctorX\\Back-End\\node_modules\\@prisma\\client\\runtime\\library.js:121:6307)\n    at async l (D:\\Projects\\ProctorX\\Back-End\\node_modules\\@prisma\\client\\runtime\\library.js:130:9633)\n    at async Timeout._onTimeout (D:\\Projects\\ProctorX\\Back-End\\src\\config\\scheduler.js:14:30)","timestamp":"2026-07-07 16:05:32"}
{"clientVersion":"5.22.0","code":"P1001","level":"error","message":"Error inside background scheduler tick: \nInvalid `prisma.quiz.findMany()` invocation in\nD:\\Projects\\ProctorX\\Back-End\\src\\config\\scheduler.js:14:48\n\n  11 const now = new Date();\n  12 \n  13 // 1. Auto-start scheduled PENDING quizzes\n→ 14 const pendingQuizzes = await prisma.quiz.findMany(\nCan't reach database server at `ep-rapid-resonance-ao44cup4-pooler.c-2.ap-southeast-1.aws.neon.tech:5432`\n\nPlease make sure your database server is running at `ep-rapid-resonance-ao44cup4-pooler.c-2.ap-southeast-1.aws.neon.tech:5432`.","meta":{"database_host":"ep-rapid-resonance-ao44cup4-pooler.c-2.ap-southeast-1.aws.neon.tech","database_port":5432,"modelName":"Quiz"},"name":"PrismaClientKnownRequestError","service":"proctorx-backend","stack":"PrismaClientKnownRequestError: \nInvalid `prisma.quiz.findMany()` invocation in\nD:\\Projects\\ProctorX\\Back-End\\src\\config\\scheduler.js:14:48\n\n  11 const now = new Date();\n  12 \n  13 // 1. Auto-start scheduled PENDING quizzes\n→ 14 const pendingQuizzes = await prisma.quiz.findMany(\nCan't reach database server at `ep-rapid-resonance-ao44cup4-pooler.c-2.ap-southeast-1.aws.neon.tech:5432`\n\nPlease make sure your database server is running at `ep-rapid-resonance-ao44cup4-pooler.c-2.ap-southeast-1.aws.neon.tech:5432`.\n    at $n.handleRequestError (D:\\Projects\\ProctorX\\Back-End\\node_modules\\@prisma\\client\\runtime\\library.js:121:7315)\n    at $n.handleAndLogRequestError (D:\\Projects\\ProctorX\\Back-End\\node_modules\\@prisma\\client\\runtime\\library.js:121:6623)\n    at $n.request (D:\\Projects\\ProctorX\\Back-End\\node_modules\\@prisma\\client\\runtime\\library.js:121:6307)\n    at async l (D:\\Projects\\ProctorX\\Back-End\\node_modules\\@prisma\\client\\runtime\\library.js:130:9633)\n    at async Timeout._onTimeout (D:\\Projects\\ProctorX\\Back-End\\src\\config\\scheduler.js:14:30)","timestamp":"2026-07-07 16:05:42"}
{"clientVersion":"5.22.0","code":"P1001","level":"error","message":"Error inside background scheduler tick: \nInvalid `prisma.quiz.findMany()` invocation in\nD:\\Projects\\ProctorX\\Back-End\\src\\config\\scheduler.js:14:48\n\n  11 const now = new Date();\n  12 \n  13 // 1. Auto-start scheduled PENDING quizzes\n→ 14 const pendingQuizzes = await prisma.quiz.findMany(\nCan't reach database server at `ep-rapid-resonance-ao44cup4-pooler.c-2.ap-southeast-1.aws.neon.tech:5432`\n\nPlease make sure your database server is running at `ep-rapid-resonance-ao44cup4-pooler.c-2.ap-southeast-1.aws.neon.tech:5432`.","meta":{"database_host":"ep-rapid-resonance-ao44cup4-pooler.c-2.ap-southeast-1.aws.neon.tech","database_port":5432,"modelName":"Quiz"},"name":"PrismaClientKnownRequestError","service":"proctorx-backend","stack":"PrismaClientKnownRequestError: \nInvalid `prisma.quiz.findMany()` invocation in\nD:\\Projects\\ProctorX\\Back-End\\src\\config\\scheduler.js:14:48\n\n  11 const now = new Date();\n  12 \n  13 // 1. Auto-start scheduled PENDING quizzes\n→ 14 const pendingQuizzes = await prisma.quiz.findMany(\nCan't reach database server at `ep-rapid-resonance-ao44cup4-pooler.c-2.ap-southeast-1.aws.neon.tech:5432`\n\nPlease make sure your database server is running at `ep-rapid-resonance-ao44cup4-pooler.c-2.ap-southeast-1.aws.neon.tech:5432`.\n    at $n.handleRequestError (D:\\Projects\\ProctorX\\Back-End\\node_modules\\@prisma\\client\\runtime\\library.js:121:7315)\n    at $n.handleAndLogRequestError (D:\\Projects\\ProctorX\\Back-End\\node_modules\\@prisma\\client\\runtime\\library.js:121:6623)\n    at $n.request (D:\\Projects\\ProctorX\\Back-End\\node_modules\\@prisma\\client\\runtime\\library.js:121:6307)\n    at async l (D:\\Projects\\ProctorX\\Back-End\\node_modules\\@prisma\\client\\runtime\\library.js:130:9633)\n    at async Timeout._onTimeout (D:\\Projects\\ProctorX\\Back-End\\src\\config\\scheduler.js:14:30)","timestamp":"2026-07-07 16:05:52"}
{"clientVersion":"5.22.0","code":"P1001","level":"error","message":"Error inside background scheduler tick: \nInvalid `prisma.quiz.findMany()` invocation in\nD:\\Projects\\ProctorX\\Back-End\\src\\config\\scheduler.js:14:48\n\n  11 const now = new Date();\n  12 \n  13 // 1. Auto-start scheduled PENDING quizzes\n→ 14 const pendingQuizzes = await prisma.quiz.findMany(\nCan't reach database server at `ep-rapid-resonance-ao44cup4-pooler.c-2.ap-southeast-1.aws.neon.tech:5432`\n\nPlease make sure your database server is running at `ep-rapid-resonance-ao44cup4-pooler.c-2.ap-southeast-1.aws.neon.tech:5432`.","meta":{"database_host":"ep-rapid-resonance-ao44cup4-pooler.c-2.ap-southeast-1.aws.neon.tech","database_port":5432,"modelName":"Quiz"},"name":"PrismaClientKnownRequestError","service":"proctorx-backend","stack":"PrismaClientKnownRequestError: \nInvalid `prisma.quiz.findMany()` invocation in\nD:\\Projects\\ProctorX\\Back-End\\src\\config\\scheduler.js:14:48\n\n  11 const now = new Date();\n  12 \n  13 // 1. Auto-start scheduled PENDING quizzes\n→ 14 const pendingQuizzes = await prisma.quiz.findMany(\nCan't reach database server at `ep-rapid-resonance-ao44cup4-pooler.c-2.ap-southeast-1.aws.neon.tech:5432`\n\nPlease make sure your database server is running at `ep-rapid-resonance-ao44cup4-pooler.c-2.ap-southeast-1.aws.neon.tech:5432`.\n    at $n.handleRequestError (D:\\Projects\\ProctorX\\Back-End\\node_modules\\@prisma\\client\\runtime\\library.js:121:7315)\n    at $n.handleAndLogRequestError (D:\\Projects\\ProctorX\\Back-End\\node_modules\\@prisma\\client\\runtime\\library.js:121:6623)\n    at $n.request (D:\\Projects\\ProctorX\\Back-End\\node_modules\\@prisma\\client\\runtime\\library.js:121:6307)\n    at async l (D:\\Projects\\ProctorX\\Back-End\\node_modules\\@prisma\\client\\runtime\\library.js:130:9633)\n    at async Timeout._onTimeout (D:\\Projects\\ProctorX\\Back-End\\src\\config\\scheduler.js:14:30)","timestamp":"2026-07-07 16:06:02"}
{"clientVersion":"5.22.0","code":"P1001","level":"error","message":"Error inside background scheduler tick: \nInvalid `prisma.quiz.findMany()` invocation in\nD:\\Projects\\ProctorX\\Back-End\\src\\config\\scheduler.js:14:48\n\n  11 const now = new Date();\n  12 \n  13 // 1. Auto-start scheduled PENDING quizzes\n→ 14 const pendingQuizzes = await prisma.quiz.findMany(\nCan't reach database server at `ep-rapid-resonance-ao44cup4-pooler.c-2.ap-southeast-1.aws.neon.tech:5432`\n\nPlease make sure your database server is running at `ep-rapid-resonance-ao44cup4-pooler.c-2.ap-southeast-1.aws.neon.tech:5432`.","meta":{"database_host":"ep-rapid-resonance-ao44cup4-pooler.c-2.ap-southeast-1.aws.neon.tech","database_port":5432,"modelName":"Quiz"},"name":"PrismaClientKnownRequestError","service":"proctorx-backend","stack":"PrismaClientKnownRequestError: \nInvalid `prisma.quiz.findMany()` invocation in\nD:\\Projects\\ProctorX\\Back-End\\src\\config\\scheduler.js:14:48\n\n  11 const now = new Date();\n  12 \n  13 // 1. Auto-start scheduled PENDING quizzes\n→ 14 const pendingQuizzes = await prisma.quiz.findMany(\nCan't reach database server at `ep-rapid-resonance-ao44cup4-pooler.c-2.ap-southeast-1.aws.neon.tech:5432`\n\nPlease make sure your database server is running at `ep-rapid-resonance-ao44cup4-pooler.c-2.ap-southeast-1.aws.neon.tech:5432`.\n    at $n.handleRequestError (D:\\Projects\\ProctorX\\Back-End\\node_modules\\@prisma\\client\\runtime\\library.js:121:7315)\n    at $n.handleAndLogRequestError (D:\\Projects\\ProctorX\\Back-End\\node_modules\\@prisma\\client\\runtime\\library.js:121:6623)\n    at $n.request (D:\\Projects\\ProctorX\\Back-End\\node_modules\\@prisma\\client\\runtime\\library.js:121:6307)\n    at async l (D:\\Projects\\ProctorX\\Back-End\\node_modules\\@prisma\\client\\runtime\\library.js:130:9633)\n    at async Timeout._onTimeout (D:\\Projects\\ProctorX\\Back-End\\src\\config\\scheduler.js:14:30)","timestamp":"2026-07-07 16:06:12"}
{"clientVersion":"5.22.0","code":"P1001","level":"error","message":"Error inside background scheduler tick: \nInvalid `prisma.quiz.findMany()` invocation in\nD:\\Projects\\ProctorX\\Back-End\\src\\config\\scheduler.js:14:48\n\n  11 const now = new Date();\n  12 \n  13 // 1. Auto-start scheduled PENDING quizzes\n→ 14 const pendingQuizzes = await prisma.quiz.findMany(\nCan't reach database server at `ep-rapid-resonance-ao44cup4-pooler.c-2.ap-southeast-1.aws.neon.tech:5432`\n\nPlease make sure your database server is running at `ep-rapid-resonance-ao44cup4-pooler.c-2.ap-southeast-1.aws.neon.tech:5432`.","meta":{"database_host":"ep-rapid-resonance-ao44cup4-pooler.c-2.ap-southeast-1.aws.neon.tech","database_port":5432,"modelName":"Quiz"},"name":"PrismaClientKnownRequestError","service":"proctorx-backend","stack":"PrismaClientKnownRequestError: \nInvalid `prisma.quiz.findMany()` invocation in\nD:\\Projects\\ProctorX\\Back-End\\src\\config\\scheduler.js:14:48\n\n  11 const now = new Date();\n  12 \n  13 // 1. Auto-start scheduled PENDING quizzes\n→ 14 const pendingQuizzes = await prisma.quiz.findMany(\nCan't reach database server at `ep-rapid-resonance-ao44cup4-pooler.c-2.ap-southeast-1.aws.neon.tech:5432`\n\nPlease make sure your database server is running at `ep-rapid-resonance-ao44cup4-pooler.c-2.ap-southeast-1.aws.neon.tech:5432`.\n    at $n.handleRequestError (D:\\Projects\\ProctorX\\Back-End\\node_modules\\@prisma\\client\\runtime\\library.js:121:7315)\n    at $n.handleAndLogRequestError (D:\\Projects\\ProctorX\\Back-End\\node_modules\\@prisma\\client\\runtime\\library.js:121:6623)\n    at $n.request (D:\\Projects\\ProctorX\\Back-End\\node_modules\\@prisma\\client\\runtime\\library.js:121:6307)\n    at async l (D:\\Projects\\ProctorX\\Back-End\\node_modules\\@prisma\\client\\runtime\\library.js:130:9633)\n    at async Timeout._onTimeout (D:\\Projects\\ProctorX\\Back-End\\src\\config\\scheduler.js:14:30)","timestamp":"2026-07-07 16:06:22"}
{"clientVersion":"5.22.0","code":"P1001","level":"error","message":"Error inside background scheduler tick: \nInvalid `prisma.quiz.findMany()` invocation in\nD:\\Projects\\ProctorX\\Back-End\\src\\config\\scheduler.js:14:48\n\n  11 const now = new Date();\n  12 \n  13 // 1. Auto-start scheduled PENDING quizzes\n→ 14 const pendingQuizzes = await prisma.quiz.findMany(\nCan't reach database server at `ep-rapid-resonance-ao44cup4-pooler.c-2.ap-southeast-1.aws.neon.tech:5432`\n\nPlease make sure your database server is running at `ep-rapid-resonance-ao44cup4-pooler.c-2.ap-southeast-1.aws.neon.tech:5432`.","meta":{"database_host":"ep-rapid-resonance-ao44cup4-pooler.c-2.ap-southeast-1.aws.neon.tech","database_port":5432,"modelName":"Quiz"},"name":"PrismaClientKnownRequestError","service":"proctorx-backend","stack":"PrismaClientKnownRequestError: \nInvalid `prisma.quiz.findMany()` invocation in\nD:\\Projects\\ProctorX\\Back-End\\src\\config\\scheduler.js:14:48\n\n  11 const now = new Date();\n  12 \n  13 // 1. Auto-start scheduled PENDING quizzes\n→ 14 const pendingQuizzes = await prisma.quiz.findMany(\nCan't reach database server at `ep-rapid-resonance-ao44cup4-pooler.c-2.ap-southeast-1.aws.neon.tech:5432`\n\nPlease make sure your database server is running at `ep-rapid-resonance-ao44cup4-pooler.c-2.ap-southeast-1.aws.neon.tech:5432`.\n    at $n.handleRequestError (D:\\Projects\\ProctorX\\Back-End\\node_modules\\@prisma\\client\\runtime\\library.js:121:7315)\n    at $n.handleAndLogRequestError (D:\\Projects\\ProctorX\\Back-End\\node_modules\\@prisma\\client\\runtime\\library.js:121:6623)\n    at $n.request (D:\\Projects\\ProctorX\\Back-End\\node_modules\\@prisma\\client\\runtime\\library.js:121:6307)\n    at async l (D:\\Projects\\ProctorX\\Back-End\\node_modules\\@prisma\\client\\runtime\\library.js:130:9633)\n    at async Timeout._onTimeout (D:\\Projects\\ProctorX\\Back-End\\src\\config\\scheduler.js:14:30)","timestamp":"2026-07-07 16:06:32"}
{"clientVersion":"5.22.0","code":"P1001","level":"error","message":"Error inside background scheduler tick: \nInvalid `prisma.quiz.findMany()` invocation in\nD:\\Projects\\ProctorX\\Back-End\\src\\config\\scheduler.js:14:48\n\n  11 const now = new Date();\n  12 \n  13 // 1. Auto-start scheduled PENDING quizzes\n→ 14 const pendingQuizzes = await prisma.quiz.findMany(\nCan't reach database server at `ep-rapid-resonance-ao44cup4-pooler.c-2.ap-southeast-1.aws.neon.tech:5432`\n\nPlease make sure your database server is running at `ep-rapid-resonance-ao44cup4-pooler.c-2.ap-southeast-1.aws.neon.tech:5432`.","meta":{"database_host":"ep-rapid-resonance-ao44cup4-pooler.c-2.ap-southeast-1.aws.neon.tech","database_port":5432,"modelName":"Quiz"},"name":"PrismaClientKnownRequestError","service":"proctorx-backend","stack":"PrismaClientKnownRequestError: \nInvalid `prisma.quiz.findMany()` invocation in\nD:\\Projects\\ProctorX\\Back-End\\src\\config\\scheduler.js:14:48\n\n  11 const now = new Date();\n  12 \n  13 // 1. Auto-start scheduled PENDING quizzes\n→ 14 const pendingQuizzes = await prisma.quiz.findMany(\nCan't reach database server at `ep-rapid-resonance-ao44cup4-pooler.c-2.ap-southeast-1.aws.neon.tech:5432`\n\nPlease make sure your database server is running at `ep-rapid-resonance-ao44cup4-pooler.c-2.ap-southeast-1.aws.neon.tech:5432`.\n    at $n.handleRequestError (D:\\Projects\\ProctorX\\Back-End\\node_modules\\@prisma\\client\\runtime\\library.js:121:7315)\n    at $n.handleAndLogRequestError (D:\\Projects\\ProctorX\\Back-End\\node_modules\\@prisma\\client\\runtime\\library.js:121:6623)\n    at $n.request (D:\\Projects\\ProctorX\\Back-End\\node_modules\\@prisma\\client\\runtime\\library.js:121:6307)\n    at async l (D:\\Projects\\ProctorX\\Back-End\\node_modules\\@prisma\\client\\runtime\\library.js:130:9633)\n    at async Timeout._onTimeout (D:\\Projects\\ProctorX\\Back-End\\src\\config\\scheduler.js:14:30)","timestamp":"2026-07-07 16:06:42"}
{"clientVersion":"5.22.0","code":"P1001","level":"error","message":"Error inside background scheduler tick: \nInvalid `prisma.quiz.findMany()` invocation in\nD:\\Projects\\ProctorX\\Back-End\\src\\config\\scheduler.js:14:48\n\n  11 const now = new Date();\n  12 \n  13 // 1. Auto-start scheduled PENDING quizzes\n→ 14 const pendingQuizzes = await prisma.quiz.findMany(\nCan't reach database server at `ep-rapid-resonance-ao44cup4-pooler.c-2.ap-southeast-1.aws.neon.tech:5432`\n\nPlease make sure your database server is running at `ep-rapid-resonance-ao44cup4-pooler.c-2.ap-southeast-1.aws.neon.tech:5432`.","meta":{"database_host":"ep-rapid-resonance-ao44cup4-pooler.c-2.ap-southeast-1.aws.neon.tech","database_port":5432,"modelName":"Quiz"},"name":"PrismaClientKnownRequestError","service":"proctorx-backend","stack":"PrismaClientKnownRequestError: \nInvalid `prisma.quiz.findMany()` invocation in\nD:\\Projects\\ProctorX\\Back-End\\src\\config\\scheduler.js:14:48\n\n  11 const now = new Date();\n  12 \n  13 // 1. Auto-start scheduled PENDING quizzes\n→ 14 const pendingQuizzes = await prisma.quiz.findMany(\nCan't reach database server at `ep-rapid-resonance-ao44cup4-pooler.c-2.ap-southeast-1.aws.neon.tech:5432`\n\nPlease make sure your database server is running at `ep-rapid-resonance-ao44cup4-pooler.c-2.ap-southeast-1.aws.neon.tech:5432`.\n    at $n.handleRequestError (D:\\Projects\\ProctorX\\Back-End\\node_modules\\@prisma\\client\\runtime\\library.js:121:7315)\n    at $n.handleAndLogRequestError (D:\\Projects\\ProctorX\\Back-End\\node_modules\\@prisma\\client\\runtime\\library.js:121:6623)\n    at $n.request (D:\\Projects\\ProctorX\\Back-End\\node_modules\\@prisma\\client\\runtime\\library.js:121:6307)\n    at async l (D:\\Projects\\ProctorX\\Back-End\\node_modules\\@prisma\\client\\runtime\\library.js:130:9633)\n    at async Timeout._onTimeout (D:\\Projects\\ProctorX\\Back-End\\src\\config\\scheduler.js:14:30)","timestamp":"2026-07-07 16:06:52"}
{"clientVersion":"5.22.0","code":"P1001","level":"error","message":"Error inside background scheduler tick: \nInvalid `prisma.quiz.findMany()` invocation in\nD:\\Projects\\ProctorX\\Back-End\\src\\config\\scheduler.js:14:48\n\n  11 const now = new Date();\n  12 \n  13 // 1. Auto-start scheduled PENDING quizzes\n→ 14 const pendingQuizzes = await prisma.quiz.findMany(\nCan't reach database server at `ep-rapid-resonance-ao44cup4-pooler.c-2.ap-southeast-1.aws.neon.tech:5432`\n\nPlease make sure your database server is running at `ep-rapid-resonance-ao44cup4-pooler.c-2.ap-southeast-1.aws.neon.tech:5432`.","meta":{"database_host":"ep-rapid-resonance-ao44cup4-pooler.c-2.ap-southeast-1.aws.neon.tech","database_port":5432,"modelName":"Quiz"},"name":"PrismaClientKnownRequestError","service":"proctorx-backend","stack":"PrismaClientKnownRequestError: \nInvalid `prisma.quiz.findMany()` invocation in\nD:\\Projects\\ProctorX\\Back-End\\src\\config\\scheduler.js:14:48\n\n  11 const now = new Date();\n  12 \n  13 // 1. Auto-start scheduled PENDING quizzes\n→ 14 const pendingQuizzes = await prisma.quiz.findMany(\nCan't reach database server at `ep-rapid-resonance-ao44cup4-pooler.c-2.ap-southeast-1.aws.neon.tech:5432`\n\nPlease make sure your database server is running at `ep-rapid-resonance-ao44cup4-pooler.c-2.ap-southeast-1.aws.neon.tech:5432`.\n    at $n.handleRequestError (D:\\Projects\\ProctorX\\Back-End\\node_modules\\@prisma\\client\\runtime\\library.js:121:7315)\n    at $n.handleAndLogRequestError (D:\\Projects\\ProctorX\\Back-End\\node_modules\\@prisma\\client\\runtime\\library.js:121:6623)\n    at $n.request (D:\\Projects\\ProctorX\\Back-End\\node_modules\\@prisma\\client\\runtime\\library.js:121:6307)\n    at async l (D:\\Projects\\ProctorX\\Back-End\\node_modules\\@prisma\\client\\runtime\\library.js:130:9633)\n    at async Timeout._onTimeout (D:\\Projects\\ProctorX\\Back-End\\src\\config\\scheduler.js:14:30)","timestamp":"2026-07-07 16:07:02"}
{"clientVersion":"5.22.0","code":"P1001","level":"error","message":"Error inside background scheduler tick: \nInvalid `prisma.quiz.findMany()` invocation in\nD:\\Projects\\ProctorX\\Back-End\\src\\config\\scheduler.js:14:48\n\n  11 const now = new Date();\n  12 \n  13 // 1. Auto-start scheduled PENDING quizzes\n→ 14 const pendingQuizzes = await prisma.quiz.findMany(\nCan't reach database server at `ep-rapid-resonance-ao44cup4-pooler.c-2.ap-southeast-1.aws.neon.tech:5432`\n\nPlease make sure your database server is running at `ep-rapid-resonance-ao44cup4-pooler.c-2.ap-southeast-1.aws.neon.tech:5432`.","meta":{"database_host":"ep-rapid-resonance-ao44cup4-pooler.c-2.ap-southeast-1.aws.neon.tech","database_port":5432,"modelName":"Quiz"},"name":"PrismaClientKnownRequestError","service":"proctorx-backend","stack":"PrismaClientKnownRequestError: \nInvalid `prisma.quiz.findMany()` invocation in\nD:\\Projects\\ProctorX\\Back-End\\src\\config\\scheduler.js:14:48\n\n  11 const now = new Date();\n  12 \n  13 // 1. Auto-start scheduled PENDING quizzes\n→ 14 const pendingQuizzes = await prisma.quiz.findMany(\nCan't reach database server at `ep-rapid-resonance-ao44cup4-pooler.c-2.ap-southeast-1.aws.neon.tech:5432`\n\nPlease make sure your database server is running at `ep-rapid-resonance-ao44cup4-pooler.c-2.ap-southeast-1.aws.neon.tech:5432`.\n    at $n.handleRequestError (D:\\Projects\\ProctorX\\Back-End\\node_modules\\@prisma\\client\\runtime\\library.js:121:7315)\n    at $n.handleAndLogRequestError (D:\\Projects\\ProctorX\\Back-End\\node_modules\\@prisma\\client\\runtime\\library.js:121:6623)\n    at $n.request (D:\\Projects\\ProctorX\\Back-End\\node_modules\\@prisma\\client\\runtime\\library.js:121:6307)\n    at async l (D:\\Projects\\ProctorX\\Back-End\\node_modules\\@prisma\\client\\runtime\\library.js:130:9633)\n    at async Timeout._onTimeout (D:\\Projects\\ProctorX\\Back-End\\src\\config\\scheduler.js:14:30)","timestamp":"2026-07-07 16:07:12"}
{"clientVersion":"5.22.0","code":"P1001","level":"error","message":"Error inside background scheduler tick: \nInvalid `prisma.quiz.findMany()` invocation in\nD:\\Projects\\ProctorX\\Back-End\\src\\config\\scheduler.js:14:48\n\n  11 const now = new Date();\n  12 \n  13 // 1. Auto-start scheduled PENDING quizzes\n→ 14 const pendingQuizzes = await prisma.quiz.findMany(\nCan't reach database server at `ep-rapid-resonance-ao44cup4-pooler.c-2.ap-southeast-1.aws.neon.tech:5432`\n\nPlease make sure your database server is running at `ep-rapid-resonance-ao44cup4-pooler.c-2.ap-southeast-1.aws.neon.tech:5432`.","meta":{"database_host":"ep-rapid-resonance-ao44cup4-pooler.c-2.ap-southeast-1.aws.neon.tech","database_port":5432,"modelName":"Quiz"},"name":"PrismaClientKnownRequestError","service":"proctorx-backend","stack":"PrismaClientKnownRequestError: \nInvalid `prisma.quiz.findMany()` invocation in\nD:\\Projects\\ProctorX\\Back-End\\src\\config\\scheduler.js:14:48\n\n  11 const now = new Date();\n  12 \n  13 // 1. Auto-start scheduled PENDING quizzes\n→ 14 const pendingQuizzes = await prisma.quiz.findMany(\nCan't reach database server at `ep-rapid-resonance-ao44cup4-pooler.c-2.ap-southeast-1.aws.neon.tech:5432`\n\nPlease make sure your database server is running at `ep-rapid-resonance-ao44cup4-pooler.c-2.ap-southeast-1.aws.neon.tech:5432`.\n    at $n.handleRequestError (D:\\Projects\\ProctorX\\Back-End\\node_modules\\@prisma\\client\\runtime\\library.js:121:7315)\n    at $n.handleAndLogRequestError (D:\\Projects\\ProctorX\\Back-End\\node_modules\\@prisma\\client\\runtime\\library.js:121:6623)\n    at $n.request (D:\\Projects\\ProctorX\\Back-End\\node_modules\\@prisma\\client\\runtime\\library.js:121:6307)\n    at async l (D:\\Projects\\ProctorX\\Back-End\\node_modules\\@prisma\\client\\runtime\\library.js:130:9633)\n    at async Timeout._onTimeout (D:\\Projects\\ProctorX\\Back-End\\src\\config\\scheduler.js:14:30)","timestamp":"2026-07-07 16:07:22"}
{"clientVersion":"5.22.0","code":"P1001","level":"error","message":"Error inside background scheduler tick: \nInvalid `prisma.quiz.findMany()` invocation in\nD:\\Projects\\ProctorX\\Back-End\\src\\config\\scheduler.js:14:48\n\n  11 const now = new Date();\n  12 \n  13 // 1. Auto-start scheduled PENDING quizzes\n→ 14 const pendingQuizzes = await prisma.quiz.findMany(\nCan't reach database server at `ep-rapid-resonance-ao44cup4-pooler.c-2.ap-southeast-1.aws.neon.tech:5432`\n\nPlease make sure your database server is running at `ep-rapid-resonance-ao44cup4-pooler.c-2.ap-southeast-1.aws.neon.tech:5432`.","meta":{"database_host":"ep-rapid-resonance-ao44cup4-pooler.c-2.ap-southeast-1.aws.neon.tech","database_port":5432,"modelName":"Quiz"},"name":"PrismaClientKnownRequestError","service":"proctorx-backend","stack":"PrismaClientKnownRequestError: \nInvalid `prisma.quiz.findMany()` invocation in\nD:\\Projects\\ProctorX\\Back-End\\src\\config\\scheduler.js:14:48\n\n  11 const now = new Date();\n  12 \n  13 // 1. Auto-start scheduled PENDING quizzes\n→ 14 const pendingQuizzes = await prisma.quiz.findMany(\nCan't reach database server at `ep-rapid-resonance-ao44cup4-pooler.c-2.ap-southeast-1.aws.neon.tech:5432`\n\nPlease make sure your database server is running at `ep-rapid-resonance-ao44cup4-pooler.c-2.ap-southeast-1.aws.neon.tech:5432`.\n    at $n.handleRequestError (D:\\Projects\\ProctorX\\Back-End\\node_modules\\@prisma\\client\\runtime\\library.js:121:7315)\n    at $n.handleAndLogRequestError (D:\\Projects\\ProctorX\\Back-End\\node_modules\\@prisma\\client\\runtime\\library.js:121:6623)\n    at $n.request (D:\\Projects\\ProctorX\\Back-End\\node_modules\\@prisma\\client\\runtime\\library.js:121:6307)\n    at async l (D:\\Projects\\ProctorX\\Back-End\\node_modules\\@prisma\\client\\runtime\\library.js:130:9633)\n    at async Timeout._onTimeout (D:\\Projects\\ProctorX\\Back-End\\src\\config\\scheduler.js:14:30)","timestamp":"2026-07-07 16:07:32"}
{"clientVersion":"5.22.0","code":"P1001","level":"error","message":"Error inside background scheduler tick: \nInvalid `prisma.quiz.findMany()` invocation in\nD:\\Projects\\ProctorX\\Back-End\\src\\config\\scheduler.js:14:48\n\n  11 const now = new Date();\n  12 \n  13 // 1. Auto-start scheduled PENDING quizzes\n→ 14 const pendingQuizzes = await prisma.quiz.findMany(\nCan't reach database server at `ep-rapid-resonance-ao44cup4-pooler.c-2.ap-southeast-1.aws.neon.tech:5432`\n\nPlease make sure your database server is running at `ep-rapid-resonance-ao44cup4-pooler.c-2.ap-southeast-1.aws.neon.tech:5432`.","meta":{"database_host":"ep-rapid-resonance-ao44cup4-pooler.c-2.ap-southeast-1.aws.neon.tech","database_port":5432,"modelName":"Quiz"},"name":"PrismaClientKnownRequestError","service":"proctorx-backend","stack":"PrismaClientKnownRequestError: \nInvalid `prisma.quiz.findMany()` invocation in\nD:\\Projects\\ProctorX\\Back-End\\src\\config\\scheduler.js:14:48\n\n  11 const now = new Date();\n  12 \n  13 // 1. Auto-start scheduled PENDING quizzes\n→ 14 const pendingQuizzes = await prisma.quiz.findMany(\nCan't reach database server at `ep-rapid-resonance-ao44cup4-pooler.c-2.ap-southeast-1.aws.neon.tech:5432`\n\nPlease make sure your database server is running at `ep-rapid-resonance-ao44cup4-pooler.c-2.ap-southeast-1.aws.neon.tech:5432`.\n    at $n.handleRequestError (D:\\Projects\\ProctorX\\Back-End\\node_modules\\@prisma\\client\\runtime\\library.js:121:7315)\n    at $n.handleAndLogRequestError (D:\\Projects\\ProctorX\\Back-End\\node_modules\\@prisma\\client\\runtime\\library.js:121:6623)\n    at $n.request (D:\\Projects\\ProctorX\\Back-End\\node_modules\\@prisma\\client\\runtime\\library.js:121:6307)\n    at async l (D:\\Projects\\ProctorX\\Back-End\\node_modules\\@prisma\\client\\runtime\\library.js:130:9633)\n    at async Timeout._onTimeout (D:\\Projects\\ProctorX\\Back-End\\src\\config\\scheduler.js:14:30)","timestamp":"2026-07-07 16:07:43"}
{"clientVersion":"5.22.0","code":"P1001","level":"error","message":"Error inside background scheduler tick: \nInvalid `prisma.quiz.findMany()` invocation in\nD:\\Projects\\ProctorX\\Back-End\\src\\config\\scheduler.js:14:48\n\n  11 const now = new Date();\n  12 \n  13 // 1. Auto-start scheduled PENDING quizzes\n→ 14 const pendingQuizzes = await prisma.quiz.findMany(\nCan't reach database server at `ep-rapid-resonance-ao44cup4-pooler.c-2.ap-southeast-1.aws.neon.tech:5432`\n\nPlease make sure your database server is running at `ep-rapid-resonance-ao44cup4-pooler.c-2.ap-southeast-1.aws.neon.tech:5432`.","meta":{"database_host":"ep-rapid-resonance-ao44cup4-pooler.c-2.ap-southeast-1.aws.neon.tech","database_port":5432,"modelName":"Quiz"},"name":"PrismaClientKnownRequestError","service":"proctorx-backend","stack":"PrismaClientKnownRequestError: \nInvalid `prisma.quiz.findMany()` invocation in\nD:\\Projects\\ProctorX\\Back-End\\src\\config\\scheduler.js:14:48\n\n  11 const now = new Date();\n  12 \n  13 // 1. Auto-start scheduled PENDING quizzes\n→ 14 const pendingQuizzes = await prisma.quiz.findMany(\nCan't reach database server at `ep-rapid-resonance-ao44cup4-pooler.c-2.ap-southeast-1.aws.neon.tech:5432`\n\nPlease make sure your database server is running at `ep-rapid-resonance-ao44cup4-pooler.c-2.ap-southeast-1.aws.neon.tech:5432`.\n    at $n.handleRequestError (D:\\Projects\\ProctorX\\Back-End\\node_modules\\@prisma\\client\\runtime\\library.js:121:7315)\n    at $n.handleAndLogRequestError (D:\\Projects\\ProctorX\\Back-End\\node_modules\\@prisma\\client\\runtime\\library.js:121:6623)\n    at $n.request (D:\\Projects\\ProctorX\\Back-End\\node_modules\\@prisma\\client\\runtime\\library.js:121:6307)\n    at async l (D:\\Projects\\ProctorX\\Back-End\\node_modules\\@prisma\\client\\runtime\\library.js:130:9633)\n    at async Timeout._onTimeout (D:\\Projects\\ProctorX\\Back-End\\src\\config\\scheduler.js:14:30)","timestamp":"2026-07-07 16:07:53"}
{"clientVersion":"5.22.0","code":"P1001","level":"error","message":"Error inside background scheduler tick: \nInvalid `prisma.quiz.findMany()` invocation in\nD:\\Projects\\ProctorX\\Back-End\\src\\config\\scheduler.js:14:48\n\n  11 const now = new Date();\n  12 \n  13 // 1. Auto-start scheduled PENDING quizzes\n→ 14 const pendingQuizzes = await prisma.quiz.findMany(\nCan't reach database server at `ep-rapid-resonance-ao44cup4-pooler.c-2.ap-southeast-1.aws.neon.tech:5432`\n\nPlease make sure your database server is running at `ep-rapid-resonance-ao44cup4-pooler.c-2.ap-southeast-1.aws.neon.tech:5432`.","meta":{"database_host":"ep-rapid-resonance-ao44cup4-pooler.c-2.ap-southeast-1.aws.neon.tech","database_port":5432,"modelName":"Quiz"},"name":"PrismaClientKnownRequestError","service":"proctorx-backend","stack":"PrismaClientKnownRequestError: \nInvalid `prisma.quiz.findMany()` invocation in\nD:\\Projects\\ProctorX\\Back-End\\src\\config\\scheduler.js:14:48\n\n  11 const now = new Date();\n  12 \n  13 // 1. Auto-start scheduled PENDING quizzes\n→ 14 const pendingQuizzes = await prisma.quiz.findMany(\nCan't reach database server at `ep-rapid-resonance-ao44cup4-pooler.c-2.ap-southeast-1.aws.neon.tech:5432`\n\nPlease make sure your database server is running at `ep-rapid-resonance-ao44cup4-pooler.c-2.ap-southeast-1.aws.neon.tech:5432`.\n    at $n.handleRequestError (D:\\Projects\\ProctorX\\Back-End\\node_modules\\@prisma\\client\\runtime\\library.js:121:7315)\n    at $n.handleAndLogRequestError (D:\\Projects\\ProctorX\\Back-End\\node_modules\\@prisma\\client\\runtime\\library.js:121:6623)\n    at $n.request (D:\\Projects\\ProctorX\\Back-End\\node_modules\\@prisma\\client\\runtime\\library.js:121:6307)\n    at async l (D:\\Projects\\ProctorX\\Back-End\\node_modules\\@prisma\\client\\runtime\\library.js:130:9633)\n    at async Timeout._onTimeout (D:\\Projects\\ProctorX\\Back-End\\src\\config\\scheduler.js:14:30)","timestamp":"2026-07-07 16:08:03"}
{"clientVersion":"5.22.0","code":"P1001","level":"error","message":"Error inside background scheduler tick: \nInvalid `prisma.quiz.findMany()` invocation in\nD:\\Projects\\ProctorX\\Back-End\\src\\config\\scheduler.js:14:48\n\n  11 const now = new Date();\n  12 \n  13 // 1. Auto-start scheduled PENDING quizzes\n→ 14 const pendingQuizzes = await prisma.quiz.findMany(\nCan't reach database server at `ep-rapid-resonance-ao44cup4-pooler.c-2.ap-southeast-1.aws.neon.tech:5432`\n\nPlease make sure your database server is running at `ep-rapid-resonance-ao44cup4-pooler.c-2.ap-southeast-1.aws.neon.tech:5432`.","meta":{"database_host":"ep-rapid-resonance-ao44cup4-pooler.c-2.ap-southeast-1.aws.neon.tech","database_port":5432,"modelName":"Quiz"},"name":"PrismaClientKnownRequestError","service":"proctorx-backend","stack":"PrismaClientKnownRequestError: \nInvalid `prisma.quiz.findMany()` invocation in\nD:\\Projects\\ProctorX\\Back-End\\src\\config\\scheduler.js:14:48\n\n  11 const now = new Date();\n  12 \n  13 // 1. Auto-start scheduled PENDING quizzes\n→ 14 const pendingQuizzes = await prisma.quiz.findMany(\nCan't reach database server at `ep-rapid-resonance-ao44cup4-pooler.c-2.ap-southeast-1.aws.neon.tech:5432`\n\nPlease make sure your database server is running at `ep-rapid-resonance-ao44cup4-pooler.c-2.ap-southeast-1.aws.neon.tech:5432`.\n    at $n.handleRequestError (D:\\Projects\\ProctorX\\Back-End\\node_modules\\@prisma\\client\\runtime\\library.js:121:7315)\n    at $n.handleAndLogRequestError (D:\\Projects\\ProctorX\\Back-End\\node_modules\\@prisma\\client\\runtime\\library.js:121:6623)\n    at $n.request (D:\\Projects\\ProctorX\\Back-End\\node_modules\\@prisma\\client\\runtime\\library.js:121:6307)\n    at async l (D:\\Projects\\ProctorX\\Back-End\\node_modules\\@prisma\\client\\runtime\\library.js:130:9633)\n    at async Timeout._onTimeout (D:\\Projects\\ProctorX\\Back-End\\src\\config\\scheduler.js:14:30)","timestamp":"2026-07-07 16:08:13"}
{"clientVersion":"5.22.0","code":"P1001","level":"error","message":"Error inside background scheduler tick: \nInvalid `prisma.quiz.findMany()` invocation in\nD:\\Projects\\ProctorX\\Back-End\\src\\config\\scheduler.js:14:48\n\n  11 const now = new Date();\n  12 \n  13 // 1. Auto-start scheduled PENDING quizzes\n→ 14 const pendingQuizzes = await prisma.quiz.findMany(\nCan't reach database server at `ep-rapid-resonance-ao44cup4-pooler.c-2.ap-southeast-1.aws.neon.tech:5432`\n\nPlease make sure your database server is running at `ep-rapid-resonance-ao44cup4-pooler.c-2.ap-southeast-1.aws.neon.tech:5432`.","meta":{"database_host":"ep-rapid-resonance-ao44cup4-pooler.c-2.ap-southeast-1.aws.neon.tech","database_port":5432,"modelName":"Quiz"},"name":"PrismaClientKnownRequestError","service":"proctorx-backend","stack":"PrismaClientKnownRequestError: \nInvalid `prisma.quiz.findMany()` invocation in\nD:\\Projects\\ProctorX\\Back-End\\src\\config\\scheduler.js:14:48\n\n  11 const now = new Date();\n  12 \n  13 // 1. Auto-start scheduled PENDING quizzes\n→ 14 const pendingQuizzes = await prisma.quiz.findMany(\nCan't reach database server at `ep-rapid-resonance-ao44cup4-pooler.c-2.ap-southeast-1.aws.neon.tech:5432`\n\nPlease make sure your database server is running at `ep-rapid-resonance-ao44cup4-pooler.c-2.ap-southeast-1.aws.neon.tech:5432`.\n    at $n.handleRequestError (D:\\Projects\\ProctorX\\Back-End\\node_modules\\@prisma\\client\\runtime\\library.js:121:7315)\n    at $n.handleAndLogRequestError (D:\\Projects\\ProctorX\\Back-End\\node_modules\\@prisma\\client\\runtime\\library.js:121:6623)\n    at $n.request (D:\\Projects\\ProctorX\\Back-End\\node_modules\\@prisma\\client\\runtime\\library.js:121:6307)\n    at async l (D:\\Projects\\ProctorX\\Back-End\\node_modules\\@prisma\\client\\runtime\\library.js:130:9633)\n    at async Timeout._onTimeout (D:\\Projects\\ProctorX\\Back-End\\src\\config\\scheduler.js:14:30)","timestamp":"2026-07-07 16:08:23"}
{"clientVersion":"5.22.0","code":"P1001","level":"error","message":"Error inside background scheduler tick: \nInvalid `prisma.quiz.findMany()` invocation in\nD:\\Projects\\ProctorX\\Back-End\\src\\config\\scheduler.js:14:48\n\n  11 const now = new Date();\n  12 \n  13 // 1. Auto-start scheduled PENDING quizzes\n→ 14 const pendingQuizzes = await prisma.quiz.findMany(\nCan't reach database server at `ep-rapid-resonance-ao44cup4-pooler.c-2.ap-southeast-1.aws.neon.tech:5432`\n\nPlease make sure your database server is running at `ep-rapid-resonance-ao44cup4-pooler.c-2.ap-southeast-1.aws.neon.tech:5432`.","meta":{"database_host":"ep-rapid-resonance-ao44cup4-pooler.c-2.ap-southeast-1.aws.neon.tech","database_port":5432,"modelName":"Quiz"},"name":"PrismaClientKnownRequestError","service":"proctorx-backend","stack":"PrismaClientKnownRequestError: \nInvalid `prisma.quiz.findMany()` invocation in\nD:\\Projects\\ProctorX\\Back-End\\src\\config\\scheduler.js:14:48\n\n  11 const now = new Date();\n  12 \n  13 // 1. Auto-start scheduled PENDING quizzes\n→ 14 const pendingQuizzes = await prisma.quiz.findMany(\nCan't reach database server at `ep-rapid-resonance-ao44cup4-pooler.c-2.ap-southeast-1.aws.neon.tech:5432`\n\nPlease make sure your database server is running at `ep-rapid-resonance-ao44cup4-pooler.c-2.ap-southeast-1.aws.neon.tech:5432`.\n    at $n.handleRequestError (D:\\Projects\\ProctorX\\Back-End\\node_modules\\@prisma\\client\\runtime\\library.js:121:7315)\n    at $n.handleAndLogRequestError (D:\\Projects\\ProctorX\\Back-End\\node_modules\\@prisma\\client\\runtime\\library.js:121:6623)\n    at $n.request (D:\\Projects\\ProctorX\\Back-End\\node_modules\\@prisma\\client\\runtime\\library.js:121:6307)\n    at async l (D:\\Projects\\ProctorX\\Back-End\\node_modules\\@prisma\\client\\runtime\\library.js:130:9633)\n    at async Timeout._onTimeout (D:\\Projects\\ProctorX\\Back-End\\src\\config\\scheduler.js:14:30)","timestamp":"2026-07-07 16:08:33"}
{"clientVersion":"5.22.0","code":"P1001","level":"error","message":"Error inside background scheduler tick: \nInvalid `prisma.quiz.findMany()` invocation in\nD:\\Projects\\ProctorX\\Back-End\\src\\config\\scheduler.js:14:48\n\n  11 const now = new Date();\n  12 \n  13 // 1. Auto-start scheduled PENDING quizzes\n→ 14 const pendingQuizzes = await prisma.quiz.findMany(\nCan't reach database server at `ep-rapid-resonance-ao44cup4-pooler.c-2.ap-southeast-1.aws.neon.tech:5432`\n\nPlease make sure your database server is running at `ep-rapid-resonance-ao44cup4-pooler.c-2.ap-southeast-1.aws.neon.tech:5432`.","meta":{"database_host":"ep-rapid-resonance-ao44cup4-pooler.c-2.ap-southeast-1.aws.neon.tech","database_port":5432,"modelName":"Quiz"},"name":"PrismaClientKnownRequestError","service":"proctorx-backend","stack":"PrismaClientKnownRequestError: \nInvalid `prisma.quiz.findMany()` invocation in\nD:\\Projects\\ProctorX\\Back-End\\src\\config\\scheduler.js:14:48\n\n  11 const now = new Date();\n  12 \n  13 // 1. Auto-start scheduled PENDING quizzes\n→ 14 const pendingQuizzes = await prisma.quiz.findMany(\nCan't reach database server at `ep-rapid-resonance-ao44cup4-pooler.c-2.ap-southeast-1.aws.neon.tech:5432`\n\nPlease make sure your database server is running at `ep-rapid-resonance-ao44cup4-pooler.c-2.ap-southeast-1.aws.neon.tech:5432`.\n    at $n.handleRequestError (D:\\Projects\\ProctorX\\Back-End\\node_modules\\@prisma\\client\\runtime\\library.js:121:7315)\n    at $n.handleAndLogRequestError (D:\\Projects\\ProctorX\\Back-End\\node_modules\\@prisma\\client\\runtime\\library.js:121:6623)\n    at $n.request (D:\\Projects\\ProctorX\\Back-End\\node_modules\\@prisma\\client\\runtime\\library.js:121:6307)\n    at async l (D:\\Projects\\ProctorX\\Back-End\\node_modules\\@prisma\\client\\runtime\\library.js:130:9633)\n    at async Timeout._onTimeout (D:\\Projects\\ProctorX\\Back-End\\src\\config\\scheduler.js:14:30)","timestamp":"2026-07-07 16:08:43"}
{"clientVersion":"5.22.0","code":"P1001","level":"error","message":"Error inside background scheduler tick: \nInvalid `prisma.quiz.findMany()` invocation in\nD:\\Projects\\ProctorX\\Back-End\\src\\config\\scheduler.js:14:48\n\n  11 const now = new Date();\n  12 \n  13 // 1. Auto-start scheduled PENDING quizzes\n→ 14 const pendingQuizzes = await prisma.quiz.findMany(\nCan't reach database server at `ep-rapid-resonance-ao44cup4-pooler.c-2.ap-southeast-1.aws.neon.tech:5432`\n\nPlease make sure your database server is running at `ep-rapid-resonance-ao44cup4-pooler.c-2.ap-southeast-1.aws.neon.tech:5432`.","meta":{"database_host":"ep-rapid-resonance-ao44cup4-pooler.c-2.ap-southeast-1.aws.neon.tech","database_port":5432,"modelName":"Quiz"},"name":"PrismaClientKnownRequestError","service":"proctorx-backend","stack":"PrismaClientKnownRequestError: \nInvalid `prisma.quiz.findMany()` invocation in\nD:\\Projects\\ProctorX\\Back-End\\src\\config\\scheduler.js:14:48\n\n  11 const now = new Date();\n  12 \n  13 // 1. Auto-start scheduled PENDING quizzes\n→ 14 const pendingQuizzes = await prisma.quiz.findMany(\nCan't reach database server at `ep-rapid-resonance-ao44cup4-pooler.c-2.ap-southeast-1.aws.neon.tech:5432`\n\nPlease make sure your database server is running at `ep-rapid-resonance-ao44cup4-pooler.c-2.ap-southeast-1.aws.neon.tech:5432`.\n    at $n.handleRequestError (D:\\Projects\\ProctorX\\Back-End\\node_modules\\@prisma\\client\\runtime\\library.js:121:7315)\n    at $n.handleAndLogRequestError (D:\\Projects\\ProctorX\\Back-End\\node_modules\\@prisma\\client\\runtime\\library.js:121:6623)\n    at $n.request (D:\\Projects\\ProctorX\\Back-End\\node_modules\\@prisma\\client\\runtime\\library.js:121:6307)\n    at async l (D:\\Projects\\ProctorX\\Back-End\\node_modules\\@prisma\\client\\runtime\\library.js:130:9633)\n    at async Timeout._onTimeout (D:\\Projects\\ProctorX\\Back-End\\src\\config\\scheduler.js:14:30)","timestamp":"2026-07-07 16:08:53"}
{"clientVersion":"5.22.0","code":"P1001","level":"error","message":"Error inside background scheduler tick: \nInvalid `prisma.quiz.findMany()` invocation in\nD:\\Projects\\ProctorX\\Back-End\\src\\config\\scheduler.js:14:48\n\n  11 const now = new Date();\n  12 \n  13 // 1. Auto-start scheduled PENDING quizzes\n→ 14 const pendingQuizzes = await prisma.quiz.findMany(\nCan't reach database server at `ep-rapid-resonance-ao44cup4-pooler.c-2.ap-southeast-1.aws.neon.tech:5432`\n\nPlease make sure your database server is running at `ep-rapid-resonance-ao44cup4-pooler.c-2.ap-southeast-1.aws.neon.tech:5432`.","meta":{"database_host":"ep-rapid-resonance-ao44cup4-pooler.c-2.ap-southeast-1.aws.neon.tech","database_port":5432,"modelName":"Quiz"},"name":"PrismaClientKnownRequestError","service":"proctorx-backend","stack":"PrismaClientKnownRequestError: \nInvalid `prisma.quiz.findMany()` invocation in\nD:\\Projects\\ProctorX\\Back-End\\src\\config\\scheduler.js:14:48\n\n  11 const now = new Date();\n  12 \n  13 // 1. Auto-start scheduled PENDING quizzes\n→ 14 const pendingQuizzes = await prisma.quiz.findMany(\nCan't reach database server at `ep-rapid-resonance-ao44cup4-pooler.c-2.ap-southeast-1.aws.neon.tech:5432`\n\nPlease make sure your database server is running at `ep-rapid-resonance-ao44cup4-pooler.c-2.ap-southeast-1.aws.neon.tech:5432`.\n    at $n.handleRequestError (D:\\Projects\\ProctorX\\Back-End\\node_modules\\@prisma\\client\\runtime\\library.js:121:7315)\n    at $n.handleAndLogRequestError (D:\\Projects\\ProctorX\\Back-End\\node_modules\\@prisma\\client\\runtime\\library.js:121:6623)\n    at $n.request (D:\\Projects\\ProctorX\\Back-End\\node_modules\\@prisma\\client\\runtime\\library.js:121:6307)\n    at async l (D:\\Projects\\ProctorX\\Back-End\\node_modules\\@prisma\\client\\runtime\\library.js:130:9633)\n    at async Timeout._onTimeout (D:\\Projects\\ProctorX\\Back-End\\src\\config\\scheduler.js:14:30)","timestamp":"2026-07-07 16:09:03"}
{"clientVersion":"5.22.0","code":"P1001","level":"error","message":"Error inside background scheduler tick: \nInvalid `prisma.quiz.findMany()` invocation in\nD:\\Projects\\ProctorX\\Back-End\\src\\config\\scheduler.js:14:48\n\n  11 const now = new Date();\n  12 \n  13 // 1. Auto-start scheduled PENDING quizzes\n→ 14 const pendingQuizzes = await prisma.quiz.findMany(\nCan't reach database server at `ep-rapid-resonance-ao44cup4-pooler.c-2.ap-southeast-1.aws.neon.tech:5432`\n\nPlease make sure your database server is running at `ep-rapid-resonance-ao44cup4-pooler.c-2.ap-southeast-1.aws.neon.tech:5432`.","meta":{"database_host":"ep-rapid-resonance-ao44cup4-pooler.c-2.ap-southeast-1.aws.neon.tech","database_port":5432,"modelName":"Quiz"},"name":"PrismaClientKnownRequestError","service":"proctorx-backend","stack":"PrismaClientKnownRequestError: \nInvalid `prisma.quiz.findMany()` invocation in\nD:\\Projects\\ProctorX\\Back-End\\src\\config\\scheduler.js:14:48\n\n  11 const now = new Date();\n  12 \n  13 // 1. Auto-start scheduled PENDING quizzes\n→ 14 const pendingQuizzes = await prisma.quiz.findMany(\nCan't reach database server at `ep-rapid-resonance-ao44cup4-pooler.c-2.ap-southeast-1.aws.neon.tech:5432`\n\nPlease make sure your database server is running at `ep-rapid-resonance-ao44cup4-pooler.c-2.ap-southeast-1.aws.neon.tech:5432`.\n    at $n.handleRequestError (D:\\Projects\\ProctorX\\Back-End\\node_modules\\@prisma\\client\\runtime\\library.js:121:7315)\n    at $n.handleAndLogRequestError (D:\\Projects\\ProctorX\\Back-End\\node_modules\\@prisma\\client\\runtime\\library.js:121:6623)\n    at $n.request (D:\\Projects\\ProctorX\\Back-End\\node_modules\\@prisma\\client\\runtime\\library.js:121:6307)\n    at async l (D:\\Projects\\ProctorX\\Back-End\\node_modules\\@prisma\\client\\runtime\\library.js:130:9633)\n    at async Timeout._onTimeout (D:\\Projects\\ProctorX\\Back-End\\src\\config\\scheduler.js:14:30)","timestamp":"2026-07-07 16:09:13"}
{"clientVersion":"5.22.0","code":"P1001","level":"error","message":"Error inside background scheduler tick: \nInvalid `prisma.quiz.findMany()` invocation in\nD:\\Projects\\ProctorX\\Back-End\\src\\config\\scheduler.js:14:48\n\n  11 const now = new Date();\n  12 \n  13 // 1. Auto-start scheduled PENDING quizzes\n→ 14 const pendingQuizzes = await prisma.quiz.findMany(\nCan't reach database server at `ep-rapid-resonance-ao44cup4-pooler.c-2.ap-southeast-1.aws.neon.tech:5432`\n\nPlease make sure your database server is running at `ep-rapid-resonance-ao44cup4-pooler.c-2.ap-southeast-1.aws.neon.tech:5432`.","meta":{"database_host":"ep-rapid-resonance-ao44cup4-pooler.c-2.ap-southeast-1.aws.neon.tech","database_port":5432,"modelName":"Quiz"},"name":"PrismaClientKnownRequestError","service":"proctorx-backend","stack":"PrismaClientKnownRequestError: \nInvalid `prisma.quiz.findMany()` invocation in\nD:\\Projects\\ProctorX\\Back-End\\src\\config\\scheduler.js:14:48\n\n  11 const now = new Date();\n  12 \n  13 // 1. Auto-start scheduled PENDING quizzes\n→ 14 const pendingQuizzes = await prisma.quiz.findMany(\nCan't reach database server at `ep-rapid-resonance-ao44cup4-pooler.c-2.ap-southeast-1.aws.neon.tech:5432`\n\nPlease make sure your database server is running at `ep-rapid-resonance-ao44cup4-pooler.c-2.ap-southeast-1.aws.neon.tech:5432`.\n    at $n.handleRequestError (D:\\Projects\\ProctorX\\Back-End\\node_modules\\@prisma\\client\\runtime\\library.js:121:7315)\n    at $n.handleAndLogRequestError (D:\\Projects\\ProctorX\\Back-End\\node_modules\\@prisma\\client\\runtime\\library.js:121:6623)\n    at $n.request (D:\\Projects\\ProctorX\\Back-End\\node_modules\\@prisma\\client\\runtime\\library.js:121:6307)\n    at async l (D:\\Projects\\ProctorX\\Back-End\\node_modules\\@prisma\\client\\runtime\\library.js:130:9633)\n    at async Timeout._onTimeout (D:\\Projects\\ProctorX\\Back-End\\src\\config\\scheduler.js:14:30)","timestamp":"2026-07-07 16:09:23"}
{"clientVersion":"5.22.0","code":"P1001","level":"error","message":"Error inside background scheduler tick: \nInvalid `prisma.quiz.findMany()` invocation in\nD:\\Projects\\ProctorX\\Back-End\\src\\config\\scheduler.js:14:48\n\n  11 const now = new Date();\n  12 \n  13 // 1. Auto-start scheduled PENDING quizzes\n→ 14 const pendingQuizzes = await prisma.quiz.findMany(\nCan't reach database server at `ep-rapid-resonance-ao44cup4-pooler.c-2.ap-southeast-1.aws.neon.tech:5432`\n\nPlease make sure your database server is running at `ep-rapid-resonance-ao44cup4-pooler.c-2.ap-southeast-1.aws.neon.tech:5432`.","meta":{"database_host":"ep-rapid-resonance-ao44cup4-pooler.c-2.ap-southeast-1.aws.neon.tech","database_port":5432,"modelName":"Quiz"},"name":"PrismaClientKnownRequestError","service":"proctorx-backend","stack":"PrismaClientKnownRequestError: \nInvalid `prisma.quiz.findMany()` invocation in\nD:\\Projects\\ProctorX\\Back-End\\src\\config\\scheduler.js:14:48\n\n  11 const now = new Date();\n  12 \n  13 // 1. Auto-start scheduled PENDING quizzes\n→ 14 const pendingQuizzes = await prisma.quiz.findMany(\nCan't reach database server at `ep-rapid-resonance-ao44cup4-pooler.c-2.ap-southeast-1.aws.neon.tech:5432`\n\nPlease make sure your database server is running at `ep-rapid-resonance-ao44cup4-pooler.c-2.ap-southeast-1.aws.neon.tech:5432`.\n    at $n.handleRequestError (D:\\Projects\\ProctorX\\Back-End\\node_modules\\@prisma\\client\\runtime\\library.js:121:7315)\n    at $n.handleAndLogRequestError (D:\\Projects\\ProctorX\\Back-End\\node_modules\\@prisma\\client\\runtime\\library.js:121:6623)\n    at $n.request (D:\\Projects\\ProctorX\\Back-End\\node_modules\\@prisma\\client\\runtime\\library.js:121:6307)\n    at async l (D:\\Projects\\ProctorX\\Back-End\\node_modules\\@prisma\\client\\runtime\\library.js:130:9633)\n    at async Timeout._onTimeout (D:\\Projects\\ProctorX\\Back-End\\src\\config\\scheduler.js:14:30)","timestamp":"2026-07-07 16:09:33"}
{"clientVersion":"5.22.0","code":"P1001","level":"error","message":"Error inside background scheduler tick: \nInvalid `prisma.quiz.findMany()` invocation in\nD:\\Projects\\ProctorX\\Back-End\\src\\config\\scheduler.js:14:48\n\n  11 const now = new Date();\n  12 \n  13 // 1. Auto-start scheduled PENDING quizzes\n→ 14 const pendingQuizzes = await prisma.quiz.findMany(\nCan't reach database server at `ep-rapid-resonance-ao44cup4-pooler.c-2.ap-southeast-1.aws.neon.tech:5432`\n\nPlease make sure your database server is running at `ep-rapid-resonance-ao44cup4-pooler.c-2.ap-southeast-1.aws.neon.tech:5432`.","meta":{"database_host":"ep-rapid-resonance-ao44cup4-pooler.c-2.ap-southeast-1.aws.neon.tech","database_port":5432,"modelName":"Quiz"},"name":"PrismaClientKnownRequestError","service":"proctorx-backend","stack":"PrismaClientKnownRequestError: \nInvalid `prisma.quiz.findMany()` invocation in\nD:\\Projects\\ProctorX\\Back-End\\src\\config\\scheduler.js:14:48\n\n  11 const now = new Date();\n  12 \n  13 // 1. Auto-start scheduled PENDING quizzes\n→ 14 const pendingQuizzes = await prisma.quiz.findMany(\nCan't reach database server at `ep-rapid-resonance-ao44cup4-pooler.c-2.ap-southeast-1.aws.neon.tech:5432`\n\nPlease make sure your database server is running at `ep-rapid-resonance-ao44cup4-pooler.c-2.ap-southeast-1.aws.neon.tech:5432`.\n    at $n.handleRequestError (D:\\Projects\\ProctorX\\Back-End\\node_modules\\@prisma\\client\\runtime\\library.js:121:7315)\n    at $n.handleAndLogRequestError (D:\\Projects\\ProctorX\\Back-End\\node_modules\\@prisma\\client\\runtime\\library.js:121:6623)\n    at $n.request (D:\\Projects\\ProctorX\\Back-End\\node_modules\\@prisma\\client\\runtime\\library.js:121:6307)\n    at async l (D:\\Projects\\ProctorX\\Back-End\\node_modules\\@prisma\\client\\runtime\\library.js:130:9633)\n    at async Timeout._onTimeout (D:\\Projects\\ProctorX\\Back-End\\src\\config\\scheduler.js:14:30)","timestamp":"2026-07-07 16:09:43"}
{"clientVersion":"5.22.0","code":"P1001","level":"error","message":"Error inside background scheduler tick: \nInvalid `prisma.quiz.findMany()` invocation in\nD:\\Projects\\ProctorX\\Back-End\\src\\config\\scheduler.js:14:48\n\n  11 const now = new Date();\n  12 \n  13 // 1. Auto-start scheduled PENDING quizzes\n→ 14 const pendingQuizzes = await prisma.quiz.findMany(\nCan't reach database server at `ep-rapid-resonance-ao44cup4-pooler.c-2.ap-southeast-1.aws.neon.tech:5432`\n\nPlease make sure your database server is running at `ep-rapid-resonance-ao44cup4-pooler.c-2.ap-southeast-1.aws.neon.tech:5432`.","meta":{"database_host":"ep-rapid-resonance-ao44cup4-pooler.c-2.ap-southeast-1.aws.neon.tech","database_port":5432,"modelName":"Quiz"},"name":"PrismaClientKnownRequestError","service":"proctorx-backend","stack":"PrismaClientKnownRequestError: \nInvalid `prisma.quiz.findMany()` invocation in\nD:\\Projects\\ProctorX\\Back-End\\src\\config\\scheduler.js:14:48\n\n  11 const now = new Date();\n  12 \n  13 // 1. Auto-start scheduled PENDING quizzes\n→ 14 const pendingQuizzes = await prisma.quiz.findMany(\nCan't reach database server at `ep-rapid-resonance-ao44cup4-pooler.c-2.ap-southeast-1.aws.neon.tech:5432`\n\nPlease make sure your database server is running at `ep-rapid-resonance-ao44cup4-pooler.c-2.ap-southeast-1.aws.neon.tech:5432`.\n    at $n.handleRequestError (D:\\Projects\\ProctorX\\Back-End\\node_modules\\@prisma\\client\\runtime\\library.js:121:7315)\n    at $n.handleAndLogRequestError (D:\\Projects\\ProctorX\\Back-End\\node_modules\\@prisma\\client\\runtime\\library.js:121:6623)\n    at $n.request (D:\\Projects\\ProctorX\\Back-End\\node_modules\\@prisma\\client\\runtime\\library.js:121:6307)\n    at async l (D:\\Projects\\ProctorX\\Back-End\\node_modules\\@prisma\\client\\runtime\\library.js:130:9633)\n    at async Timeout._onTimeout (D:\\Projects\\ProctorX\\Back-End\\src\\config\\scheduler.js:14:30)","timestamp":"2026-07-07 16:09:53"}
{"clientVersion":"5.22.0","code":"P1001","level":"error","message":"Error inside background scheduler tick: \nInvalid `prisma.quiz.findMany()` invocation in\nD:\\Projects\\ProctorX\\Back-End\\src\\config\\scheduler.js:14:48\n\n  11 const now = new Date();\n  12 \n  13 // 1. Auto-start scheduled PENDING quizzes\n→ 14 const pendingQuizzes = await prisma.quiz.findMany(\nCan't reach database server at `ep-rapid-resonance-ao44cup4-pooler.c-2.ap-southeast-1.aws.neon.tech:5432`\n\nPlease make sure your database server is running at `ep-rapid-resonance-ao44cup4-pooler.c-2.ap-southeast-1.aws.neon.tech:5432`.","meta":{"database_host":"ep-rapid-resonance-ao44cup4-pooler.c-2.ap-southeast-1.aws.neon.tech","database_port":5432,"modelName":"Quiz"},"name":"PrismaClientKnownRequestError","service":"proctorx-backend","stack":"PrismaClientKnownRequestError: \nInvalid `prisma.quiz.findMany()` invocation in\nD:\\Projects\\ProctorX\\Back-End\\src\\config\\scheduler.js:14:48\n\n  11 const now = new Date();\n  12 \n  13 // 1. Auto-start scheduled PENDING quizzes\n→ 14 const pendingQuizzes = await prisma.quiz.findMany(\nCan't reach database server at `ep-rapid-resonance-ao44cup4-pooler.c-2.ap-southeast-1.aws.neon.tech:5432`\n\nPlease make sure your database server is running at `ep-rapid-resonance-ao44cup4-pooler.c-2.ap-southeast-1.aws.neon.tech:5432`.\n    at $n.handleRequestError (D:\\Projects\\ProctorX\\Back-End\\node_modules\\@prisma\\client\\runtime\\library.js:121:7315)\n    at $n.handleAndLogRequestError (D:\\Projects\\ProctorX\\Back-End\\node_modules\\@prisma\\client\\runtime\\library.js:121:6623)\n    at $n.request (D:\\Projects\\ProctorX\\Back-End\\node_modules\\@prisma\\client\\runtime\\library.js:121:6307)\n    at async l (D:\\Projects\\ProctorX\\Back-End\\node_modules\\@prisma\\client\\runtime\\library.js:130:9633)\n    at async Timeout._onTimeout (D:\\Projects\\ProctorX\\Back-End\\src\\config\\scheduler.js:14:30)","timestamp":"2026-07-07 16:10:03"}
{"clientVersion":"5.22.0","code":"P1001","level":"error","message":"Error inside background scheduler tick: \nInvalid `prisma.quiz.findMany()` invocation in\nD:\\Projects\\ProctorX\\Back-End\\src\\config\\scheduler.js:14:48\n\n  11 const now = new Date();\n  12 \n  13 // 1. Auto-start scheduled PENDING quizzes\n→ 14 const pendingQuizzes = await prisma.quiz.findMany(\nCan't reach database server at `ep-rapid-resonance-ao44cup4-pooler.c-2.ap-southeast-1.aws.neon.tech:5432`\n\nPlease make sure your database server is running at `ep-rapid-resonance-ao44cup4-pooler.c-2.ap-southeast-1.aws.neon.tech:5432`.","meta":{"database_host":"ep-rapid-resonance-ao44cup4-pooler.c-2.ap-southeast-1.aws.neon.tech","database_port":5432,"modelName":"Quiz"},"name":"PrismaClientKnownRequestError","service":"proctorx-backend","stack":"PrismaClientKnownRequestError: \nInvalid `prisma.quiz.findMany()` invocation in\nD:\\Projects\\ProctorX\\Back-End\\src\\config\\scheduler.js:14:48\n\n  11 const now = new Date();\n  12 \n  13 // 1. Auto-start scheduled PENDING quizzes\n→ 14 const pendingQuizzes = await prisma.quiz.findMany(\nCan't reach database server at `ep-rapid-resonance-ao44cup4-pooler.c-2.ap-southeast-1.aws.neon.tech:5432`\n\nPlease make sure your database server is running at `ep-rapid-resonance-ao44cup4-pooler.c-2.ap-southeast-1.aws.neon.tech:5432`.\n    at $n.handleRequestError (D:\\Projects\\ProctorX\\Back-End\\node_modules\\@prisma\\client\\runtime\\library.js:121:7315)\n    at $n.handleAndLogRequestError (D:\\Projects\\ProctorX\\Back-End\\node_modules\\@prisma\\client\\runtime\\library.js:121:6623)\n    at $n.request (D:\\Projects\\ProctorX\\Back-End\\node_modules\\@prisma\\client\\runtime\\library.js:121:6307)\n    at async l (D:\\Projects\\ProctorX\\Back-End\\node_modules\\@prisma\\client\\runtime\\library.js:130:9633)\n    at async Timeout._onTimeout (D:\\Projects\\ProctorX\\Back-End\\src\\config\\scheduler.js:14:30)","timestamp":"2026-07-07 16:10:13"}
{"clientVersion":"5.22.0","code":"P1001","level":"error","message":"Error inside background scheduler tick: \nInvalid `prisma.quiz.findMany()` invocation in\nD:\\Projects\\ProctorX\\Back-End\\src\\config\\scheduler.js:14:48\n\n  11 const now = new Date();\n  12 \n  13 // 1. Auto-start scheduled PENDING quizzes\n→ 14 const pendingQuizzes = await prisma.quiz.findMany(\nCan't reach database server at `ep-rapid-resonance-ao44cup4-pooler.c-2.ap-southeast-1.aws.neon.tech:5432`\n\nPlease make sure your database server is running at `ep-rapid-resonance-ao44cup4-pooler.c-2.ap-southeast-1.aws.neon.tech:5432`.","meta":{"database_host":"ep-rapid-resonance-ao44cup4-pooler.c-2.ap-southeast-1.aws.neon.tech","database_port":5432,"modelName":"Quiz"},"name":"PrismaClientKnownRequestError","service":"proctorx-backend","stack":"PrismaClientKnownRequestError: \nInvalid `prisma.quiz.findMany()` invocation in\nD:\\Projects\\ProctorX\\Back-End\\src\\config\\scheduler.js:14:48\n\n  11 const now = new Date();\n  12 \n  13 // 1. Auto-start scheduled PENDING quizzes\n→ 14 const pendingQuizzes = await prisma.quiz.findMany(\nCan't reach database server at `ep-rapid-resonance-ao44cup4-pooler.c-2.ap-southeast-1.aws.neon.tech:5432`\n\nPlease make sure your database server is running at `ep-rapid-resonance-ao44cup4-pooler.c-2.ap-southeast-1.aws.neon.tech:5432`.\n    at $n.handleRequestError (D:\\Projects\\ProctorX\\Back-End\\node_modules\\@prisma\\client\\runtime\\library.js:121:7315)\n    at $n.handleAndLogRequestError (D:\\Projects\\ProctorX\\Back-End\\node_modules\\@prisma\\client\\runtime\\library.js:121:6623)\n    at $n.request (D:\\Projects\\ProctorX\\Back-End\\node_modules\\@prisma\\client\\runtime\\library.js:121:6307)\n    at async l (D:\\Projects\\ProctorX\\Back-End\\node_modules\\@prisma\\client\\runtime\\library.js:130:9633)\n    at async Timeout._onTimeout (D:\\Projects\\ProctorX\\Back-End\\src\\config\\scheduler.js:14:30)","timestamp":"2026-07-07 16:10:23"}
{"clientVersion":"5.22.0","code":"P1001","level":"error","message":"Error inside background scheduler tick: \nInvalid `prisma.quiz.findMany()` invocation in\nD:\\Projects\\ProctorX\\Back-End\\src\\config\\scheduler.js:14:48\n\n  11 const now = new Date();\n  12 \n  13 // 1. Auto-start scheduled PENDING quizzes\n→ 14 const pendingQuizzes = await prisma.quiz.findMany(\nCan't reach database server at `ep-rapid-resonance-ao44cup4-pooler.c-2.ap-southeast-1.aws.neon.tech:5432`\n\nPlease make sure your database server is running at `ep-rapid-resonance-ao44cup4-pooler.c-2.ap-southeast-1.aws.neon.tech:5432`.","meta":{"database_host":"ep-rapid-resonance-ao44cup4-pooler.c-2.ap-southeast-1.aws.neon.tech","database_port":5432,"modelName":"Quiz"},"name":"PrismaClientKnownRequestError","service":"proctorx-backend","stack":"PrismaClientKnownRequestError: \nInvalid `prisma.quiz.findMany()` invocation in\nD:\\Projects\\ProctorX\\Back-End\\src\\config\\scheduler.js:14:48\n\n  11 const now = new Date();\n  12 \n  13 // 1. Auto-start scheduled PENDING quizzes\n→ 14 const pendingQuizzes = await prisma.quiz.findMany(\nCan't reach database server at `ep-rapid-resonance-ao44cup4-pooler.c-2.ap-southeast-1.aws.neon.tech:5432`\n\nPlease make sure your database server is running at `ep-rapid-resonance-ao44cup4-pooler.c-2.ap-southeast-1.aws.neon.tech:5432`.\n    at $n.handleRequestError (D:\\Projects\\ProctorX\\Back-End\\node_modules\\@prisma\\client\\runtime\\library.js:121:7315)\n    at $n.handleAndLogRequestError (D:\\Projects\\ProctorX\\Back-End\\node_modules\\@prisma\\client\\runtime\\library.js:121:6623)\n    at $n.request (D:\\Projects\\ProctorX\\Back-End\\node_modules\\@prisma\\client\\runtime\\library.js:121:6307)\n    at async l (D:\\Projects\\ProctorX\\Back-End\\node_modules\\@prisma\\client\\runtime\\library.js:130:9633)\n    at async Timeout._onTimeout (D:\\Projects\\ProctorX\\Back-End\\src\\config\\scheduler.js:14:30)","timestamp":"2026-07-07 16:10:33"}
{"clientVersion":"5.22.0","code":"P1001","level":"error","message":"Error inside background scheduler tick: \nInvalid `prisma.quiz.findMany()` invocation in\nD:\\Projects\\ProctorX\\Back-End\\src\\config\\scheduler.js:14:48\n\n  11 const now = new Date();\n  12 \n  13 // 1. Auto-start scheduled PENDING quizzes\n→ 14 const pendingQuizzes = await prisma.quiz.findMany(\nCan't reach database server at `ep-rapid-resonance-ao44cup4-pooler.c-2.ap-southeast-1.aws.neon.tech:5432`\n\nPlease make sure your database server is running at `ep-rapid-resonance-ao44cup4-pooler.c-2.ap-southeast-1.aws.neon.tech:5432`.","meta":{"database_host":"ep-rapid-resonance-ao44cup4-pooler.c-2.ap-southeast-1.aws.neon.tech","database_port":5432,"modelName":"Quiz"},"name":"PrismaClientKnownRequestError","service":"proctorx-backend","stack":"PrismaClientKnownRequestError: \nInvalid `prisma.quiz.findMany()` invocation in\nD:\\Projects\\ProctorX\\Back-End\\src\\config\\scheduler.js:14:48\n\n  11 const now = new Date();\n  12 \n  13 // 1. Auto-start scheduled PENDING quizzes\n→ 14 const pendingQuizzes = await prisma.quiz.findMany(\nCan't reach database server at `ep-rapid-resonance-ao44cup4-pooler.c-2.ap-southeast-1.aws.neon.tech:5432`\n\nPlease make sure your database server is running at `ep-rapid-resonance-ao44cup4-pooler.c-2.ap-southeast-1.aws.neon.tech:5432`.\n    at $n.handleRequestError (D:\\Projects\\ProctorX\\Back-End\\node_modules\\@prisma\\client\\runtime\\library.js:121:7315)\n    at $n.handleAndLogRequestError (D:\\Projects\\ProctorX\\Back-End\\node_modules\\@prisma\\client\\runtime\\library.js:121:6623)\n    at $n.request (D:\\Projects\\ProctorX\\Back-End\\node_modules\\@prisma\\client\\runtime\\library.js:121:6307)\n    at async l (D:\\Projects\\ProctorX\\Back-End\\node_modules\\@prisma\\client\\runtime\\library.js:130:9633)\n    at async Timeout._onTimeout (D:\\Projects\\ProctorX\\Back-End\\src\\config\\scheduler.js:14:30)","timestamp":"2026-07-07 16:10:43"}
{"clientVersion":"5.22.0","code":"P1001","level":"error","message":"Error inside background scheduler tick: \nInvalid `prisma.quiz.findMany()` invocation in\nD:\\Projects\\ProctorX\\Back-End\\src\\config\\scheduler.js:14:48\n\n  11 const now = new Date();\n  12 \n  13 // 1. Auto-start scheduled PENDING quizzes\n→ 14 const pendingQuizzes = await prisma.quiz.findMany(\nCan't reach database server at `ep-rapid-resonance-ao44cup4-pooler.c-2.ap-southeast-1.aws.neon.tech:5432`\n\nPlease make sure your database server is running at `ep-rapid-resonance-ao44cup4-pooler.c-2.ap-southeast-1.aws.neon.tech:5432`.","meta":{"database_host":"ep-rapid-resonance-ao44cup4-pooler.c-2.ap-southeast-1.aws.neon.tech","database_port":5432,"modelName":"Quiz"},"name":"PrismaClientKnownRequestError","service":"proctorx-backend","stack":"PrismaClientKnownRequestError: \nInvalid `prisma.quiz.findMany()` invocation in\nD:\\Projects\\ProctorX\\Back-End\\src\\config\\scheduler.js:14:48\n\n  11 const now = new Date();\n  12 \n  13 // 1. Auto-start scheduled PENDING quizzes\n→ 14 const pendingQuizzes = await prisma.quiz.findMany(\nCan't reach database server at `ep-rapid-resonance-ao44cup4-pooler.c-2.ap-southeast-1.aws.neon.tech:5432`\n\nPlease make sure your database server is running at `ep-rapid-resonance-ao44cup4-pooler.c-2.ap-southeast-1.aws.neon.tech:5432`.\n    at $n.handleRequestError (D:\\Projects\\ProctorX\\Back-End\\node_modules\\@prisma\\client\\runtime\\library.js:121:7315)\n    at $n.handleAndLogRequestError (D:\\Projects\\ProctorX\\Back-End\\node_modules\\@prisma\\client\\runtime\\library.js:121:6623)\n    at $n.request (D:\\Projects\\ProctorX\\Back-End\\node_modules\\@prisma\\client\\runtime\\library.js:121:6307)\n    at async l (D:\\Projects\\ProctorX\\Back-End\\node_modules\\@prisma\\client\\runtime\\library.js:130:9633)\n    at async Timeout._onTimeout (D:\\Projects\\ProctorX\\Back-End\\src\\config\\scheduler.js:14:30)","timestamp":"2026-07-07 16:10:53"}
{"clientVersion":"5.22.0","code":"P1001","level":"error","message":"Error inside background scheduler tick: \nInvalid `prisma.quiz.findMany()` invocation in\nD:\\Projects\\ProctorX\\Back-End\\src\\config\\scheduler.js:14:48\n\n  11 const now = new Date();\n  12 \n  13 // 1. Auto-start scheduled PENDING quizzes\n→ 14 const pendingQuizzes = await prisma.quiz.findMany(\nCan't reach database server at `ep-rapid-resonance-ao44cup4-pooler.c-2.ap-southeast-1.aws.neon.tech:5432`\n\nPlease make sure your database server is running at `ep-rapid-resonance-ao44cup4-pooler.c-2.ap-southeast-1.aws.neon.tech:5432`.","meta":{"database_host":"ep-rapid-resonance-ao44cup4-pooler.c-2.ap-southeast-1.aws.neon.tech","database_port":5432,"modelName":"Quiz"},"name":"PrismaClientKnownRequestError","service":"proctorx-backend","stack":"PrismaClientKnownRequestError: \nInvalid `prisma.quiz.findMany()` invocation in\nD:\\Projects\\ProctorX\\Back-End\\src\\config\\scheduler.js:14:48\n\n  11 const now = new Date();\n  12 \n  13 // 1. Auto-start scheduled PENDING quizzes\n→ 14 const pendingQuizzes = await prisma.quiz.findMany(\nCan't reach database server at `ep-rapid-resonance-ao44cup4-pooler.c-2.ap-southeast-1.aws.neon.tech:5432`\n\nPlease make sure your database server is running at `ep-rapid-resonance-ao44cup4-pooler.c-2.ap-southeast-1.aws.neon.tech:5432`.\n    at $n.handleRequestError (D:\\Projects\\ProctorX\\Back-End\\node_modules\\@prisma\\client\\runtime\\library.js:121:7315)\n    at $n.handleAndLogRequestError (D:\\Projects\\ProctorX\\Back-End\\node_modules\\@prisma\\client\\runtime\\library.js:121:6623)\n    at $n.request (D:\\Projects\\ProctorX\\Back-End\\node_modules\\@prisma\\client\\runtime\\library.js:121:6307)\n    at async l (D:\\Projects\\ProctorX\\Back-End\\node_modules\\@prisma\\client\\runtime\\library.js:130:9633)\n    at async Timeout._onTimeout (D:\\Projects\\ProctorX\\Back-End\\src\\config\\scheduler.js:14:30)","timestamp":"2026-07-07 16:11:03"}
{"clientVersion":"5.22.0","code":"P1001","level":"error","message":"Error inside background scheduler tick: \nInvalid `prisma.quiz.findMany()` invocation in\nD:\\Projects\\ProctorX\\Back-End\\src\\config\\scheduler.js:14:48\n\n  11 const now = new Date();\n  12 \n  13 // 1. Auto-start scheduled PENDING quizzes\n→ 14 const pendingQuizzes = await prisma.quiz.findMany(\nCan't reach database server at `ep-rapid-resonance-ao44cup4-pooler.c-2.ap-southeast-1.aws.neon.tech:5432`\n\nPlease make sure your database server is running at `ep-rapid-resonance-ao44cup4-pooler.c-2.ap-southeast-1.aws.neon.tech:5432`.","meta":{"database_host":"ep-rapid-resonance-ao44cup4-pooler.c-2.ap-southeast-1.aws.neon.tech","database_port":5432,"modelName":"Quiz"},"name":"PrismaClientKnownRequestError","service":"proctorx-backend","stack":"PrismaClientKnownRequestError: \nInvalid `prisma.quiz.findMany()` invocation in\nD:\\Projects\\ProctorX\\Back-End\\src\\config\\scheduler.js:14:48\n\n  11 const now = new Date();\n  12 \n  13 // 1. Auto-start scheduled PENDING quizzes\n→ 14 const pendingQuizzes = await prisma.quiz.findMany(\nCan't reach database server at `ep-rapid-resonance-ao44cup4-pooler.c-2.ap-southeast-1.aws.neon.tech:5432`\n\nPlease make sure your database server is running at `ep-rapid-resonance-ao44cup4-pooler.c-2.ap-southeast-1.aws.neon.tech:5432`.\n    at $n.handleRequestError (D:\\Projects\\ProctorX\\Back-End\\node_modules\\@prisma\\client\\runtime\\library.js:121:7315)\n    at $n.handleAndLogRequestError (D:\\Projects\\ProctorX\\Back-End\\node_modules\\@prisma\\client\\runtime\\library.js:121:6623)\n    at $n.request (D:\\Projects\\ProctorX\\Back-End\\node_modules\\@prisma\\client\\runtime\\library.js:121:6307)\n    at async l (D:\\Projects\\ProctorX\\Back-End\\node_modules\\@prisma\\client\\runtime\\library.js:130:9633)\n    at async Timeout._onTimeout (D:\\Projects\\ProctorX\\Back-End\\src\\config\\scheduler.js:14:30)","timestamp":"2026-07-07 16:11:13"}
{"clientVersion":"5.22.0","code":"P1001","level":"error","message":"Error inside background scheduler tick: \nInvalid `prisma.quiz.findMany()` invocation in\nD:\\Projects\\ProctorX\\Back-End\\src\\config\\scheduler.js:14:48\n\n  11 const now = new Date();\n  12 \n  13 // 1. Auto-start scheduled PENDING quizzes\n→ 14 const pendingQuizzes = await prisma.quiz.findMany(\nCan't reach database server at `ep-rapid-resonance-ao44cup4-pooler.c-2.ap-southeast-1.aws.neon.tech:5432`\n\nPlease make sure your database server is running at `ep-rapid-resonance-ao44cup4-pooler.c-2.ap-southeast-1.aws.neon.tech:5432`.","meta":{"database_host":"ep-rapid-resonance-ao44cup4-pooler.c-2.ap-southeast-1.aws.neon.tech","database_port":5432,"modelName":"Quiz"},"name":"PrismaClientKnownRequestError","service":"proctorx-backend","stack":"PrismaClientKnownRequestError: \nInvalid `prisma.quiz.findMany()` invocation in\nD:\\Projects\\ProctorX\\Back-End\\src\\config\\scheduler.js:14:48\n\n  11 const now = new Date();\n  12 \n  13 // 1. Auto-start scheduled PENDING quizzes\n→ 14 const pendingQuizzes = await prisma.quiz.findMany(\nCan't reach database server at `ep-rapid-resonance-ao44cup4-pooler.c-2.ap-southeast-1.aws.neon.tech:5432`\n\nPlease make sure your database server is running at `ep-rapid-resonance-ao44cup4-pooler.c-2.ap-southeast-1.aws.neon.tech:5432`.\n    at $n.handleRequestError (D:\\Projects\\ProctorX\\Back-End\\node_modules\\@prisma\\client\\runtime\\library.js:121:7315)\n    at $n.handleAndLogRequestError (D:\\Projects\\ProctorX\\Back-End\\node_modules\\@prisma\\client\\runtime\\library.js:121:6623)\n    at $n.request (D:\\Projects\\ProctorX\\Back-End\\node_modules\\@prisma\\client\\runtime\\library.js:121:6307)\n    at async l (D:\\Projects\\ProctorX\\Back-End\\node_modules\\@prisma\\client\\runtime\\library.js:130:9633)\n    at async Timeout._onTimeout (D:\\Projects\\ProctorX\\Back-End\\src\\config\\scheduler.js:14:30)","timestamp":"2026-07-07 16:11:23"}
{"clientVersion":"5.22.0","code":"P1001","level":"error","message":"Error inside background scheduler tick: \nInvalid `prisma.quiz.findMany()` invocation in\nD:\\Projects\\ProctorX\\Back-End\\src\\config\\scheduler.js:14:48\n\n  11 const now = new Date();\n  12 \n  13 // 1. Auto-start scheduled PENDING quizzes\n→ 14 const pendingQuizzes = await prisma.quiz.findMany(\nCan't reach database server at `ep-rapid-resonance-ao44cup4-pooler.c-2.ap-southeast-1.aws.neon.tech:5432`\n\nPlease make sure your database server is running at `ep-rapid-resonance-ao44cup4-pooler.c-2.ap-southeast-1.aws.neon.tech:5432`.","meta":{"database_host":"ep-rapid-resonance-ao44cup4-pooler.c-2.ap-southeast-1.aws.neon.tech","database_port":5432,"modelName":"Quiz"},"name":"PrismaClientKnownRequestError","service":"proctorx-backend","stack":"PrismaClientKnownRequestError: \nInvalid `prisma.quiz.findMany()` invocation in\nD:\\Projects\\ProctorX\\Back-End\\src\\config\\scheduler.js:14:48\n\n  11 const now = new Date();\n  12 \n  13 // 1. Auto-start scheduled PENDING quizzes\n→ 14 const pendingQuizzes = await prisma.quiz.findMany(\nCan't reach database server at `ep-rapid-resonance-ao44cup4-pooler.c-2.ap-southeast-1.aws.neon.tech:5432`\n\nPlease make sure your database server is running at `ep-rapid-resonance-ao44cup4-pooler.c-2.ap-southeast-1.aws.neon.tech:5432`.\n    at $n.handleRequestError (D:\\Projects\\ProctorX\\Back-End\\node_modules\\@prisma\\client\\runtime\\library.js:121:7315)\n    at $n.handleAndLogRequestError (D:\\Projects\\ProctorX\\Back-End\\node_modules\\@prisma\\client\\runtime\\library.js:121:6623)\n    at $n.request (D:\\Projects\\ProctorX\\Back-End\\node_modules\\@prisma\\client\\runtime\\library.js:121:6307)\n    at async l (D:\\Projects\\ProctorX\\Back-End\\node_modules\\@prisma\\client\\runtime\\library.js:130:9633)\n    at async Timeout._onTimeout (D:\\Projects\\ProctorX\\Back-End\\src\\config\\scheduler.js:14:30)","timestamp":"2026-07-07 16:11:33"}
{"clientVersion":"5.22.0","code":"P1001","level":"error","message":"Error inside background scheduler tick: \nInvalid `prisma.quiz.findMany()` invocation in\nD:\\Projects\\ProctorX\\Back-End\\src\\config\\scheduler.js:14:48\n\n  11 const now = new Date();\n  12 \n  13 // 1. Auto-start scheduled PENDING quizzes\n→ 14 const pendingQuizzes = await prisma.quiz.findMany(\nCan't reach database server at `ep-rapid-resonance-ao44cup4-pooler.c-2.ap-southeast-1.aws.neon.tech:5432`\n\nPlease make sure your database server is running at `ep-rapid-resonance-ao44cup4-pooler.c-2.ap-southeast-1.aws.neon.tech:5432`.","meta":{"database_host":"ep-rapid-resonance-ao44cup4-pooler.c-2.ap-southeast-1.aws.neon.tech","database_port":5432,"modelName":"Quiz"},"name":"PrismaClientKnownRequestError","service":"proctorx-backend","stack":"PrismaClientKnownRequestError: \nInvalid `prisma.quiz.findMany()` invocation in\nD:\\Projects\\ProctorX\\Back-End\\src\\config\\scheduler.js:14:48\n\n  11 const now = new Date();\n  12 \n  13 // 1. Auto-start scheduled PENDING quizzes\n→ 14 const pendingQuizzes = await prisma.quiz.findMany(\nCan't reach database server at `ep-rapid-resonance-ao44cup4-pooler.c-2.ap-southeast-1.aws.neon.tech:5432`\n\nPlease make sure your database server is running at `ep-rapid-resonance-ao44cup4-pooler.c-2.ap-southeast-1.aws.neon.tech:5432`.\n    at $n.handleRequestError (D:\\Projects\\ProctorX\\Back-End\\node_modules\\@prisma\\client\\runtime\\library.js:121:7315)\n    at $n.handleAndLogRequestError (D:\\Projects\\ProctorX\\Back-End\\node_modules\\@prisma\\client\\runtime\\library.js:121:6623)\n    at $n.request (D:\\Projects\\ProctorX\\Back-End\\node_modules\\@prisma\\client\\runtime\\library.js:121:6307)\n    at async l (D:\\Projects\\ProctorX\\Back-End\\node_modules\\@prisma\\client\\runtime\\library.js:130:9633)\n    at async Timeout._onTimeout (D:\\Projects\\ProctorX\\Back-End\\src\\config\\scheduler.js:14:30)","timestamp":"2026-07-07 16:11:43"}
{"clientVersion":"5.22.0","code":"P1001","level":"error","message":"Error inside background scheduler tick: \nInvalid `prisma.quiz.findMany()` invocation in\nD:\\Projects\\ProctorX\\Back-End\\src\\config\\scheduler.js:14:48\n\n  11 const now = new Date();\n  12 \n  13 // 1. Auto-start scheduled PENDING quizzes\n→ 14 const pendingQuizzes = await prisma.quiz.findMany(\nCan't reach database server at `ep-rapid-resonance-ao44cup4-pooler.c-2.ap-southeast-1.aws.neon.tech:5432`\n\nPlease make sure your database server is running at `ep-rapid-resonance-ao44cup4-pooler.c-2.ap-southeast-1.aws.neon.tech:5432`.","meta":{"database_host":"ep-rapid-resonance-ao44cup4-pooler.c-2.ap-southeast-1.aws.neon.tech","database_port":5432,"modelName":"Quiz"},"name":"PrismaClientKnownRequestError","service":"proctorx-backend","stack":"PrismaClientKnownRequestError: \nInvalid `prisma.quiz.findMany()` invocation in\nD:\\Projects\\ProctorX\\Back-End\\src\\config\\scheduler.js:14:48\n\n  11 const now = new Date();\n  12 \n  13 // 1. Auto-start scheduled PENDING quizzes\n→ 14 const pendingQuizzes = await prisma.quiz.findMany(\nCan't reach database server at `ep-rapid-resonance-ao44cup4-pooler.c-2.ap-southeast-1.aws.neon.tech:5432`\n\nPlease make sure your database server is running at `ep-rapid-resonance-ao44cup4-pooler.c-2.ap-southeast-1.aws.neon.tech:5432`.\n    at $n.handleRequestError (D:\\Projects\\ProctorX\\Back-End\\node_modules\\@prisma\\client\\runtime\\library.js:121:7315)\n    at $n.handleAndLogRequestError (D:\\Projects\\ProctorX\\Back-End\\node_modules\\@prisma\\client\\runtime\\library.js:121:6623)\n    at $n.request (D:\\Projects\\ProctorX\\Back-End\\node_modules\\@prisma\\client\\runtime\\library.js:121:6307)\n    at async l (D:\\Projects\\ProctorX\\Back-End\\node_modules\\@prisma\\client\\runtime\\library.js:130:9633)\n    at async Timeout._onTimeout (D:\\Projects\\ProctorX\\Back-End\\src\\config\\scheduler.js:14:30)","timestamp":"2026-07-07 16:11:53"}
{"clientVersion":"5.22.0","code":"P1001","level":"error","message":"Error inside background scheduler tick: \nInvalid `prisma.quiz.findMany()` invocation in\nD:\\Projects\\ProctorX\\Back-End\\src\\config\\scheduler.js:14:48\n\n  11 const now = new Date();\n  12 \n  13 // 1. Auto-start scheduled PENDING quizzes\n→ 14 const pendingQuizzes = await prisma.quiz.findMany(\nCan't reach database server at `ep-rapid-resonance-ao44cup4-pooler.c-2.ap-southeast-1.aws.neon.tech:5432`\n\nPlease make sure your database server is running at `ep-rapid-resonance-ao44cup4-pooler.c-2.ap-southeast-1.aws.neon.tech:5432`.","meta":{"database_host":"ep-rapid-resonance-ao44cup4-pooler.c-2.ap-southeast-1.aws.neon.tech","database_port":5432,"modelName":"Quiz"},"name":"PrismaClientKnownRequestError","service":"proctorx-backend","stack":"PrismaClientKnownRequestError: \nInvalid `prisma.quiz.findMany()` invocation in\nD:\\Projects\\ProctorX\\Back-End\\src\\config\\scheduler.js:14:48\n\n  11 const now = new Date();\n  12 \n  13 // 1. Auto-start scheduled PENDING quizzes\n→ 14 const pendingQuizzes = await prisma.quiz.findMany(\nCan't reach database server at `ep-rapid-resonance-ao44cup4-pooler.c-2.ap-southeast-1.aws.neon.tech:5432`\n\nPlease make sure your database server is running at `ep-rapid-resonance-ao44cup4-pooler.c-2.ap-southeast-1.aws.neon.tech:5432`.\n    at $n.handleRequestError (D:\\Projects\\ProctorX\\Back-End\\node_modules\\@prisma\\client\\runtime\\library.js:121:7315)\n    at $n.handleAndLogRequestError (D:\\Projects\\ProctorX\\Back-End\\node_modules\\@prisma\\client\\runtime\\library.js:121:6623)\n    at $n.request (D:\\Projects\\ProctorX\\Back-End\\node_modules\\@prisma\\client\\runtime\\library.js:121:6307)\n    at async l (D:\\Projects\\ProctorX\\Back-End\\node_modules\\@prisma\\client\\runtime\\library.js:130:9633)\n    at async Timeout._onTimeout (D:\\Projects\\ProctorX\\Back-End\\src\\config\\scheduler.js:14:30)","timestamp":"2026-07-07 16:12:03"}
{"clientVersion":"5.22.0","code":"P1001","level":"error","message":"Error inside background scheduler tick: \nInvalid `prisma.quiz.findMany()` invocation in\nD:\\Projects\\ProctorX\\Back-End\\src\\config\\scheduler.js:14:48\n\n  11 const now = new Date();\n  12 \n  13 // 1. Auto-start scheduled PENDING quizzes\n→ 14 const pendingQuizzes = await prisma.quiz.findMany(\nCan't reach database server at `ep-rapid-resonance-ao44cup4-pooler.c-2.ap-southeast-1.aws.neon.tech:5432`\n\nPlease make sure your database server is running at `ep-rapid-resonance-ao44cup4-pooler.c-2.ap-southeast-1.aws.neon.tech:5432`.","meta":{"database_host":"ep-rapid-resonance-ao44cup4-pooler.c-2.ap-southeast-1.aws.neon.tech","database_port":5432,"modelName":"Quiz"},"name":"PrismaClientKnownRequestError","service":"proctorx-backend","stack":"PrismaClientKnownRequestError: \nInvalid `prisma.quiz.findMany()` invocation in\nD:\\Projects\\ProctorX\\Back-End\\src\\config\\scheduler.js:14:48\n\n  11 const now = new Date();\n  12 \n  13 // 1. Auto-start scheduled PENDING quizzes\n→ 14 const pendingQuizzes = await prisma.quiz.findMany(\nCan't reach database server at `ep-rapid-resonance-ao44cup4-pooler.c-2.ap-southeast-1.aws.neon.tech:5432`\n\nPlease make sure your database server is running at `ep-rapid-resonance-ao44cup4-pooler.c-2.ap-southeast-1.aws.neon.tech:5432`.\n    at $n.handleRequestError (D:\\Projects\\ProctorX\\Back-End\\node_modules\\@prisma\\client\\runtime\\library.js:121:7315)\n    at $n.handleAndLogRequestError (D:\\Projects\\ProctorX\\Back-End\\node_modules\\@prisma\\client\\runtime\\library.js:121:6623)\n    at $n.request (D:\\Projects\\ProctorX\\Back-End\\node_modules\\@prisma\\client\\runtime\\library.js:121:6307)\n    at async l (D:\\Projects\\ProctorX\\Back-End\\node_modules\\@prisma\\client\\runtime\\library.js:130:9633)\n    at async Timeout._onTimeout (D:\\Projects\\ProctorX\\Back-End\\src\\config\\scheduler.js:14:30)","timestamp":"2026-07-07 16:12:13"}
{"clientVersion":"5.22.0","code":"P1001","level":"error","message":"Error inside background scheduler tick: \nInvalid `prisma.quiz.findMany()` invocation in\nD:\\Projects\\ProctorX\\Back-End\\src\\config\\scheduler.js:14:48\n\n  11 const now = new Date();\n  12 \n  13 // 1. Auto-start scheduled PENDING quizzes\n→ 14 const pendingQuizzes = await prisma.quiz.findMany(\nCan't reach database server at `ep-rapid-resonance-ao44cup4-pooler.c-2.ap-southeast-1.aws.neon.tech:5432`\n\nPlease make sure your database server is running at `ep-rapid-resonance-ao44cup4-pooler.c-2.ap-southeast-1.aws.neon.tech:5432`.","meta":{"database_host":"ep-rapid-resonance-ao44cup4-pooler.c-2.ap-southeast-1.aws.neon.tech","database_port":5432,"modelName":"Quiz"},"name":"PrismaClientKnownRequestError","service":"proctorx-backend","stack":"PrismaClientKnownRequestError: \nInvalid `prisma.quiz.findMany()` invocation in\nD:\\Projects\\ProctorX\\Back-End\\src\\config\\scheduler.js:14:48\n\n  11 const now = new Date();\n  12 \n  13 // 1. Auto-start scheduled PENDING quizzes\n→ 14 const pendingQuizzes = await prisma.quiz.findMany(\nCan't reach database server at `ep-rapid-resonance-ao44cup4-pooler.c-2.ap-southeast-1.aws.neon.tech:5432`\n\nPlease make sure your database server is running at `ep-rapid-resonance-ao44cup4-pooler.c-2.ap-southeast-1.aws.neon.tech:5432`.\n    at $n.handleRequestError (D:\\Projects\\ProctorX\\Back-End\\node_modules\\@prisma\\client\\runtime\\library.js:121:7315)\n    at $n.handleAndLogRequestError (D:\\Projects\\ProctorX\\Back-End\\node_modules\\@prisma\\client\\runtime\\library.js:121:6623)\n    at $n.request (D:\\Projects\\ProctorX\\Back-End\\node_modules\\@prisma\\client\\runtime\\library.js:121:6307)\n    at async l (D:\\Projects\\ProctorX\\Back-End\\node_modules\\@prisma\\client\\runtime\\library.js:130:9633)\n    at async Timeout._onTimeout (D:\\Projects\\ProctorX\\Back-End\\src\\config\\scheduler.js:14:30)","timestamp":"2026-07-07 16:12:23"}
{"clientVersion":"5.22.0","code":"P1001","level":"error","message":"Error inside background scheduler tick: \nInvalid `prisma.quiz.findMany()` invocation in\nD:\\Projects\\ProctorX\\Back-End\\src\\config\\scheduler.js:14:48\n\n  11 const now = new Date();\n  12 \n  13 // 1. Auto-start scheduled PENDING quizzes\n→ 14 const pendingQuizzes = await prisma.quiz.findMany(\nCan't reach database server at `ep-rapid-resonance-ao44cup4-pooler.c-2.ap-southeast-1.aws.neon.tech:5432`\n\nPlease make sure your database server is running at `ep-rapid-resonance-ao44cup4-pooler.c-2.ap-southeast-1.aws.neon.tech:5432`.","meta":{"database_host":"ep-rapid-resonance-ao44cup4-pooler.c-2.ap-southeast-1.aws.neon.tech","database_port":5432,"modelName":"Quiz"},"name":"PrismaClientKnownRequestError","service":"proctorx-backend","stack":"PrismaClientKnownRequestError: \nInvalid `prisma.quiz.findMany()` invocation in\nD:\\Projects\\ProctorX\\Back-End\\src\\config\\scheduler.js:14:48\n\n  11 const now = new Date();\n  12 \n  13 // 1. Auto-start scheduled PENDING quizzes\n→ 14 const pendingQuizzes = await prisma.quiz.findMany(\nCan't reach database server at `ep-rapid-resonance-ao44cup4-pooler.c-2.ap-southeast-1.aws.neon.tech:5432`\n\nPlease make sure your database server is running at `ep-rapid-resonance-ao44cup4-pooler.c-2.ap-southeast-1.aws.neon.tech:5432`.\n    at $n.handleRequestError (D:\\Projects\\ProctorX\\Back-End\\node_modules\\@prisma\\client\\runtime\\library.js:121:7315)\n    at $n.handleAndLogRequestError (D:\\Projects\\ProctorX\\Back-End\\node_modules\\@prisma\\client\\runtime\\library.js:121:6623)\n    at $n.request (D:\\Projects\\ProctorX\\Back-End\\node_modules\\@prisma\\client\\runtime\\library.js:121:6307)\n    at async l (D:\\Projects\\ProctorX\\Back-End\\node_modules\\@prisma\\client\\runtime\\library.js:130:9633)\n    at async Timeout._onTimeout (D:\\Projects\\ProctorX\\Back-End\\src\\config\\scheduler.js:14:30)","timestamp":"2026-07-07 16:12:33"}
{"clientVersion":"5.22.0","code":"P1001","level":"error","message":"Error inside background scheduler tick: \nInvalid `prisma.quiz.findMany()` invocation in\nD:\\Projects\\ProctorX\\Back-End\\src\\config\\scheduler.js:14:48\n\n  11 const now = new Date();\n  12 \n  13 // 1. Auto-start scheduled PENDING quizzes\n→ 14 const pendingQuizzes = await prisma.quiz.findMany(\nCan't reach database server at `ep-rapid-resonance-ao44cup4-pooler.c-2.ap-southeast-1.aws.neon.tech:5432`\n\nPlease make sure your database server is running at `ep-rapid-resonance-ao44cup4-pooler.c-2.ap-southeast-1.aws.neon.tech:5432`.","meta":{"database_host":"ep-rapid-resonance-ao44cup4-pooler.c-2.ap-southeast-1.aws.neon.tech","database_port":5432,"modelName":"Quiz"},"name":"PrismaClientKnownRequestError","service":"proctorx-backend","stack":"PrismaClientKnownRequestError: \nInvalid `prisma.quiz.findMany()` invocation in\nD:\\Projects\\ProctorX\\Back-End\\src\\config\\scheduler.js:14:48\n\n  11 const now = new Date();\n  12 \n  13 // 1. Auto-start scheduled PENDING quizzes\n→ 14 const pendingQuizzes = await prisma.quiz.findMany(\nCan't reach database server at `ep-rapid-resonance-ao44cup4-pooler.c-2.ap-southeast-1.aws.neon.tech:5432`\n\nPlease make sure your database server is running at `ep-rapid-resonance-ao44cup4-pooler.c-2.ap-southeast-1.aws.neon.tech:5432`.\n    at $n.handleRequestError (D:\\Projects\\ProctorX\\Back-End\\node_modules\\@prisma\\client\\runtime\\library.js:121:7315)\n    at $n.handleAndLogRequestError (D:\\Projects\\ProctorX\\Back-End\\node_modules\\@prisma\\client\\runtime\\library.js:121:6623)\n    at $n.request (D:\\Projects\\ProctorX\\Back-End\\node_modules\\@prisma\\client\\runtime\\library.js:121:6307)\n    at async l (D:\\Projects\\ProctorX\\Back-End\\node_modules\\@prisma\\client\\runtime\\library.js:130:9633)\n    at async Timeout._onTimeout (D:\\Projects\\ProctorX\\Back-End\\src\\config\\scheduler.js:14:30)","timestamp":"2026-07-07 16:12:43"}
{"clientVersion":"5.22.0","code":"P1001","level":"error","message":"Error inside background scheduler tick: \nInvalid `prisma.quiz.findMany()` invocation in\nD:\\Projects\\ProctorX\\Back-End\\src\\config\\scheduler.js:14:48\n\n  11 const now = new Date();\n  12 \n  13 // 1. Auto-start scheduled PENDING quizzes\n→ 14 const pendingQuizzes = await prisma.quiz.findMany(\nCan't reach database server at `ep-rapid-resonance-ao44cup4-pooler.c-2.ap-southeast-1.aws.neon.tech:5432`\n\nPlease make sure your database server is running at `ep-rapid-resonance-ao44cup4-pooler.c-2.ap-southeast-1.aws.neon.tech:5432`.","meta":{"database_host":"ep-rapid-resonance-ao44cup4-pooler.c-2.ap-southeast-1.aws.neon.tech","database_port":5432,"modelName":"Quiz"},"name":"PrismaClientKnownRequestError","service":"proctorx-backend","stack":"PrismaClientKnownRequestError: \nInvalid `prisma.quiz.findMany()` invocation in\nD:\\Projects\\ProctorX\\Back-End\\src\\config\\scheduler.js:14:48\n\n  11 const now = new Date();\n  12 \n  13 // 1. Auto-start scheduled PENDING quizzes\n→ 14 const pendingQuizzes = await prisma.quiz.findMany(\nCan't reach database server at `ep-rapid-resonance-ao44cup4-pooler.c-2.ap-southeast-1.aws.neon.tech:5432`\n\nPlease make sure your database server is running at `ep-rapid-resonance-ao44cup4-pooler.c-2.ap-southeast-1.aws.neon.tech:5432`.\n    at $n.handleRequestError (D:\\Projects\\ProctorX\\Back-End\\node_modules\\@prisma\\client\\runtime\\library.js:121:7315)\n    at $n.handleAndLogRequestError (D:\\Projects\\ProctorX\\Back-End\\node_modules\\@prisma\\client\\runtime\\library.js:121:6623)\n    at $n.request (D:\\Projects\\ProctorX\\Back-End\\node_modules\\@prisma\\client\\runtime\\library.js:121:6307)\n    at async l (D:\\Projects\\ProctorX\\Back-End\\node_modules\\@prisma\\client\\runtime\\library.js:130:9633)\n    at async Timeout._onTimeout (D:\\Projects\\ProctorX\\Back-End\\src\\config\\scheduler.js:14:30)","timestamp":"2026-07-07 16:12:53"}
{"clientVersion":"5.22.0","code":"P1001","level":"error","message":"Error inside background scheduler tick: \nInvalid `prisma.quiz.findMany()` invocation in\nD:\\Projects\\ProctorX\\Back-End\\src\\config\\scheduler.js:14:48\n\n  11 const now = new Date();\n  12 \n  13 // 1. Auto-start scheduled PENDING quizzes\n→ 14 const pendingQuizzes = await prisma.quiz.findMany(\nCan't reach database server at `ep-rapid-resonance-ao44cup4-pooler.c-2.ap-southeast-1.aws.neon.tech:5432`\n\nPlease make sure your database server is running at `ep-rapid-resonance-ao44cup4-pooler.c-2.ap-southeast-1.aws.neon.tech:5432`.","meta":{"database_host":"ep-rapid-resonance-ao44cup4-pooler.c-2.ap-southeast-1.aws.neon.tech","database_port":5432,"modelName":"Quiz"},"name":"PrismaClientKnownRequestError","service":"proctorx-backend","stack":"PrismaClientKnownRequestError: \nInvalid `prisma.quiz.findMany()` invocation in\nD:\\Projects\\ProctorX\\Back-End\\src\\config\\scheduler.js:14:48\n\n  11 const now = new Date();\n  12 \n  13 // 1. Auto-start scheduled PENDING quizzes\n→ 14 const pendingQuizzes = await prisma.quiz.findMany(\nCan't reach database server at `ep-rapid-resonance-ao44cup4-pooler.c-2.ap-southeast-1.aws.neon.tech:5432`\n\nPlease make sure your database server is running at `ep-rapid-resonance-ao44cup4-pooler.c-2.ap-southeast-1.aws.neon.tech:5432`.\n    at $n.handleRequestError (D:\\Projects\\ProctorX\\Back-End\\node_modules\\@prisma\\client\\runtime\\library.js:121:7315)\n    at $n.handleAndLogRequestError (D:\\Projects\\ProctorX\\Back-End\\node_modules\\@prisma\\client\\runtime\\library.js:121:6623)\n    at $n.request (D:\\Projects\\ProctorX\\Back-End\\node_modules\\@prisma\\client\\runtime\\library.js:121:6307)\n    at async l (D:\\Projects\\ProctorX\\Back-End\\node_modules\\@prisma\\client\\runtime\\library.js:130:9633)\n    at async Timeout._onTimeout (D:\\Projects\\ProctorX\\Back-End\\src\\config\\scheduler.js:14:30)","timestamp":"2026-07-07 16:13:03"}
{"clientVersion":"5.22.0","code":"P1001","level":"error","message":"Error inside background scheduler tick: \nInvalid `prisma.quiz.findMany()` invocation in\nD:\\Projects\\ProctorX\\Back-End\\src\\config\\scheduler.js:14:48\n\n  11 const now = new Date();\n  12 \n  13 // 1. Auto-start scheduled PENDING quizzes\n→ 14 const pendingQuizzes = await prisma.quiz.findMany(\nCan't reach database server at `ep-rapid-resonance-ao44cup4-pooler.c-2.ap-southeast-1.aws.neon.tech:5432`\n\nPlease make sure your database server is running at `ep-rapid-resonance-ao44cup4-pooler.c-2.ap-southeast-1.aws.neon.tech:5432`.","meta":{"database_host":"ep-rapid-resonance-ao44cup4-pooler.c-2.ap-southeast-1.aws.neon.tech","database_port":5432,"modelName":"Quiz"},"name":"PrismaClientKnownRequestError","service":"proctorx-backend","stack":"PrismaClientKnownRequestError: \nInvalid `prisma.quiz.findMany()` invocation in\nD:\\Projects\\ProctorX\\Back-End\\src\\config\\scheduler.js:14:48\n\n  11 const now = new Date();\n  12 \n  13 // 1. Auto-start scheduled PENDING quizzes\n→ 14 const pendingQuizzes = await prisma.quiz.findMany(\nCan't reach database server at `ep-rapid-resonance-ao44cup4-pooler.c-2.ap-southeast-1.aws.neon.tech:5432`\n\nPlease make sure your database server is running at `ep-rapid-resonance-ao44cup4-pooler.c-2.ap-southeast-1.aws.neon.tech:5432`.\n    at $n.handleRequestError (D:\\Projects\\ProctorX\\Back-End\\node_modules\\@prisma\\client\\runtime\\library.js:121:7315)\n    at $n.handleAndLogRequestError (D:\\Projects\\ProctorX\\Back-End\\node_modules\\@prisma\\client\\runtime\\library.js:121:6623)\n    at $n.request (D:\\Projects\\ProctorX\\Back-End\\node_modules\\@prisma\\client\\runtime\\library.js:121:6307)\n    at async l (D:\\Projects\\ProctorX\\Back-End\\node_modules\\@prisma\\client\\runtime\\library.js:130:9633)\n    at async Timeout._onTimeout (D:\\Projects\\ProctorX\\Back-End\\src\\config\\scheduler.js:14:30)","timestamp":"2026-07-07 16:13:13"}
{"clientVersion":"5.22.0","code":"P1001","level":"error","message":"Error inside background scheduler tick: \nInvalid `prisma.quiz.findMany()` invocation in\nD:\\Projects\\ProctorX\\Back-End\\src\\config\\scheduler.js:14:48\n\n  11 const now = new Date();\n  12 \n  13 // 1. Auto-start scheduled PENDING quizzes\n→ 14 const pendingQuizzes = await prisma.quiz.findMany(\nCan't reach database server at `ep-rapid-resonance-ao44cup4-pooler.c-2.ap-southeast-1.aws.neon.tech:5432`\n\nPlease make sure your database server is running at `ep-rapid-resonance-ao44cup4-pooler.c-2.ap-southeast-1.aws.neon.tech:5432`.","meta":{"database_host":"ep-rapid-resonance-ao44cup4-pooler.c-2.ap-southeast-1.aws.neon.tech","database_port":5432,"modelName":"Quiz"},"name":"PrismaClientKnownRequestError","service":"proctorx-backend","stack":"PrismaClientKnownRequestError: \nInvalid `prisma.quiz.findMany()` invocation in\nD:\\Projects\\ProctorX\\Back-End\\src\\config\\scheduler.js:14:48\n\n  11 const now = new Date();\n  12 \n  13 // 1. Auto-start scheduled PENDING quizzes\n→ 14 const pendingQuizzes = await prisma.quiz.findMany(\nCan't reach database server at `ep-rapid-resonance-ao44cup4-pooler.c-2.ap-southeast-1.aws.neon.tech:5432`\n\nPlease make sure your database server is running at `ep-rapid-resonance-ao44cup4-pooler.c-2.ap-southeast-1.aws.neon.tech:5432`.\n    at $n.handleRequestError (D:\\Projects\\ProctorX\\Back-End\\node_modules\\@prisma\\client\\runtime\\library.js:121:7315)\n    at $n.handleAndLogRequestError (D:\\Projects\\ProctorX\\Back-End\\node_modules\\@prisma\\client\\runtime\\library.js:121:6623)\n    at $n.request (D:\\Projects\\ProctorX\\Back-End\\node_modules\\@prisma\\client\\runtime\\library.js:121:6307)\n    at async l (D:\\Projects\\ProctorX\\Back-End\\node_modules\\@prisma\\client\\runtime\\library.js:130:9633)\n    at async Timeout._onTimeout (D:\\Projects\\ProctorX\\Back-End\\src\\config\\scheduler.js:14:30)","timestamp":"2026-07-07 16:13:23"}
{"clientVersion":"5.22.0","code":"P1001","level":"error","message":"Error inside background scheduler tick: \nInvalid `prisma.quiz.findMany()` invocation in\nD:\\Projects\\ProctorX\\Back-End\\src\\config\\scheduler.js:14:48\n\n  11 const now = new Date();\n  12 \n  13 // 1. Auto-start scheduled PENDING quizzes\n→ 14 const pendingQuizzes = await prisma.quiz.findMany(\nCan't reach database server at `ep-rapid-resonance-ao44cup4-pooler.c-2.ap-southeast-1.aws.neon.tech:5432`\n\nPlease make sure your database server is running at `ep-rapid-resonance-ao44cup4-pooler.c-2.ap-southeast-1.aws.neon.tech:5432`.","meta":{"database_host":"ep-rapid-resonance-ao44cup4-pooler.c-2.ap-southeast-1.aws.neon.tech","database_port":5432,"modelName":"Quiz"},"name":"PrismaClientKnownRequestError","service":"proctorx-backend","stack":"PrismaClientKnownRequestError: \nInvalid `prisma.quiz.findMany()` invocation in\nD:\\Projects\\ProctorX\\Back-End\\src\\config\\scheduler.js:14:48\n\n  11 const now = new Date();\n  12 \n  13 // 1. Auto-start scheduled PENDING quizzes\n→ 14 const pendingQuizzes = await prisma.quiz.findMany(\nCan't reach database server at `ep-rapid-resonance-ao44cup4-pooler.c-2.ap-southeast-1.aws.neon.tech:5432`\n\nPlease make sure your database server is running at `ep-rapid-resonance-ao44cup4-pooler.c-2.ap-southeast-1.aws.neon.tech:5432`.\n    at $n.handleRequestError (D:\\Projects\\ProctorX\\Back-End\\node_modules\\@prisma\\client\\runtime\\library.js:121:7315)\n    at $n.handleAndLogRequestError (D:\\Projects\\ProctorX\\Back-End\\node_modules\\@prisma\\client\\runtime\\library.js:121:6623)\n    at $n.request (D:\\Projects\\ProctorX\\Back-End\\node_modules\\@prisma\\client\\runtime\\library.js:121:6307)\n    at async l (D:\\Projects\\ProctorX\\Back-End\\node_modules\\@prisma\\client\\runtime\\library.js:130:9633)\n    at async Timeout._onTimeout (D:\\Projects\\ProctorX\\Back-End\\src\\config\\scheduler.js:14:30)","timestamp":"2026-07-07 16:13:33"}
{"clientVersion":"5.22.0","code":"P1001","level":"error","message":"Error inside background scheduler tick: \nInvalid `prisma.quiz.findMany()` invocation in\nD:\\Projects\\ProctorX\\Back-End\\src\\config\\scheduler.js:14:48\n\n  11 const now = new Date();\n  12 \n  13 // 1. Auto-start scheduled PENDING quizzes\n→ 14 const pendingQuizzes = await prisma.quiz.findMany(\nCan't reach database server at `ep-rapid-resonance-ao44cup4-pooler.c-2.ap-southeast-1.aws.neon.tech:5432`\n\nPlease make sure your database server is running at `ep-rapid-resonance-ao44cup4-pooler.c-2.ap-southeast-1.aws.neon.tech:5432`.","meta":{"database_host":"ep-rapid-resonance-ao44cup4-pooler.c-2.ap-southeast-1.aws.neon.tech","database_port":5432,"modelName":"Quiz"},"name":"PrismaClientKnownRequestError","service":"proctorx-backend","stack":"PrismaClientKnownRequestError: \nInvalid `prisma.quiz.findMany()` invocation in\nD:\\Projects\\ProctorX\\Back-End\\src\\config\\scheduler.js:14:48\n\n  11 const now = new Date();\n  12 \n  13 // 1. Auto-start scheduled PENDING quizzes\n→ 14 const pendingQuizzes = await prisma.quiz.findMany(\nCan't reach database server at `ep-rapid-resonance-ao44cup4-pooler.c-2.ap-southeast-1.aws.neon.tech:5432`\n\nPlease make sure your database server is running at `ep-rapid-resonance-ao44cup4-pooler.c-2.ap-southeast-1.aws.neon.tech:5432`.\n    at $n.handleRequestError (D:\\Projects\\ProctorX\\Back-End\\node_modules\\@prisma\\client\\runtime\\library.js:121:7315)\n    at $n.handleAndLogRequestError (D:\\Projects\\ProctorX\\Back-End\\node_modules\\@prisma\\client\\runtime\\library.js:121:6623)\n    at $n.request (D:\\Projects\\ProctorX\\Back-End\\node_modules\\@prisma\\client\\runtime\\library.js:121:6307)\n    at async l (D:\\Projects\\ProctorX\\Back-End\\node_modules\\@prisma\\client\\runtime\\library.js:130:9633)\n    at async Timeout._onTimeout (D:\\Projects\\ProctorX\\Back-End\\src\\config\\scheduler.js:14:30)","timestamp":"2026-07-07 16:13:43"}
{"clientVersion":"5.22.0","code":"P1001","level":"error","message":"Error inside background scheduler tick: \nInvalid `prisma.quiz.findMany()` invocation in\nD:\\Projects\\ProctorX\\Back-End\\src\\config\\scheduler.js:14:48\n\n  11 const now = new Date();\n  12 \n  13 // 1. Auto-start scheduled PENDING quizzes\n→ 14 const pendingQuizzes = await prisma.quiz.findMany(\nCan't reach database server at `ep-rapid-resonance-ao44cup4-pooler.c-2.ap-southeast-1.aws.neon.tech:5432`\n\nPlease make sure your database server is running at `ep-rapid-resonance-ao44cup4-pooler.c-2.ap-southeast-1.aws.neon.tech:5432`.","meta":{"database_host":"ep-rapid-resonance-ao44cup4-pooler.c-2.ap-southeast-1.aws.neon.tech","database_port":5432,"modelName":"Quiz"},"name":"PrismaClientKnownRequestError","service":"proctorx-backend","stack":"PrismaClientKnownRequestError: \nInvalid `prisma.quiz.findMany()` invocation in\nD:\\Projects\\ProctorX\\Back-End\\src\\config\\scheduler.js:14:48\n\n  11 const now = new Date();\n  12 \n  13 // 1. Auto-start scheduled PENDING quizzes\n→ 14 const pendingQuizzes = await prisma.quiz.findMany(\nCan't reach database server at `ep-rapid-resonance-ao44cup4-pooler.c-2.ap-southeast-1.aws.neon.tech:5432`\n\nPlease make sure your database server is running at `ep-rapid-resonance-ao44cup4-pooler.c-2.ap-southeast-1.aws.neon.tech:5432`.\n    at $n.handleRequestError (D:\\Projects\\ProctorX\\Back-End\\node_modules\\@prisma\\client\\runtime\\library.js:121:7315)\n    at $n.handleAndLogRequestError (D:\\Projects\\ProctorX\\Back-End\\node_modules\\@prisma\\client\\runtime\\library.js:121:6623)\n    at $n.request (D:\\Projects\\ProctorX\\Back-End\\node_modules\\@prisma\\client\\runtime\\library.js:121:6307)\n    at async l (D:\\Projects\\ProctorX\\Back-End\\node_modules\\@prisma\\client\\runtime\\library.js:130:9633)\n    at async Timeout._onTimeout (D:\\Projects\\ProctorX\\Back-End\\src\\config\\scheduler.js:14:30)","timestamp":"2026-07-07 16:13:53"}
{"clientVersion":"5.22.0","code":"P1001","level":"error","message":"Error inside background scheduler tick: \nInvalid `prisma.quiz.findMany()` invocation in\nD:\\Projects\\ProctorX\\Back-End\\src\\config\\scheduler.js:14:48\n\n  11 const now = new Date();\n  12 \n  13 // 1. Auto-start scheduled PENDING quizzes\n→ 14 const pendingQuizzes = await prisma.quiz.findMany(\nCan't reach database server at `ep-rapid-resonance-ao44cup4-pooler.c-2.ap-southeast-1.aws.neon.tech:5432`\n\nPlease make sure your database server is running at `ep-rapid-resonance-ao44cup4-pooler.c-2.ap-southeast-1.aws.neon.tech:5432`.","meta":{"database_host":"ep-rapid-resonance-ao44cup4-pooler.c-2.ap-southeast-1.aws.neon.tech","database_port":5432,"modelName":"Quiz"},"name":"PrismaClientKnownRequestError","service":"proctorx-backend","stack":"PrismaClientKnownRequestError: \nInvalid `prisma.quiz.findMany()` invocation in\nD:\\Projects\\ProctorX\\Back-End\\src\\config\\scheduler.js:14:48\n\n  11 const now = new Date();\n  12 \n  13 // 1. Auto-start scheduled PENDING quizzes\n→ 14 const pendingQuizzes = await prisma.quiz.findMany(\nCan't reach database server at `ep-rapid-resonance-ao44cup4-pooler.c-2.ap-southeast-1.aws.neon.tech:5432`\n\nPlease make sure your database server is running at `ep-rapid-resonance-ao44cup4-pooler.c-2.ap-southeast-1.aws.neon.tech:5432`.\n    at $n.handleRequestError (D:\\Projects\\ProctorX\\Back-End\\node_modules\\@prisma\\client\\runtime\\library.js:121:7315)\n    at $n.handleAndLogRequestError (D:\\Projects\\ProctorX\\Back-End\\node_modules\\@prisma\\client\\runtime\\library.js:121:6623)\n    at $n.request (D:\\Projects\\ProctorX\\Back-End\\node_modules\\@prisma\\client\\runtime\\library.js:121:6307)\n    at async l (D:\\Projects\\ProctorX\\Back-End\\node_modules\\@prisma\\client\\runtime\\library.js:130:9633)\n    at async Timeout._onTimeout (D:\\Projects\\ProctorX\\Back-End\\src\\config\\scheduler.js:14:30)","timestamp":"2026-07-07 16:14:03"}
{"clientVersion":"5.22.0","code":"P1001","level":"error","message":"Error inside background scheduler tick: \nInvalid `prisma.quiz.findMany()` invocation in\nD:\\Projects\\ProctorX\\Back-End\\src\\config\\scheduler.js:14:48\n\n  11 const now = new Date();\n  12 \n  13 // 1. Auto-start scheduled PENDING quizzes\n→ 14 const pendingQuizzes = await prisma.quiz.findMany(\nCan't reach database server at `ep-rapid-resonance-ao44cup4-pooler.c-2.ap-southeast-1.aws.neon.tech:5432`\n\nPlease make sure your database server is running at `ep-rapid-resonance-ao44cup4-pooler.c-2.ap-southeast-1.aws.neon.tech:5432`.","meta":{"database_host":"ep-rapid-resonance-ao44cup4-pooler.c-2.ap-southeast-1.aws.neon.tech","database_port":5432,"modelName":"Quiz"},"name":"PrismaClientKnownRequestError","service":"proctorx-backend","stack":"PrismaClientKnownRequestError: \nInvalid `prisma.quiz.findMany()` invocation in\nD:\\Projects\\ProctorX\\Back-End\\src\\config\\scheduler.js:14:48\n\n  11 const now = new Date();\n  12 \n  13 // 1. Auto-start scheduled PENDING quizzes\n→ 14 const pendingQuizzes = await prisma.quiz.findMany(\nCan't reach database server at `ep-rapid-resonance-ao44cup4-pooler.c-2.ap-southeast-1.aws.neon.tech:5432`\n\nPlease make sure your database server is running at `ep-rapid-resonance-ao44cup4-pooler.c-2.ap-southeast-1.aws.neon.tech:5432`.\n    at $n.handleRequestError (D:\\Projects\\ProctorX\\Back-End\\node_modules\\@prisma\\client\\runtime\\library.js:121:7315)\n    at $n.handleAndLogRequestError (D:\\Projects\\ProctorX\\Back-End\\node_modules\\@prisma\\client\\runtime\\library.js:121:6623)\n    at $n.request (D:\\Projects\\ProctorX\\Back-End\\node_modules\\@prisma\\client\\runtime\\library.js:121:6307)\n    at async l (D:\\Projects\\ProctorX\\Back-End\\node_modules\\@prisma\\client\\runtime\\library.js:130:9633)\n    at async Timeout._onTimeout (D:\\Projects\\ProctorX\\Back-End\\src\\config\\scheduler.js:14:30)","timestamp":"2026-07-07 16:14:13"}
{"clientVersion":"5.22.0","code":"P1001","level":"error","message":"Error inside background scheduler tick: \nInvalid `prisma.quiz.findMany()` invocation in\nD:\\Projects\\ProctorX\\Back-End\\src\\config\\scheduler.js:14:48\n\n  11 const now = new Date();\n  12 \n  13 // 1. Auto-start scheduled PENDING quizzes\n→ 14 const pendingQuizzes = await prisma.quiz.findMany(\nCan't reach database server at `ep-rapid-resonance-ao44cup4-pooler.c-2.ap-southeast-1.aws.neon.tech:5432`\n\nPlease make sure your database server is running at `ep-rapid-resonance-ao44cup4-pooler.c-2.ap-southeast-1.aws.neon.tech:5432`.","meta":{"database_host":"ep-rapid-resonance-ao44cup4-pooler.c-2.ap-southeast-1.aws.neon.tech","database_port":5432,"modelName":"Quiz"},"name":"PrismaClientKnownRequestError","service":"proctorx-backend","stack":"PrismaClientKnownRequestError: \nInvalid `prisma.quiz.findMany()` invocation in\nD:\\Projects\\ProctorX\\Back-End\\src\\config\\scheduler.js:14:48\n\n  11 const now = new Date();\n  12 \n  13 // 1. Auto-start scheduled PENDING quizzes\n→ 14 const pendingQuizzes = await prisma.quiz.findMany(\nCan't reach database server at `ep-rapid-resonance-ao44cup4-pooler.c-2.ap-southeast-1.aws.neon.tech:5432`\n\nPlease make sure your database server is running at `ep-rapid-resonance-ao44cup4-pooler.c-2.ap-southeast-1.aws.neon.tech:5432`.\n    at $n.handleRequestError (D:\\Projects\\ProctorX\\Back-End\\node_modules\\@prisma\\client\\runtime\\library.js:121:7315)\n    at $n.handleAndLogRequestError (D:\\Projects\\ProctorX\\Back-End\\node_modules\\@prisma\\client\\runtime\\library.js:121:6623)\n    at $n.request (D:\\Projects\\ProctorX\\Back-End\\node_modules\\@prisma\\client\\runtime\\library.js:121:6307)\n    at async l (D:\\Projects\\ProctorX\\Back-End\\node_modules\\@prisma\\client\\runtime\\library.js:130:9633)\n    at async Timeout._onTimeout (D:\\Projects\\ProctorX\\Back-End\\src\\config\\scheduler.js:14:30)","timestamp":"2026-07-07 16:14:23"}
{"clientVersion":"5.22.0","code":"P1001","level":"error","message":"Error inside background scheduler tick: \nInvalid `prisma.quiz.findMany()` invocation in\nD:\\Projects\\ProctorX\\Back-End\\src\\config\\scheduler.js:14:48\n\n  11 const now = new Date();\n  12 \n  13 // 1. Auto-start scheduled PENDING quizzes\n→ 14 const pendingQuizzes = await prisma.quiz.findMany(\nCan't reach database server at `ep-rapid-resonance-ao44cup4-pooler.c-2.ap-southeast-1.aws.neon.tech:5432`\n\nPlease make sure your database server is running at `ep-rapid-resonance-ao44cup4-pooler.c-2.ap-southeast-1.aws.neon.tech:5432`.","meta":{"database_host":"ep-rapid-resonance-ao44cup4-pooler.c-2.ap-southeast-1.aws.neon.tech","database_port":5432,"modelName":"Quiz"},"name":"PrismaClientKnownRequestError","service":"proctorx-backend","stack":"PrismaClientKnownRequestError: \nInvalid `prisma.quiz.findMany()` invocation in\nD:\\Projects\\ProctorX\\Back-End\\src\\config\\scheduler.js:14:48\n\n  11 const now = new Date();\n  12 \n  13 // 1. Auto-start scheduled PENDING quizzes\n→ 14 const pendingQuizzes = await prisma.quiz.findMany(\nCan't reach database server at `ep-rapid-resonance-ao44cup4-pooler.c-2.ap-southeast-1.aws.neon.tech:5432`\n\nPlease make sure your database server is running at `ep-rapid-resonance-ao44cup4-pooler.c-2.ap-southeast-1.aws.neon.tech:5432`.\n    at $n.handleRequestError (D:\\Projects\\ProctorX\\Back-End\\node_modules\\@prisma\\client\\runtime\\library.js:121:7315)\n    at $n.handleAndLogRequestError (D:\\Projects\\ProctorX\\Back-End\\node_modules\\@prisma\\client\\runtime\\library.js:121:6623)\n    at $n.request (D:\\Projects\\ProctorX\\Back-End\\node_modules\\@prisma\\client\\runtime\\library.js:121:6307)\n    at async l (D:\\Projects\\ProctorX\\Back-End\\node_modules\\@prisma\\client\\runtime\\library.js:130:9633)\n    at async Timeout._onTimeout (D:\\Projects\\ProctorX\\Back-End\\src\\config\\scheduler.js:14:30)","timestamp":"2026-07-07 16:14:33"}
{"clientVersion":"5.22.0","code":"P1001","level":"error","message":"Error inside background scheduler tick: \nInvalid `prisma.quiz.findMany()` invocation in\nD:\\Projects\\ProctorX\\Back-End\\src\\config\\scheduler.js:14:48\n\n  11 const now = new Date();\n  12 \n  13 // 1. Auto-start scheduled PENDING quizzes\n→ 14 const pendingQuizzes = await prisma.quiz.findMany(\nCan't reach database server at `ep-rapid-resonance-ao44cup4-pooler.c-2.ap-southeast-1.aws.neon.tech:5432`\n\nPlease make sure your database server is running at `ep-rapid-resonance-ao44cup4-pooler.c-2.ap-southeast-1.aws.neon.tech:5432`.","meta":{"database_host":"ep-rapid-resonance-ao44cup4-pooler.c-2.ap-southeast-1.aws.neon.tech","database_port":5432,"modelName":"Quiz"},"name":"PrismaClientKnownRequestError","service":"proctorx-backend","stack":"PrismaClientKnownRequestError: \nInvalid `prisma.quiz.findMany()` invocation in\nD:\\Projects\\ProctorX\\Back-End\\src\\config\\scheduler.js:14:48\n\n  11 const now = new Date();\n  12 \n  13 // 1. Auto-start scheduled PENDING quizzes\n→ 14 const pendingQuizzes = await prisma.quiz.findMany(\nCan't reach database server at `ep-rapid-resonance-ao44cup4-pooler.c-2.ap-southeast-1.aws.neon.tech:5432`\n\nPlease make sure your database server is running at `ep-rapid-resonance-ao44cup4-pooler.c-2.ap-southeast-1.aws.neon.tech:5432`.\n    at $n.handleRequestError (D:\\Projects\\ProctorX\\Back-End\\node_modules\\@prisma\\client\\runtime\\library.js:121:7315)\n    at $n.handleAndLogRequestError (D:\\Projects\\ProctorX\\Back-End\\node_modules\\@prisma\\client\\runtime\\library.js:121:6623)\n    at $n.request (D:\\Projects\\ProctorX\\Back-End\\node_modules\\@prisma\\client\\runtime\\library.js:121:6307)\n    at async l (D:\\Projects\\ProctorX\\Back-End\\node_modules\\@prisma\\client\\runtime\\library.js:130:9633)\n    at async Timeout._onTimeout (D:\\Projects\\ProctorX\\Back-End\\src\\config\\scheduler.js:14:30)","timestamp":"2026-07-07 16:14:43"}
{"clientVersion":"5.22.0","code":"P1001","level":"error","message":"Error inside background scheduler tick: \nInvalid `prisma.quiz.findMany()` invocation in\nD:\\Projects\\ProctorX\\Back-End\\src\\config\\scheduler.js:14:48\n\n  11 const now = new Date();\n  12 \n  13 // 1. Auto-start scheduled PENDING quizzes\n→ 14 const pendingQuizzes = await prisma.quiz.findMany(\nCan't reach database server at `ep-rapid-resonance-ao44cup4-pooler.c-2.ap-southeast-1.aws.neon.tech:5432`\n\nPlease make sure your database server is running at `ep-rapid-resonance-ao44cup4-pooler.c-2.ap-southeast-1.aws.neon.tech:5432`.","meta":{"database_host":"ep-rapid-resonance-ao44cup4-pooler.c-2.ap-southeast-1.aws.neon.tech","database_port":5432,"modelName":"Quiz"},"name":"PrismaClientKnownRequestError","service":"proctorx-backend","stack":"PrismaClientKnownRequestError: \nInvalid `prisma.quiz.findMany()` invocation in\nD:\\Projects\\ProctorX\\Back-End\\src\\config\\scheduler.js:14:48\n\n  11 const now = new Date();\n  12 \n  13 // 1. Auto-start scheduled PENDING quizzes\n→ 14 const pendingQuizzes = await prisma.quiz.findMany(\nCan't reach database server at `ep-rapid-resonance-ao44cup4-pooler.c-2.ap-southeast-1.aws.neon.tech:5432`\n\nPlease make sure your database server is running at `ep-rapid-resonance-ao44cup4-pooler.c-2.ap-southeast-1.aws.neon.tech:5432`.\n    at $n.handleRequestError (D:\\Projects\\ProctorX\\Back-End\\node_modules\\@prisma\\client\\runtime\\library.js:121:7315)\n    at $n.handleAndLogRequestError (D:\\Projects\\ProctorX\\Back-End\\node_modules\\@prisma\\client\\runtime\\library.js:121:6623)\n    at $n.request (D:\\Projects\\ProctorX\\Back-End\\node_modules\\@prisma\\client\\runtime\\library.js:121:6307)\n    at async l (D:\\Projects\\ProctorX\\Back-End\\node_modules\\@prisma\\client\\runtime\\library.js:130:9633)\n    at async Timeout._onTimeout (D:\\Projects\\ProctorX\\Back-End\\src\\config\\scheduler.js:14:30)","timestamp":"2026-07-07 16:14:53"}
{"clientVersion":"5.22.0","code":"P1001","level":"error","message":"Error inside background scheduler tick: \nInvalid `prisma.quiz.findMany()` invocation in\nD:\\Projects\\ProctorX\\Back-End\\src\\config\\scheduler.js:14:48\n\n  11 const now = new Date();\n  12 \n  13 // 1. Auto-start scheduled PENDING quizzes\n→ 14 const pendingQuizzes = await prisma.quiz.findMany(\nCan't reach database server at `ep-rapid-resonance-ao44cup4-pooler.c-2.ap-southeast-1.aws.neon.tech:5432`\n\nPlease make sure your database server is running at `ep-rapid-resonance-ao44cup4-pooler.c-2.ap-southeast-1.aws.neon.tech:5432`.","meta":{"database_host":"ep-rapid-resonance-ao44cup4-pooler.c-2.ap-southeast-1.aws.neon.tech","database_port":5432,"modelName":"Quiz"},"name":"PrismaClientKnownRequestError","service":"proctorx-backend","stack":"PrismaClientKnownRequestError: \nInvalid `prisma.quiz.findMany()` invocation in\nD:\\Projects\\ProctorX\\Back-End\\src\\config\\scheduler.js:14:48\n\n  11 const now = new Date();\n  12 \n  13 // 1. Auto-start scheduled PENDING quizzes\n→ 14 const pendingQuizzes = await prisma.quiz.findMany(\nCan't reach database server at `ep-rapid-resonance-ao44cup4-pooler.c-2.ap-southeast-1.aws.neon.tech:5432`\n\nPlease make sure your database server is running at `ep-rapid-resonance-ao44cup4-pooler.c-2.ap-southeast-1.aws.neon.tech:5432`.\n    at $n.handleRequestError (D:\\Projects\\ProctorX\\Back-End\\node_modules\\@prisma\\client\\runtime\\library.js:121:7315)\n    at $n.handleAndLogRequestError (D:\\Projects\\ProctorX\\Back-End\\node_modules\\@prisma\\client\\runtime\\library.js:121:6623)\n    at $n.request (D:\\Projects\\ProctorX\\Back-End\\node_modules\\@prisma\\client\\runtime\\library.js:121:6307)\n    at async l (D:\\Projects\\ProctorX\\Back-End\\node_modules\\@prisma\\client\\runtime\\library.js:130:9633)\n    at async Timeout._onTimeout (D:\\Projects\\ProctorX\\Back-End\\src\\config\\scheduler.js:14:30)","timestamp":"2026-07-07 16:15:03"}
{"clientVersion":"5.22.0","code":"P1001","level":"error","message":"Error inside background scheduler tick: \nInvalid `prisma.quiz.findMany()` invocation in\nD:\\Projects\\ProctorX\\Back-End\\src\\config\\scheduler.js:14:48\n\n  11 const now = new Date();\n  12 \n  13 // 1. Auto-start scheduled PENDING quizzes\n→ 14 const pendingQuizzes = await prisma.quiz.findMany(\nCan't reach database server at `ep-rapid-resonance-ao44cup4-pooler.c-2.ap-southeast-1.aws.neon.tech:5432`\n\nPlease make sure your database server is running at `ep-rapid-resonance-ao44cup4-pooler.c-2.ap-southeast-1.aws.neon.tech:5432`.","meta":{"database_host":"ep-rapid-resonance-ao44cup4-pooler.c-2.ap-southeast-1.aws.neon.tech","database_port":5432,"modelName":"Quiz"},"name":"PrismaClientKnownRequestError","service":"proctorx-backend","stack":"PrismaClientKnownRequestError: \nInvalid `prisma.quiz.findMany()` invocation in\nD:\\Projects\\ProctorX\\Back-End\\src\\config\\scheduler.js:14:48\n\n  11 const now = new Date();\n  12 \n  13 // 1. Auto-start scheduled PENDING quizzes\n→ 14 const pendingQuizzes = await prisma.quiz.findMany(\nCan't reach database server at `ep-rapid-resonance-ao44cup4-pooler.c-2.ap-southeast-1.aws.neon.tech:5432`\n\nPlease make sure your database server is running at `ep-rapid-resonance-ao44cup4-pooler.c-2.ap-southeast-1.aws.neon.tech:5432`.\n    at $n.handleRequestError (D:\\Projects\\ProctorX\\Back-End\\node_modules\\@prisma\\client\\runtime\\library.js:121:7315)\n    at $n.handleAndLogRequestError (D:\\Projects\\ProctorX\\Back-End\\node_modules\\@prisma\\client\\runtime\\library.js:121:6623)\n    at $n.request (D:\\Projects\\ProctorX\\Back-End\\node_modules\\@prisma\\client\\runtime\\library.js:121:6307)\n    at async l (D:\\Projects\\ProctorX\\Back-End\\node_modules\\@prisma\\client\\runtime\\library.js:130:9633)\n    at async Timeout._onTimeout (D:\\Projects\\ProctorX\\Back-End\\src\\config\\scheduler.js:14:30)","timestamp":"2026-07-07 16:15:13"}
{"clientVersion":"5.22.0","code":"P1001","level":"error","message":"Error inside background scheduler tick: \nInvalid `prisma.quiz.findMany()` invocation in\nD:\\Projects\\ProctorX\\Back-End\\src\\config\\scheduler.js:14:48\n\n  11 const now = new Date();\n  12 \n  13 // 1. Auto-start scheduled PENDING quizzes\n→ 14 const pendingQuizzes = await prisma.quiz.findMany(\nCan't reach database server at `ep-rapid-resonance-ao44cup4-pooler.c-2.ap-southeast-1.aws.neon.tech:5432`\n\nPlease make sure your database server is running at `ep-rapid-resonance-ao44cup4-pooler.c-2.ap-southeast-1.aws.neon.tech:5432`.","meta":{"database_host":"ep-rapid-resonance-ao44cup4-pooler.c-2.ap-southeast-1.aws.neon.tech","database_port":5432,"modelName":"Quiz"},"name":"PrismaClientKnownRequestError","service":"proctorx-backend","stack":"PrismaClientKnownRequestError: \nInvalid `prisma.quiz.findMany()` invocation in\nD:\\Projects\\ProctorX\\Back-End\\src\\config\\scheduler.js:14:48\n\n  11 const now = new Date();\n  12 \n  13 // 1. Auto-start scheduled PENDING quizzes\n→ 14 const pendingQuizzes = await prisma.quiz.findMany(\nCan't reach database server at `ep-rapid-resonance-ao44cup4-pooler.c-2.ap-southeast-1.aws.neon.tech:5432`\n\nPlease make sure your database server is running at `ep-rapid-resonance-ao44cup4-pooler.c-2.ap-southeast-1.aws.neon.tech:5432`.\n    at $n.handleRequestError (D:\\Projects\\ProctorX\\Back-End\\node_modules\\@prisma\\client\\runtime\\library.js:121:7315)\n    at $n.handleAndLogRequestError (D:\\Projects\\ProctorX\\Back-End\\node_modules\\@prisma\\client\\runtime\\library.js:121:6623)\n    at $n.request (D:\\Projects\\ProctorX\\Back-End\\node_modules\\@prisma\\client\\runtime\\library.js:121:6307)\n    at async l (D:\\Projects\\ProctorX\\Back-End\\node_modules\\@prisma\\client\\runtime\\library.js:130:9633)\n    at async Timeout._onTimeout (D:\\Projects\\ProctorX\\Back-End\\src\\config\\scheduler.js:14:30)","timestamp":"2026-07-07 16:15:23"}
{"clientVersion":"5.22.0","code":"P1001","level":"error","message":"Error inside background scheduler tick: \nInvalid `prisma.quiz.findMany()` invocation in\nD:\\Projects\\ProctorX\\Back-End\\src\\config\\scheduler.js:14:48\n\n  11 const now = new Date();\n  12 \n  13 // 1. Auto-start scheduled PENDING quizzes\n→ 14 const pendingQuizzes = await prisma.quiz.findMany(\nCan't reach database server at `ep-rapid-resonance-ao44cup4-pooler.c-2.ap-southeast-1.aws.neon.tech:5432`\n\nPlease make sure your database server is running at `ep-rapid-resonance-ao44cup4-pooler.c-2.ap-southeast-1.aws.neon.tech:5432`.","meta":{"database_host":"ep-rapid-resonance-ao44cup4-pooler.c-2.ap-southeast-1.aws.neon.tech","database_port":5432,"modelName":"Quiz"},"name":"PrismaClientKnownRequestError","service":"proctorx-backend","stack":"PrismaClientKnownRequestError: \nInvalid `prisma.quiz.findMany()` invocation in\nD:\\Projects\\ProctorX\\Back-End\\src\\config\\scheduler.js:14:48\n\n  11 const now = new Date();\n  12 \n  13 // 1. Auto-start scheduled PENDING quizzes\n→ 14 const pendingQuizzes = await prisma.quiz.findMany(\nCan't reach database server at `ep-rapid-resonance-ao44cup4-pooler.c-2.ap-southeast-1.aws.neon.tech:5432`\n\nPlease make sure your database server is running at `ep-rapid-resonance-ao44cup4-pooler.c-2.ap-southeast-1.aws.neon.tech:5432`.\n    at $n.handleRequestError (D:\\Projects\\ProctorX\\Back-End\\node_modules\\@prisma\\client\\runtime\\library.js:121:7315)\n    at $n.handleAndLogRequestError (D:\\Projects\\ProctorX\\Back-End\\node_modules\\@prisma\\client\\runtime\\library.js:121:6623)\n    at $n.request (D:\\Projects\\ProctorX\\Back-End\\node_modules\\@prisma\\client\\runtime\\library.js:121:6307)\n    at async l (D:\\Projects\\ProctorX\\Back-End\\node_modules\\@prisma\\client\\runtime\\library.js:130:9633)\n    at async Timeout._onTimeout (D:\\Projects\\ProctorX\\Back-End\\src\\config\\scheduler.js:14:30)","timestamp":"2026-07-07 16:15:33"}
{"clientVersion":"5.22.0","code":"P1001","level":"error","message":"Error inside background scheduler tick: \nInvalid `prisma.quiz.findMany()` invocation in\nD:\\Projects\\ProctorX\\Back-End\\src\\config\\scheduler.js:14:48\n\n  11 const now = new Date();\n  12 \n  13 // 1. Auto-start scheduled PENDING quizzes\n→ 14 const pendingQuizzes = await prisma.quiz.findMany(\nCan't reach database server at `ep-rapid-resonance-ao44cup4-pooler.c-2.ap-southeast-1.aws.neon.tech:5432`\n\nPlease make sure your database server is running at `ep-rapid-resonance-ao44cup4-pooler.c-2.ap-southeast-1.aws.neon.tech:5432`.","meta":{"database_host":"ep-rapid-resonance-ao44cup4-pooler.c-2.ap-southeast-1.aws.neon.tech","database_port":5432,"modelName":"Quiz"},"name":"PrismaClientKnownRequestError","service":"proctorx-backend","stack":"PrismaClientKnownRequestError: \nInvalid `prisma.quiz.findMany()` invocation in\nD:\\Projects\\ProctorX\\Back-End\\src\\config\\scheduler.js:14:48\n\n  11 const now = new Date();\n  12 \n  13 // 1. Auto-start scheduled PENDING quizzes\n→ 14 const pendingQuizzes = await prisma.quiz.findMany(\nCan't reach database server at `ep-rapid-resonance-ao44cup4-pooler.c-2.ap-southeast-1.aws.neon.tech:5432`\n\nPlease make sure your database server is running at `ep-rapid-resonance-ao44cup4-pooler.c-2.ap-southeast-1.aws.neon.tech:5432`.\n    at $n.handleRequestError (D:\\Projects\\ProctorX\\Back-End\\node_modules\\@prisma\\client\\runtime\\library.js:121:7315)\n    at $n.handleAndLogRequestError (D:\\Projects\\ProctorX\\Back-End\\node_modules\\@prisma\\client\\runtime\\library.js:121:6623)\n    at $n.request (D:\\Projects\\ProctorX\\Back-End\\node_modules\\@prisma\\client\\runtime\\library.js:121:6307)\n    at async l (D:\\Projects\\ProctorX\\Back-End\\node_modules\\@prisma\\client\\runtime\\library.js:130:9633)\n    at async Timeout._onTimeout (D:\\Projects\\ProctorX\\Back-End\\src\\config\\scheduler.js:14:30)","timestamp":"2026-07-07 16:15:43"}
{"clientVersion":"5.22.0","code":"P1001","level":"error","message":"Error inside background scheduler tick: \nInvalid `prisma.quiz.findMany()` invocation in\nD:\\Projects\\ProctorX\\Back-End\\src\\config\\scheduler.js:14:48\n\n  11 const now = new Date();\n  12 \n  13 // 1. Auto-start scheduled PENDING quizzes\n→ 14 const pendingQuizzes = await prisma.quiz.findMany(\nCan't reach database server at `ep-rapid-resonance-ao44cup4-pooler.c-2.ap-southeast-1.aws.neon.tech:5432`\n\nPlease make sure your database server is running at `ep-rapid-resonance-ao44cup4-pooler.c-2.ap-southeast-1.aws.neon.tech:5432`.","meta":{"database_host":"ep-rapid-resonance-ao44cup4-pooler.c-2.ap-southeast-1.aws.neon.tech","database_port":5432,"modelName":"Quiz"},"name":"PrismaClientKnownRequestError","service":"proctorx-backend","stack":"PrismaClientKnownRequestError: \nInvalid `prisma.quiz.findMany()` invocation in\nD:\\Projects\\ProctorX\\Back-End\\src\\config\\scheduler.js:14:48\n\n  11 const now = new Date();\n  12 \n  13 // 1. Auto-start scheduled PENDING quizzes\n→ 14 const pendingQuizzes = await prisma.quiz.findMany(\nCan't reach database server at `ep-rapid-resonance-ao44cup4-pooler.c-2.ap-southeast-1.aws.neon.tech:5432`\n\nPlease make sure your database server is running at `ep-rapid-resonance-ao44cup4-pooler.c-2.ap-southeast-1.aws.neon.tech:5432`.\n    at $n.handleRequestError (D:\\Projects\\ProctorX\\Back-End\\node_modules\\@prisma\\client\\runtime\\library.js:121:7315)\n    at $n.handleAndLogRequestError (D:\\Projects\\ProctorX\\Back-End\\node_modules\\@prisma\\client\\runtime\\library.js:121:6623)\n    at $n.request (D:\\Projects\\ProctorX\\Back-End\\node_modules\\@prisma\\client\\runtime\\library.js:121:6307)\n    at async l (D:\\Projects\\ProctorX\\Back-End\\node_modules\\@prisma\\client\\runtime\\library.js:130:9633)\n    at async Timeout._onTimeout (D:\\Projects\\ProctorX\\Back-End\\src\\config\\scheduler.js:14:30)","timestamp":"2026-07-07 16:15:53"}
{"clientVersion":"5.22.0","code":"P1001","level":"error","message":"Error inside background scheduler tick: \nInvalid `prisma.quiz.findMany()` invocation in\nD:\\Projects\\ProctorX\\Back-End\\src\\config\\scheduler.js:14:48\n\n  11 const now = new Date();\n  12 \n  13 // 1. Auto-start scheduled PENDING quizzes\n→ 14 const pendingQuizzes = await prisma.quiz.findMany(\nCan't reach database server at `ep-rapid-resonance-ao44cup4-pooler.c-2.ap-southeast-1.aws.neon.tech:5432`\n\nPlease make sure your database server is running at `ep-rapid-resonance-ao44cup4-pooler.c-2.ap-southeast-1.aws.neon.tech:5432`.","meta":{"database_host":"ep-rapid-resonance-ao44cup4-pooler.c-2.ap-southeast-1.aws.neon.tech","database_port":5432,"modelName":"Quiz"},"name":"PrismaClientKnownRequestError","service":"proctorx-backend","stack":"PrismaClientKnownRequestError: \nInvalid `prisma.quiz.findMany()` invocation in\nD:\\Projects\\ProctorX\\Back-End\\src\\config\\scheduler.js:14:48\n\n  11 const now = new Date();\n  12 \n  13 // 1. Auto-start scheduled PENDING quizzes\n→ 14 const pendingQuizzes = await prisma.quiz.findMany(\nCan't reach database server at `ep-rapid-resonance-ao44cup4-pooler.c-2.ap-southeast-1.aws.neon.tech:5432`\n\nPlease make sure your database server is running at `ep-rapid-resonance-ao44cup4-pooler.c-2.ap-southeast-1.aws.neon.tech:5432`.\n    at $n.handleRequestError (D:\\Projects\\ProctorX\\Back-End\\node_modules\\@prisma\\client\\runtime\\library.js:121:7315)\n    at $n.handleAndLogRequestError (D:\\Projects\\ProctorX\\Back-End\\node_modules\\@prisma\\client\\runtime\\library.js:121:6623)\n    at $n.request (D:\\Projects\\ProctorX\\Back-End\\node_modules\\@prisma\\client\\runtime\\library.js:121:6307)\n    at async l (D:\\Projects\\ProctorX\\Back-End\\node_modules\\@prisma\\client\\runtime\\library.js:130:9633)\n    at async Timeout._onTimeout (D:\\Projects\\ProctorX\\Back-End\\src\\config\\scheduler.js:14:30)","timestamp":"2026-07-07 16:16:03"}
{"clientVersion":"5.22.0","code":"P1001","level":"error","message":"Error inside background scheduler tick: \nInvalid `prisma.quiz.findMany()` invocation in\nD:\\Projects\\ProctorX\\Back-End\\src\\config\\scheduler.js:14:48\n\n  11 const now = new Date();\n  12 \n  13 // 1. Auto-start scheduled PENDING quizzes\n→ 14 const pendingQuizzes = await prisma.quiz.findMany(\nCan't reach database server at `ep-rapid-resonance-ao44cup4-pooler.c-2.ap-southeast-1.aws.neon.tech:5432`\n\nPlease make sure your database server is running at `ep-rapid-resonance-ao44cup4-pooler.c-2.ap-southeast-1.aws.neon.tech:5432`.","meta":{"database_host":"ep-rapid-resonance-ao44cup4-pooler.c-2.ap-southeast-1.aws.neon.tech","database_port":5432,"modelName":"Quiz"},"name":"PrismaClientKnownRequestError","service":"proctorx-backend","stack":"PrismaClientKnownRequestError: \nInvalid `prisma.quiz.findMany()` invocation in\nD:\\Projects\\ProctorX\\Back-End\\src\\config\\scheduler.js:14:48\n\n  11 const now = new Date();\n  12 \n  13 // 1. Auto-start scheduled PENDING quizzes\n→ 14 const pendingQuizzes = await prisma.quiz.findMany(\nCan't reach database server at `ep-rapid-resonance-ao44cup4-pooler.c-2.ap-southeast-1.aws.neon.tech:5432`\n\nPlease make sure your database server is running at `ep-rapid-resonance-ao44cup4-pooler.c-2.ap-southeast-1.aws.neon.tech:5432`.\n    at $n.handleRequestError (D:\\Projects\\ProctorX\\Back-End\\node_modules\\@prisma\\client\\runtime\\library.js:121:7315)\n    at $n.handleAndLogRequestError (D:\\Projects\\ProctorX\\Back-End\\node_modules\\@prisma\\client\\runtime\\library.js:121:6623)\n    at $n.request (D:\\Projects\\ProctorX\\Back-End\\node_modules\\@prisma\\client\\runtime\\library.js:121:6307)\n    at async l (D:\\Projects\\ProctorX\\Back-End\\node_modules\\@prisma\\client\\runtime\\library.js:130:9633)\n    at async Timeout._onTimeout (D:\\Projects\\ProctorX\\Back-End\\src\\config\\scheduler.js:14:30)","timestamp":"2026-07-07 16:16:13"}
{"clientVersion":"5.22.0","code":"P1001","level":"error","message":"Error inside background scheduler tick: \nInvalid `prisma.quiz.findMany()` invocation in\nD:\\Projects\\ProctorX\\Back-End\\src\\config\\scheduler.js:14:48\n\n  11 const now = new Date();\n  12 \n  13 // 1. Auto-start scheduled PENDING quizzes\n→ 14 const pendingQuizzes = await prisma.quiz.findMany(\nCan't reach database server at `ep-rapid-resonance-ao44cup4-pooler.c-2.ap-southeast-1.aws.neon.tech:5432`\n\nPlease make sure your database server is running at `ep-rapid-resonance-ao44cup4-pooler.c-2.ap-southeast-1.aws.neon.tech:5432`.","meta":{"database_host":"ep-rapid-resonance-ao44cup4-pooler.c-2.ap-southeast-1.aws.neon.tech","database_port":5432,"modelName":"Quiz"},"name":"PrismaClientKnownRequestError","service":"proctorx-backend","stack":"PrismaClientKnownRequestError: \nInvalid `prisma.quiz.findMany()` invocation in\nD:\\Projects\\ProctorX\\Back-End\\src\\config\\scheduler.js:14:48\n\n  11 const now = new Date();\n  12 \n  13 // 1. Auto-start scheduled PENDING quizzes\n→ 14 const pendingQuizzes = await prisma.quiz.findMany(\nCan't reach database server at `ep-rapid-resonance-ao44cup4-pooler.c-2.ap-southeast-1.aws.neon.tech:5432`\n\nPlease make sure your database server is running at `ep-rapid-resonance-ao44cup4-pooler.c-2.ap-southeast-1.aws.neon.tech:5432`.\n    at $n.handleRequestError (D:\\Projects\\ProctorX\\Back-End\\node_modules\\@prisma\\client\\runtime\\library.js:121:7315)\n    at $n.handleAndLogRequestError (D:\\Projects\\ProctorX\\Back-End\\node_modules\\@prisma\\client\\runtime\\library.js:121:6623)\n    at $n.request (D:\\Projects\\ProctorX\\Back-End\\node_modules\\@prisma\\client\\runtime\\library.js:121:6307)\n    at async l (D:\\Projects\\ProctorX\\Back-End\\node_modules\\@prisma\\client\\runtime\\library.js:130:9633)\n    at async Timeout._onTimeout (D:\\Projects\\ProctorX\\Back-End\\src\\config\\scheduler.js:14:30)","timestamp":"2026-07-07 16:16:23"}
{"clientVersion":"5.22.0","code":"P1001","level":"error","message":"Error inside background scheduler tick: \nInvalid `prisma.quiz.findMany()` invocation in\nD:\\Projects\\ProctorX\\Back-End\\src\\config\\scheduler.js:14:48\n\n  11 const now = new Date();\n  12 \n  13 // 1. Auto-start scheduled PENDING quizzes\n→ 14 const pendingQuizzes = await prisma.quiz.findMany(\nCan't reach database server at `ep-rapid-resonance-ao44cup4-pooler.c-2.ap-southeast-1.aws.neon.tech:5432`\n\nPlease make sure your database server is running at `ep-rapid-resonance-ao44cup4-pooler.c-2.ap-southeast-1.aws.neon.tech:5432`.","meta":{"database_host":"ep-rapid-resonance-ao44cup4-pooler.c-2.ap-southeast-1.aws.neon.tech","database_port":5432,"modelName":"Quiz"},"name":"PrismaClientKnownRequestError","service":"proctorx-backend","stack":"PrismaClientKnownRequestError: \nInvalid `prisma.quiz.findMany()` invocation in\nD:\\Projects\\ProctorX\\Back-End\\src\\config\\scheduler.js:14:48\n\n  11 const now = new Date();\n  12 \n  13 // 1. Auto-start scheduled PENDING quizzes\n→ 14 const pendingQuizzes = await prisma.quiz.findMany(\nCan't reach database server at `ep-rapid-resonance-ao44cup4-pooler.c-2.ap-southeast-1.aws.neon.tech:5432`\n\nPlease make sure your database server is running at `ep-rapid-resonance-ao44cup4-pooler.c-2.ap-southeast-1.aws.neon.tech:5432`.\n    at $n.handleRequestError (D:\\Projects\\ProctorX\\Back-End\\node_modules\\@prisma\\client\\runtime\\library.js:121:7315)\n    at $n.handleAndLogRequestError (D:\\Projects\\ProctorX\\Back-End\\node_modules\\@prisma\\client\\runtime\\library.js:121:6623)\n    at $n.request (D:\\Projects\\ProctorX\\Back-End\\node_modules\\@prisma\\client\\runtime\\library.js:121:6307)\n    at async l (D:\\Projects\\ProctorX\\Back-End\\node_modules\\@prisma\\client\\runtime\\library.js:130:9633)\n    at async Timeout._onTimeout (D:\\Projects\\ProctorX\\Back-End\\src\\config\\scheduler.js:14:30)","timestamp":"2026-07-07 16:16:33"}
{"clientVersion":"5.22.0","code":"P1001","level":"error","message":"Error inside background scheduler tick: \nInvalid `prisma.quiz.findMany()` invocation in\nD:\\Projects\\ProctorX\\Back-End\\src\\config\\scheduler.js:14:48\n\n  11 const now = new Date();\n  12 \n  13 // 1. Auto-start scheduled PENDING quizzes\n→ 14 const pendingQuizzes = await prisma.quiz.findMany(\nCan't reach database server at `ep-rapid-resonance-ao44cup4-pooler.c-2.ap-southeast-1.aws.neon.tech:5432`\n\nPlease make sure your database server is running at `ep-rapid-resonance-ao44cup4-pooler.c-2.ap-southeast-1.aws.neon.tech:5432`.","meta":{"database_host":"ep-rapid-resonance-ao44cup4-pooler.c-2.ap-southeast-1.aws.neon.tech","database_port":5432,"modelName":"Quiz"},"name":"PrismaClientKnownRequestError","service":"proctorx-backend","stack":"PrismaClientKnownRequestError: \nInvalid `prisma.quiz.findMany()` invocation in\nD:\\Projects\\ProctorX\\Back-End\\src\\config\\scheduler.js:14:48\n\n  11 const now = new Date();\n  12 \n  13 // 1. Auto-start scheduled PENDING quizzes\n→ 14 const pendingQuizzes = await prisma.quiz.findMany(\nCan't reach database server at `ep-rapid-resonance-ao44cup4-pooler.c-2.ap-southeast-1.aws.neon.tech:5432`\n\nPlease make sure your database server is running at `ep-rapid-resonance-ao44cup4-pooler.c-2.ap-southeast-1.aws.neon.tech:5432`.\n    at $n.handleRequestError (D:\\Projects\\ProctorX\\Back-End\\node_modules\\@prisma\\client\\runtime\\library.js:121:7315)\n    at $n.handleAndLogRequestError (D:\\Projects\\ProctorX\\Back-End\\node_modules\\@prisma\\client\\runtime\\library.js:121:6623)\n    at $n.request (D:\\Projects\\ProctorX\\Back-End\\node_modules\\@prisma\\client\\runtime\\library.js:121:6307)\n    at async l (D:\\Projects\\ProctorX\\Back-End\\node_modules\\@prisma\\client\\runtime\\library.js:130:9633)\n    at async Timeout._onTimeout (D:\\Projects\\ProctorX\\Back-End\\src\\config\\scheduler.js:14:30)","timestamp":"2026-07-07 16:16:43"}
{"clientVersion":"5.22.0","code":"P1001","level":"error","message":"Error inside background scheduler tick: \nInvalid `prisma.quiz.findMany()` invocation in\nD:\\Projects\\ProctorX\\Back-End\\src\\config\\scheduler.js:14:48\n\n  11 const now = new Date();\n  12 \n  13 // 1. Auto-start scheduled PENDING quizzes\n→ 14 const pendingQuizzes = await prisma.quiz.findMany(\nCan't reach database server at `ep-rapid-resonance-ao44cup4-pooler.c-2.ap-southeast-1.aws.neon.tech:5432`\n\nPlease make sure your database server is running at `ep-rapid-resonance-ao44cup4-pooler.c-2.ap-southeast-1.aws.neon.tech:5432`.","meta":{"database_host":"ep-rapid-resonance-ao44cup4-pooler.c-2.ap-southeast-1.aws.neon.tech","database_port":5432,"modelName":"Quiz"},"name":"PrismaClientKnownRequestError","service":"proctorx-backend","stack":"PrismaClientKnownRequestError: \nInvalid `prisma.quiz.findMany()` invocation in\nD:\\Projects\\ProctorX\\Back-End\\src\\config\\scheduler.js:14:48\n\n  11 const now = new Date();\n  12 \n  13 // 1. Auto-start scheduled PENDING quizzes\n→ 14 const pendingQuizzes = await prisma.quiz.findMany(\nCan't reach database server at `ep-rapid-resonance-ao44cup4-pooler.c-2.ap-southeast-1.aws.neon.tech:5432`\n\nPlease make sure your database server is running at `ep-rapid-resonance-ao44cup4-pooler.c-2.ap-southeast-1.aws.neon.tech:5432`.\n    at $n.handleRequestError (D:\\Projects\\ProctorX\\Back-End\\node_modules\\@prisma\\client\\runtime\\library.js:121:7315)\n    at $n.handleAndLogRequestError (D:\\Projects\\ProctorX\\Back-End\\node_modules\\@prisma\\client\\runtime\\library.js:121:6623)\n    at $n.request (D:\\Projects\\ProctorX\\Back-End\\node_modules\\@prisma\\client\\runtime\\library.js:121:6307)\n    at async l (D:\\Projects\\ProctorX\\Back-End\\node_modules\\@prisma\\client\\runtime\\library.js:130:9633)\n    at async Timeout._onTimeout (D:\\Projects\\ProctorX\\Back-End\\src\\config\\scheduler.js:14:30)","timestamp":"2026-07-07 16:16:53"}
{"clientVersion":"5.22.0","code":"P1001","level":"error","message":"Error inside background scheduler tick: \nInvalid `prisma.quiz.findMany()` invocation in\nD:\\Projects\\ProctorX\\Back-End\\src\\config\\scheduler.js:14:48\n\n  11 const now = new Date();\n  12 \n  13 // 1. Auto-start scheduled PENDING quizzes\n→ 14 const pendingQuizzes = await prisma.quiz.findMany(\nCan't reach database server at `ep-rapid-resonance-ao44cup4-pooler.c-2.ap-southeast-1.aws.neon.tech:5432`\n\nPlease make sure your database server is running at `ep-rapid-resonance-ao44cup4-pooler.c-2.ap-southeast-1.aws.neon.tech:5432`.","meta":{"database_host":"ep-rapid-resonance-ao44cup4-pooler.c-2.ap-southeast-1.aws.neon.tech","database_port":5432,"modelName":"Quiz"},"name":"PrismaClientKnownRequestError","service":"proctorx-backend","stack":"PrismaClientKnownRequestError: \nInvalid `prisma.quiz.findMany()` invocation in\nD:\\Projects\\ProctorX\\Back-End\\src\\config\\scheduler.js:14:48\n\n  11 const now = new Date();\n  12 \n  13 // 1. Auto-start scheduled PENDING quizzes\n→ 14 const pendingQuizzes = await prisma.quiz.findMany(\nCan't reach database server at `ep-rapid-resonance-ao44cup4-pooler.c-2.ap-southeast-1.aws.neon.tech:5432`\n\nPlease make sure your database server is running at `ep-rapid-resonance-ao44cup4-pooler.c-2.ap-southeast-1.aws.neon.tech:5432`.\n    at $n.handleRequestError (D:\\Projects\\ProctorX\\Back-End\\node_modules\\@prisma\\client\\runtime\\library.js:121:7315)\n    at $n.handleAndLogRequestError (D:\\Projects\\ProctorX\\Back-End\\node_modules\\@prisma\\client\\runtime\\library.js:121:6623)\n    at $n.request (D:\\Projects\\ProctorX\\Back-End\\node_modules\\@prisma\\client\\runtime\\library.js:121:6307)\n    at async l (D:\\Projects\\ProctorX\\Back-End\\node_modules\\@prisma\\client\\runtime\\library.js:130:9633)\n    at async Timeout._onTimeout (D:\\Projects\\ProctorX\\Back-End\\src\\config\\scheduler.js:14:30)","timestamp":"2026-07-07 16:17:03"}
{"clientVersion":"5.22.0","code":"P1001","level":"error","message":"Error inside background scheduler tick: \nInvalid `prisma.quiz.findMany()` invocation in\nD:\\Projects\\ProctorX\\Back-End\\src\\config\\scheduler.js:14:48\n\n  11 const now = new Date();\n  12 \n  13 // 1. Auto-start scheduled PENDING quizzes\n→ 14 const pendingQuizzes = await prisma.quiz.findMany(\nCan't reach database server at `ep-rapid-resonance-ao44cup4-pooler.c-2.ap-southeast-1.aws.neon.tech:5432`\n\nPlease make sure your database server is running at `ep-rapid-resonance-ao44cup4-pooler.c-2.ap-southeast-1.aws.neon.tech:5432`.","meta":{"database_host":"ep-rapid-resonance-ao44cup4-pooler.c-2.ap-southeast-1.aws.neon.tech","database_port":5432,"modelName":"Quiz"},"name":"PrismaClientKnownRequestError","service":"proctorx-backend","stack":"PrismaClientKnownRequestError: \nInvalid `prisma.quiz.findMany()` invocation in\nD:\\Projects\\ProctorX\\Back-End\\src\\config\\scheduler.js:14:48\n\n  11 const now = new Date();\n  12 \n  13 // 1. Auto-start scheduled PENDING quizzes\n→ 14 const pendingQuizzes = await prisma.quiz.findMany(\nCan't reach database server at `ep-rapid-resonance-ao44cup4-pooler.c-2.ap-southeast-1.aws.neon.tech:5432`\n\nPlease make sure your database server is running at `ep-rapid-resonance-ao44cup4-pooler.c-2.ap-southeast-1.aws.neon.tech:5432`.\n    at $n.handleRequestError (D:\\Projects\\ProctorX\\Back-End\\node_modules\\@prisma\\client\\runtime\\library.js:121:7315)\n    at $n.handleAndLogRequestError (D:\\Projects\\ProctorX\\Back-End\\node_modules\\@prisma\\client\\runtime\\library.js:121:6623)\n    at $n.request (D:\\Projects\\ProctorX\\Back-End\\node_modules\\@prisma\\client\\runtime\\library.js:121:6307)\n    at async l (D:\\Projects\\ProctorX\\Back-End\\node_modules\\@prisma\\client\\runtime\\library.js:130:9633)\n    at async Timeout._onTimeout (D:\\Projects\\ProctorX\\Back-End\\src\\config\\scheduler.js:14:30)","timestamp":"2026-07-07 16:17:13"}
{"clientVersion":"5.22.0","code":"P1001","level":"error","message":"Error inside background scheduler tick: \nInvalid `prisma.quiz.findMany()` invocation in\nD:\\Projects\\ProctorX\\Back-End\\src\\config\\scheduler.js:14:48\n\n  11 const now = new Date();\n  12 \n  13 // 1. Auto-start scheduled PENDING quizzes\n→ 14 const pendingQuizzes = await prisma.quiz.findMany(\nCan't reach database server at `ep-rapid-resonance-ao44cup4-pooler.c-2.ap-southeast-1.aws.neon.tech:5432`\n\nPlease make sure your database server is running at `ep-rapid-resonance-ao44cup4-pooler.c-2.ap-southeast-1.aws.neon.tech:5432`.","meta":{"database_host":"ep-rapid-resonance-ao44cup4-pooler.c-2.ap-southeast-1.aws.neon.tech","database_port":5432,"modelName":"Quiz"},"name":"PrismaClientKnownRequestError","service":"proctorx-backend","stack":"PrismaClientKnownRequestError: \nInvalid `prisma.quiz.findMany()` invocation in\nD:\\Projects\\ProctorX\\Back-End\\src\\config\\scheduler.js:14:48\n\n  11 const now = new Date();\n  12 \n  13 // 1. Auto-start scheduled PENDING quizzes\n→ 14 const pendingQuizzes = await prisma.quiz.findMany(\nCan't reach database server at `ep-rapid-resonance-ao44cup4-pooler.c-2.ap-southeast-1.aws.neon.tech:5432`\n\nPlease make sure your database server is running at `ep-rapid-resonance-ao44cup4-pooler.c-2.ap-southeast-1.aws.neon.tech:5432`.\n    at $n.handleRequestError (D:\\Projects\\ProctorX\\Back-End\\node_modules\\@prisma\\client\\runtime\\library.js:121:7315)\n    at $n.handleAndLogRequestError (D:\\Projects\\ProctorX\\Back-End\\node_modules\\@prisma\\client\\runtime\\library.js:121:6623)\n    at $n.request (D:\\Projects\\ProctorX\\Back-End\\node_modules\\@prisma\\client\\runtime\\library.js:121:6307)\n    at async l (D:\\Projects\\ProctorX\\Back-End\\node_modules\\@prisma\\client\\runtime\\library.js:130:9633)\n    at async Timeout._onTimeout (D:\\Projects\\ProctorX\\Back-End\\src\\config\\scheduler.js:14:30)","timestamp":"2026-07-07 16:17:23"}
{"clientVersion":"5.22.0","code":"P1001","level":"error","message":"Error inside background scheduler tick: \nInvalid `prisma.quiz.findMany()` invocation in\nD:\\Projects\\ProctorX\\Back-End\\src\\config\\scheduler.js:14:48\n\n  11 const now = new Date();\n  12 \n  13 // 1. Auto-start scheduled PENDING quizzes\n→ 14 const pendingQuizzes = await prisma.quiz.findMany(\nCan't reach database server at `ep-rapid-resonance-ao44cup4-pooler.c-2.ap-southeast-1.aws.neon.tech:5432`\n\nPlease make sure your database server is running at `ep-rapid-resonance-ao44cup4-pooler.c-2.ap-southeast-1.aws.neon.tech:5432`.","meta":{"database_host":"ep-rapid-resonance-ao44cup4-pooler.c-2.ap-southeast-1.aws.neon.tech","database_port":5432,"modelName":"Quiz"},"name":"PrismaClientKnownRequestError","service":"proctorx-backend","stack":"PrismaClientKnownRequestError: \nInvalid `prisma.quiz.findMany()` invocation in\nD:\\Projects\\ProctorX\\Back-End\\src\\config\\scheduler.js:14:48\n\n  11 const now = new Date();\n  12 \n  13 // 1. Auto-start scheduled PENDING quizzes\n→ 14 const pendingQuizzes = await prisma.quiz.findMany(\nCan't reach database server at `ep-rapid-resonance-ao44cup4-pooler.c-2.ap-southeast-1.aws.neon.tech:5432`\n\nPlease make sure your database server is running at `ep-rapid-resonance-ao44cup4-pooler.c-2.ap-southeast-1.aws.neon.tech:5432`.\n    at $n.handleRequestError (D:\\Projects\\ProctorX\\Back-End\\node_modules\\@prisma\\client\\runtime\\library.js:121:7315)\n    at $n.handleAndLogRequestError (D:\\Projects\\ProctorX\\Back-End\\node_modules\\@prisma\\client\\runtime\\library.js:121:6623)\n    at $n.request (D:\\Projects\\ProctorX\\Back-End\\node_modules\\@prisma\\client\\runtime\\library.js:121:6307)\n    at async l (D:\\Projects\\ProctorX\\Back-End\\node_modules\\@prisma\\client\\runtime\\library.js:130:9633)\n    at async Timeout._onTimeout (D:\\Projects\\ProctorX\\Back-End\\src\\config\\scheduler.js:14:30)","timestamp":"2026-07-07 16:17:33"}
{"clientVersion":"5.22.0","code":"P1001","level":"error","message":"Error inside background scheduler tick: \nInvalid `prisma.quiz.findMany()` invocation in\nD:\\Projects\\ProctorX\\Back-End\\src\\config\\scheduler.js:14:48\n\n  11 const now = new Date();\n  12 \n  13 // 1. Auto-start scheduled PENDING quizzes\n→ 14 const pendingQuizzes = await prisma.quiz.findMany(\nCan't reach database server at `ep-rapid-resonance-ao44cup4-pooler.c-2.ap-southeast-1.aws.neon.tech:5432`\n\nPlease make sure your database server is running at `ep-rapid-resonance-ao44cup4-pooler.c-2.ap-southeast-1.aws.neon.tech:5432`.","meta":{"database_host":"ep-rapid-resonance-ao44cup4-pooler.c-2.ap-southeast-1.aws.neon.tech","database_port":5432,"modelName":"Quiz"},"name":"PrismaClientKnownRequestError","service":"proctorx-backend","stack":"PrismaClientKnownRequestError: \nInvalid `prisma.quiz.findMany()` invocation in\nD:\\Projects\\ProctorX\\Back-End\\src\\config\\scheduler.js:14:48\n\n  11 const now = new Date();\n  12 \n  13 // 1. Auto-start scheduled PENDING quizzes\n→ 14 const pendingQuizzes = await prisma.quiz.findMany(\nCan't reach database server at `ep-rapid-resonance-ao44cup4-pooler.c-2.ap-southeast-1.aws.neon.tech:5432`\n\nPlease make sure your database server is running at `ep-rapid-resonance-ao44cup4-pooler.c-2.ap-southeast-1.aws.neon.tech:5432`.\n    at $n.handleRequestError (D:\\Projects\\ProctorX\\Back-End\\node_modules\\@prisma\\client\\runtime\\library.js:121:7315)\n    at $n.handleAndLogRequestError (D:\\Projects\\ProctorX\\Back-End\\node_modules\\@prisma\\client\\runtime\\library.js:121:6623)\n    at $n.request (D:\\Projects\\ProctorX\\Back-End\\node_modules\\@prisma\\client\\runtime\\library.js:121:6307)\n    at async l (D:\\Projects\\ProctorX\\Back-End\\node_modules\\@prisma\\client\\runtime\\library.js:130:9633)\n    at async Timeout._onTimeout (D:\\Projects\\ProctorX\\Back-End\\src\\config\\scheduler.js:14:30)","timestamp":"2026-07-07 16:17:43"}
{"clientVersion":"5.22.0","code":"P1001","level":"error","message":"Error inside background scheduler tick: \nInvalid `prisma.quiz.findMany()` invocation in\nD:\\Projects\\ProctorX\\Back-End\\src\\config\\scheduler.js:14:48\n\n  11 const now = new Date();\n  12 \n  13 // 1. Auto-start scheduled PENDING quizzes\n→ 14 const pendingQuizzes = await prisma.quiz.findMany(\nCan't reach database server at `ep-rapid-resonance-ao44cup4-pooler.c-2.ap-southeast-1.aws.neon.tech:5432`\n\nPlease make sure your database server is running at `ep-rapid-resonance-ao44cup4-pooler.c-2.ap-southeast-1.aws.neon.tech:5432`.","meta":{"database_host":"ep-rapid-resonance-ao44cup4-pooler.c-2.ap-southeast-1.aws.neon.tech","database_port":5432,"modelName":"Quiz"},"name":"PrismaClientKnownRequestError","service":"proctorx-backend","stack":"PrismaClientKnownRequestError: \nInvalid `prisma.quiz.findMany()` invocation in\nD:\\Projects\\ProctorX\\Back-End\\src\\config\\scheduler.js:14:48\n\n  11 const now = new Date();\n  12 \n  13 // 1. Auto-start scheduled PENDING quizzes\n→ 14 const pendingQuizzes = await prisma.quiz.findMany(\nCan't reach database server at `ep-rapid-resonance-ao44cup4-pooler.c-2.ap-southeast-1.aws.neon.tech:5432`\n\nPlease make sure your database server is running at `ep-rapid-resonance-ao44cup4-pooler.c-2.ap-southeast-1.aws.neon.tech:5432`.\n    at $n.handleRequestError (D:\\Projects\\ProctorX\\Back-End\\node_modules\\@prisma\\client\\runtime\\library.js:121:7315)\n    at $n.handleAndLogRequestError (D:\\Projects\\ProctorX\\Back-End\\node_modules\\@prisma\\client\\runtime\\library.js:121:6623)\n    at $n.request (D:\\Projects\\ProctorX\\Back-End\\node_modules\\@prisma\\client\\runtime\\library.js:121:6307)\n    at async l (D:\\Projects\\ProctorX\\Back-End\\node_modules\\@prisma\\client\\runtime\\library.js:130:9633)\n    at async Timeout._onTimeout (D:\\Projects\\ProctorX\\Back-End\\src\\config\\scheduler.js:14:30)","timestamp":"2026-07-07 16:17:53"}
{"clientVersion":"5.22.0","code":"P1001","level":"error","message":"Error inside background scheduler tick: \nInvalid `prisma.quiz.findMany()` invocation in\nD:\\Projects\\ProctorX\\Back-End\\src\\config\\scheduler.js:14:48\n\n  11 const now = new Date();\n  12 \n  13 // 1. Auto-start scheduled PENDING quizzes\n→ 14 const pendingQuizzes = await prisma.quiz.findMany(\nCan't reach database server at `ep-rapid-resonance-ao44cup4-pooler.c-2.ap-southeast-1.aws.neon.tech:5432`\n\nPlease make sure your database server is running at `ep-rapid-resonance-ao44cup4-pooler.c-2.ap-southeast-1.aws.neon.tech:5432`.","meta":{"database_host":"ep-rapid-resonance-ao44cup4-pooler.c-2.ap-southeast-1.aws.neon.tech","database_port":5432,"modelName":"Quiz"},"name":"PrismaClientKnownRequestError","service":"proctorx-backend","stack":"PrismaClientKnownRequestError: \nInvalid `prisma.quiz.findMany()` invocation in\nD:\\Projects\\ProctorX\\Back-End\\src\\config\\scheduler.js:14:48\n\n  11 const now = new Date();\n  12 \n  13 // 1. Auto-start scheduled PENDING quizzes\n→ 14 const pendingQuizzes = await prisma.quiz.findMany(\nCan't reach database server at `ep-rapid-resonance-ao44cup4-pooler.c-2.ap-southeast-1.aws.neon.tech:5432`\n\nPlease make sure your database server is running at `ep-rapid-resonance-ao44cup4-pooler.c-2.ap-southeast-1.aws.neon.tech:5432`.\n    at $n.handleRequestError (D:\\Projects\\ProctorX\\Back-End\\node_modules\\@prisma\\client\\runtime\\library.js:121:7315)\n    at $n.handleAndLogRequestError (D:\\Projects\\ProctorX\\Back-End\\node_modules\\@prisma\\client\\runtime\\library.js:121:6623)\n    at $n.request (D:\\Projects\\ProctorX\\Back-End\\node_modules\\@prisma\\client\\runtime\\library.js:121:6307)\n    at async l (D:\\Projects\\ProctorX\\Back-End\\node_modules\\@prisma\\client\\runtime\\library.js:130:9633)\n    at async Timeout._onTimeout (D:\\Projects\\ProctorX\\Back-End\\src\\config\\scheduler.js:14:30)","timestamp":"2026-07-07 16:18:03"}
{"clientVersion":"5.22.0","code":"P1001","level":"error","message":"Error inside background scheduler tick: \nInvalid `prisma.quiz.findMany()` invocation in\nD:\\Projects\\ProctorX\\Back-End\\src\\config\\scheduler.js:14:48\n\n  11 const now = new Date();\n  12 \n  13 // 1. Auto-start scheduled PENDING quizzes\n→ 14 const pendingQuizzes = await prisma.quiz.findMany(\nCan't reach database server at `ep-rapid-resonance-ao44cup4-pooler.c-2.ap-southeast-1.aws.neon.tech:5432`\n\nPlease make sure your database server is running at `ep-rapid-resonance-ao44cup4-pooler.c-2.ap-southeast-1.aws.neon.tech:5432`.","meta":{"database_host":"ep-rapid-resonance-ao44cup4-pooler.c-2.ap-southeast-1.aws.neon.tech","database_port":5432,"modelName":"Quiz"},"name":"PrismaClientKnownRequestError","service":"proctorx-backend","stack":"PrismaClientKnownRequestError: \nInvalid `prisma.quiz.findMany()` invocation in\nD:\\Projects\\ProctorX\\Back-End\\src\\config\\scheduler.js:14:48\n\n  11 const now = new Date();\n  12 \n  13 // 1. Auto-start scheduled PENDING quizzes\n→ 14 const pendingQuizzes = await prisma.quiz.findMany(\nCan't reach database server at `ep-rapid-resonance-ao44cup4-pooler.c-2.ap-southeast-1.aws.neon.tech:5432`\n\nPlease make sure your database server is running at `ep-rapid-resonance-ao44cup4-pooler.c-2.ap-southeast-1.aws.neon.tech:5432`.\n    at $n.handleRequestError (D:\\Projects\\ProctorX\\Back-End\\node_modules\\@prisma\\client\\runtime\\library.js:121:7315)\n    at $n.handleAndLogRequestError (D:\\Projects\\ProctorX\\Back-End\\node_modules\\@prisma\\client\\runtime\\library.js:121:6623)\n    at $n.request (D:\\Projects\\ProctorX\\Back-End\\node_modules\\@prisma\\client\\runtime\\library.js:121:6307)\n    at async l (D:\\Projects\\ProctorX\\Back-End\\node_modules\\@prisma\\client\\runtime\\library.js:130:9633)\n    at async Timeout._onTimeout (D:\\Projects\\ProctorX\\Back-End\\src\\config\\scheduler.js:14:30)","timestamp":"2026-07-07 16:18:13"}
{"clientVersion":"5.22.0","code":"P1001","level":"error","message":"Error inside background scheduler tick: \nInvalid `prisma.quiz.findMany()` invocation in\nD:\\Projects\\ProctorX\\Back-End\\src\\config\\scheduler.js:14:48\n\n  11 const now = new Date();\n  12 \n  13 // 1. Auto-start scheduled PENDING quizzes\n→ 14 const pendingQuizzes = await prisma.quiz.findMany(\nCan't reach database server at `ep-rapid-resonance-ao44cup4-pooler.c-2.ap-southeast-1.aws.neon.tech:5432`\n\nPlease make sure your database server is running at `ep-rapid-resonance-ao44cup4-pooler.c-2.ap-southeast-1.aws.neon.tech:5432`.","meta":{"database_host":"ep-rapid-resonance-ao44cup4-pooler.c-2.ap-southeast-1.aws.neon.tech","database_port":5432,"modelName":"Quiz"},"name":"PrismaClientKnownRequestError","service":"proctorx-backend","stack":"PrismaClientKnownRequestError: \nInvalid `prisma.quiz.findMany()` invocation in\nD:\\Projects\\ProctorX\\Back-End\\src\\config\\scheduler.js:14:48\n\n  11 const now = new Date();\n  12 \n  13 // 1. Auto-start scheduled PENDING quizzes\n→ 14 const pendingQuizzes = await prisma.quiz.findMany(\nCan't reach database server at `ep-rapid-resonance-ao44cup4-pooler.c-2.ap-southeast-1.aws.neon.tech:5432`\n\nPlease make sure your database server is running at `ep-rapid-resonance-ao44cup4-pooler.c-2.ap-southeast-1.aws.neon.tech:5432`.\n    at $n.handleRequestError (D:\\Projects\\ProctorX\\Back-End\\node_modules\\@prisma\\client\\runtime\\library.js:121:7315)\n    at $n.handleAndLogRequestError (D:\\Projects\\ProctorX\\Back-End\\node_modules\\@prisma\\client\\runtime\\library.js:121:6623)\n    at $n.request (D:\\Projects\\ProctorX\\Back-End\\node_modules\\@prisma\\client\\runtime\\library.js:121:6307)\n    at async l (D:\\Projects\\ProctorX\\Back-End\\node_modules\\@prisma\\client\\runtime\\library.js:130:9633)\n    at async Timeout._onTimeout (D:\\Projects\\ProctorX\\Back-End\\src\\config\\scheduler.js:14:30)","timestamp":"2026-07-07 16:18:23"}
{"clientVersion":"5.22.0","code":"P1001","level":"error","message":"Error inside background scheduler tick: \nInvalid `prisma.quiz.findMany()` invocation in\nD:\\Projects\\ProctorX\\Back-End\\src\\config\\scheduler.js:14:48\n\n  11 const now = new Date();\n  12 \n  13 // 1. Auto-start scheduled PENDING quizzes\n→ 14 const pendingQuizzes = await prisma.quiz.findMany(\nCan't reach database server at `ep-rapid-resonance-ao44cup4-pooler.c-2.ap-southeast-1.aws.neon.tech:5432`\n\nPlease make sure your database server is running at `ep-rapid-resonance-ao44cup4-pooler.c-2.ap-southeast-1.aws.neon.tech:5432`.","meta":{"database_host":"ep-rapid-resonance-ao44cup4-pooler.c-2.ap-southeast-1.aws.neon.tech","database_port":5432,"modelName":"Quiz"},"name":"PrismaClientKnownRequestError","service":"proctorx-backend","stack":"PrismaClientKnownRequestError: \nInvalid `prisma.quiz.findMany()` invocation in\nD:\\Projects\\ProctorX\\Back-End\\src\\config\\scheduler.js:14:48\n\n  11 const now = new Date();\n  12 \n  13 // 1. Auto-start scheduled PENDING quizzes\n→ 14 const pendingQuizzes = await prisma.quiz.findMany(\nCan't reach database server at `ep-rapid-resonance-ao44cup4-pooler.c-2.ap-southeast-1.aws.neon.tech:5432`\n\nPlease make sure your database server is running at `ep-rapid-resonance-ao44cup4-pooler.c-2.ap-southeast-1.aws.neon.tech:5432`.\n    at $n.handleRequestError (D:\\Projects\\ProctorX\\Back-End\\node_modules\\@prisma\\client\\runtime\\library.js:121:7315)\n    at $n.handleAndLogRequestError (D:\\Projects\\ProctorX\\Back-End\\node_modules\\@prisma\\client\\runtime\\library.js:121:6623)\n    at $n.request (D:\\Projects\\ProctorX\\Back-End\\node_modules\\@prisma\\client\\runtime\\library.js:121:6307)\n    at async l (D:\\Projects\\ProctorX\\Back-End\\node_modules\\@prisma\\client\\runtime\\library.js:130:9633)\n    at async Timeout._onTimeout (D:\\Projects\\ProctorX\\Back-End\\src\\config\\scheduler.js:14:30)","timestamp":"2026-07-07 16:18:33"}
{"clientVersion":"5.22.0","code":"P1001","level":"error","message":"Error inside background scheduler tick: \nInvalid `prisma.quiz.findMany()` invocation in\nD:\\Projects\\ProctorX\\Back-End\\src\\config\\scheduler.js:14:48\n\n  11 const now = new Date();\n  12 \n  13 // 1. Auto-start scheduled PENDING quizzes\n→ 14 const pendingQuizzes = await prisma.quiz.findMany(\nCan't reach database server at `ep-rapid-resonance-ao44cup4-pooler.c-2.ap-southeast-1.aws.neon.tech:5432`\n\nPlease make sure your database server is running at `ep-rapid-resonance-ao44cup4-pooler.c-2.ap-southeast-1.aws.neon.tech:5432`.","meta":{"database_host":"ep-rapid-resonance-ao44cup4-pooler.c-2.ap-southeast-1.aws.neon.tech","database_port":5432,"modelName":"Quiz"},"name":"PrismaClientKnownRequestError","service":"proctorx-backend","stack":"PrismaClientKnownRequestError: \nInvalid `prisma.quiz.findMany()` invocation in\nD:\\Projects\\ProctorX\\Back-End\\src\\config\\scheduler.js:14:48\n\n  11 const now = new Date();\n  12 \n  13 // 1. Auto-start scheduled PENDING quizzes\n→ 14 const pendingQuizzes = await prisma.quiz.findMany(\nCan't reach database server at `ep-rapid-resonance-ao44cup4-pooler.c-2.ap-southeast-1.aws.neon.tech:5432`\n\nPlease make sure your database server is running at `ep-rapid-resonance-ao44cup4-pooler.c-2.ap-southeast-1.aws.neon.tech:5432`.\n    at $n.handleRequestError (D:\\Projects\\ProctorX\\Back-End\\node_modules\\@prisma\\client\\runtime\\library.js:121:7315)\n    at $n.handleAndLogRequestError (D:\\Projects\\ProctorX\\Back-End\\node_modules\\@prisma\\client\\runtime\\library.js:121:6623)\n    at $n.request (D:\\Projects\\ProctorX\\Back-End\\node_modules\\@prisma\\client\\runtime\\library.js:121:6307)\n    at async l (D:\\Projects\\ProctorX\\Back-End\\node_modules\\@prisma\\client\\runtime\\library.js:130:9633)\n    at async Timeout._onTimeout (D:\\Projects\\ProctorX\\Back-End\\src\\config\\scheduler.js:14:30)","timestamp":"2026-07-07 16:18:43"}
{"clientVersion":"5.22.0","code":"P1001","level":"error","message":"Error inside background scheduler tick: \nInvalid `prisma.quiz.findMany()` invocation in\nD:\\Projects\\ProctorX\\Back-End\\src\\config\\scheduler.js:14:48\n\n  11 const now = new Date();\n  12 \n  13 // 1. Auto-start scheduled PENDING quizzes\n→ 14 const pendingQuizzes = await prisma.quiz.findMany(\nCan't reach database server at `ep-rapid-resonance-ao44cup4-pooler.c-2.ap-southeast-1.aws.neon.tech:5432`\n\nPlease make sure your database server is running at `ep-rapid-resonance-ao44cup4-pooler.c-2.ap-southeast-1.aws.neon.tech:5432`.","meta":{"database_host":"ep-rapid-resonance-ao44cup4-pooler.c-2.ap-southeast-1.aws.neon.tech","database_port":5432,"modelName":"Quiz"},"name":"PrismaClientKnownRequestError","service":"proctorx-backend","stack":"PrismaClientKnownRequestError: \nInvalid `prisma.quiz.findMany()` invocation in\nD:\\Projects\\ProctorX\\Back-End\\src\\config\\scheduler.js:14:48\n\n  11 const now = new Date();\n  12 \n  13 // 1. Auto-start scheduled PENDING quizzes\n→ 14 const pendingQuizzes = await prisma.quiz.findMany(\nCan't reach database server at `ep-rapid-resonance-ao44cup4-pooler.c-2.ap-southeast-1.aws.neon.tech:5432`\n\nPlease make sure your database server is running at `ep-rapid-resonance-ao44cup4-pooler.c-2.ap-southeast-1.aws.neon.tech:5432`.\n    at $n.handleRequestError (D:\\Projects\\ProctorX\\Back-End\\node_modules\\@prisma\\client\\runtime\\library.js:121:7315)\n    at $n.handleAndLogRequestError (D:\\Projects\\ProctorX\\Back-End\\node_modules\\@prisma\\client\\runtime\\library.js:121:6623)\n    at $n.request (D:\\Projects\\ProctorX\\Back-End\\node_modules\\@prisma\\client\\runtime\\library.js:121:6307)\n    at async l (D:\\Projects\\ProctorX\\Back-End\\node_modules\\@prisma\\client\\runtime\\library.js:130:9633)\n    at async Timeout._onTimeout (D:\\Projects\\ProctorX\\Back-End\\src\\config\\scheduler.js:14:30)","timestamp":"2026-07-07 16:18:53"}
{"clientVersion":"5.22.0","code":"P1001","level":"error","message":"Error inside background scheduler tick: \nInvalid `prisma.quiz.findMany()` invocation in\nD:\\Projects\\ProctorX\\Back-End\\src\\config\\scheduler.js:14:48\n\n  11 const now = new Date();\n  12 \n  13 // 1. Auto-start scheduled PENDING quizzes\n→ 14 const pendingQuizzes = await prisma.quiz.findMany(\nCan't reach database server at `ep-rapid-resonance-ao44cup4-pooler.c-2.ap-southeast-1.aws.neon.tech:5432`\n\nPlease make sure your database server is running at `ep-rapid-resonance-ao44cup4-pooler.c-2.ap-southeast-1.aws.neon.tech:5432`.","meta":{"database_host":"ep-rapid-resonance-ao44cup4-pooler.c-2.ap-southeast-1.aws.neon.tech","database_port":5432,"modelName":"Quiz"},"name":"PrismaClientKnownRequestError","service":"proctorx-backend","stack":"PrismaClientKnownRequestError: \nInvalid `prisma.quiz.findMany()` invocation in\nD:\\Projects\\ProctorX\\Back-End\\src\\config\\scheduler.js:14:48\n\n  11 const now = new Date();\n  12 \n  13 // 1. Auto-start scheduled PENDING quizzes\n→ 14 const pendingQuizzes = await prisma.quiz.findMany(\nCan't reach database server at `ep-rapid-resonance-ao44cup4-pooler.c-2.ap-southeast-1.aws.neon.tech:5432`\n\nPlease make sure your database server is running at `ep-rapid-resonance-ao44cup4-pooler.c-2.ap-southeast-1.aws.neon.tech:5432`.\n    at $n.handleRequestError (D:\\Projects\\ProctorX\\Back-End\\node_modules\\@prisma\\client\\runtime\\library.js:121:7315)\n    at $n.handleAndLogRequestError (D:\\Projects\\ProctorX\\Back-End\\node_modules\\@prisma\\client\\runtime\\library.js:121:6623)\n    at $n.request (D:\\Projects\\ProctorX\\Back-End\\node_modules\\@prisma\\client\\runtime\\library.js:121:6307)\n    at async l (D:\\Projects\\ProctorX\\Back-End\\node_modules\\@prisma\\client\\runtime\\library.js:130:9633)\n    at async Timeout._onTimeout (D:\\Projects\\ProctorX\\Back-End\\src\\config\\scheduler.js:14:30)","timestamp":"2026-07-07 16:19:03"}
{"clientVersion":"5.22.0","code":"P1001","level":"error","message":"Error inside background scheduler tick: \nInvalid `prisma.quiz.findMany()` invocation in\nD:\\Projects\\ProctorX\\Back-End\\src\\config\\scheduler.js:14:48\n\n  11 const now = new Date();\n  12 \n  13 // 1. Auto-start scheduled PENDING quizzes\n→ 14 const pendingQuizzes = await prisma.quiz.findMany(\nCan't reach database server at `ep-rapid-resonance-ao44cup4-pooler.c-2.ap-southeast-1.aws.neon.tech:5432`\n\nPlease make sure your database server is running at `ep-rapid-resonance-ao44cup4-pooler.c-2.ap-southeast-1.aws.neon.tech:5432`.","meta":{"database_host":"ep-rapid-resonance-ao44cup4-pooler.c-2.ap-southeast-1.aws.neon.tech","database_port":5432,"modelName":"Quiz"},"name":"PrismaClientKnownRequestError","service":"proctorx-backend","stack":"PrismaClientKnownRequestError: \nInvalid `prisma.quiz.findMany()` invocation in\nD:\\Projects\\ProctorX\\Back-End\\src\\config\\scheduler.js:14:48\n\n  11 const now = new Date();\n  12 \n  13 // 1. Auto-start scheduled PENDING quizzes\n→ 14 const pendingQuizzes = await prisma.quiz.findMany(\nCan't reach database server at `ep-rapid-resonance-ao44cup4-pooler.c-2.ap-southeast-1.aws.neon.tech:5432`\n\nPlease make sure your database server is running at `ep-rapid-resonance-ao44cup4-pooler.c-2.ap-southeast-1.aws.neon.tech:5432`.\n    at $n.handleRequestError (D:\\Projects\\ProctorX\\Back-End\\node_modules\\@prisma\\client\\runtime\\library.js:121:7315)\n    at $n.handleAndLogRequestError (D:\\Projects\\ProctorX\\Back-End\\node_modules\\@prisma\\client\\runtime\\library.js:121:6623)\n    at $n.request (D:\\Projects\\ProctorX\\Back-End\\node_modules\\@prisma\\client\\runtime\\library.js:121:6307)\n    at async l (D:\\Projects\\ProctorX\\Back-End\\node_modules\\@prisma\\client\\runtime\\library.js:130:9633)\n    at async Timeout._onTimeout (D:\\Projects\\ProctorX\\Back-End\\src\\config\\scheduler.js:14:30)","timestamp":"2026-07-07 16:19:13"}
{"clientVersion":"5.22.0","code":"P1001","level":"error","message":"Error inside background scheduler tick: \nInvalid `prisma.quiz.findMany()` invocation in\nD:\\Projects\\ProctorX\\Back-End\\src\\config\\scheduler.js:14:48\n\n  11 const now = new Date();\n  12 \n  13 // 1. Auto-start scheduled PENDING quizzes\n→ 14 const pendingQuizzes = await prisma.quiz.findMany(\nCan't reach database server at `ep-rapid-resonance-ao44cup4-pooler.c-2.ap-southeast-1.aws.neon.tech:5432`\n\nPlease make sure your database server is running at `ep-rapid-resonance-ao44cup4-pooler.c-2.ap-southeast-1.aws.neon.tech:5432`.","meta":{"database_host":"ep-rapid-resonance-ao44cup4-pooler.c-2.ap-southeast-1.aws.neon.tech","database_port":5432,"modelName":"Quiz"},"name":"PrismaClientKnownRequestError","service":"proctorx-backend","stack":"PrismaClientKnownRequestError: \nInvalid `prisma.quiz.findMany()` invocation in\nD:\\Projects\\ProctorX\\Back-End\\src\\config\\scheduler.js:14:48\n\n  11 const now = new Date();\n  12 \n  13 // 1. Auto-start scheduled PENDING quizzes\n→ 14 const pendingQuizzes = await prisma.quiz.findMany(\nCan't reach database server at `ep-rapid-resonance-ao44cup4-pooler.c-2.ap-southeast-1.aws.neon.tech:5432`\n\nPlease make sure your database server is running at `ep-rapid-resonance-ao44cup4-pooler.c-2.ap-southeast-1.aws.neon.tech:5432`.\n    at $n.handleRequestError (D:\\Projects\\ProctorX\\Back-End\\node_modules\\@prisma\\client\\runtime\\library.js:121:7315)\n    at $n.handleAndLogRequestError (D:\\Projects\\ProctorX\\Back-End\\node_modules\\@prisma\\client\\runtime\\library.js:121:6623)\n    at $n.request (D:\\Projects\\ProctorX\\Back-End\\node_modules\\@prisma\\client\\runtime\\library.js:121:6307)\n    at async l (D:\\Projects\\ProctorX\\Back-End\\node_modules\\@prisma\\client\\runtime\\library.js:130:9633)\n    at async Timeout._onTimeout (D:\\Projects\\ProctorX\\Back-End\\src\\config\\scheduler.js:14:30)","timestamp":"2026-07-07 16:19:23"}
{"clientVersion":"5.22.0","code":"P1001","level":"error","message":"Error inside background scheduler tick: \nInvalid `prisma.quiz.findMany()` invocation in\nD:\\Projects\\ProctorX\\Back-End\\src\\config\\scheduler.js:14:48\n\n  11 const now = new Date();\n  12 \n  13 // 1. Auto-start scheduled PENDING quizzes\n→ 14 const pendingQuizzes = await prisma.quiz.findMany(\nCan't reach database server at `ep-rapid-resonance-ao44cup4-pooler.c-2.ap-southeast-1.aws.neon.tech:5432`\n\nPlease make sure your database server is running at `ep-rapid-resonance-ao44cup4-pooler.c-2.ap-southeast-1.aws.neon.tech:5432`.","meta":{"database_host":"ep-rapid-resonance-ao44cup4-pooler.c-2.ap-southeast-1.aws.neon.tech","database_port":5432,"modelName":"Quiz"},"name":"PrismaClientKnownRequestError","service":"proctorx-backend","stack":"PrismaClientKnownRequestError: \nInvalid `prisma.quiz.findMany()` invocation in\nD:\\Projects\\ProctorX\\Back-End\\src\\config\\scheduler.js:14:48\n\n  11 const now = new Date();\n  12 \n  13 // 1. Auto-start scheduled PENDING quizzes\n→ 14 const pendingQuizzes = await prisma.quiz.findMany(\nCan't reach database server at `ep-rapid-resonance-ao44cup4-pooler.c-2.ap-southeast-1.aws.neon.tech:5432`\n\nPlease make sure your database server is running at `ep-rapid-resonance-ao44cup4-pooler.c-2.ap-southeast-1.aws.neon.tech:5432`.\n    at $n.handleRequestError (D:\\Projects\\ProctorX\\Back-End\\node_modules\\@prisma\\client\\runtime\\library.js:121:7315)\n    at $n.handleAndLogRequestError (D:\\Projects\\ProctorX\\Back-End\\node_modules\\@prisma\\client\\runtime\\library.js:121:6623)\n    at $n.request (D:\\Projects\\ProctorX\\Back-End\\node_modules\\@prisma\\client\\runtime\\library.js:121:6307)\n    at async l (D:\\Projects\\ProctorX\\Back-End\\node_modules\\@prisma\\client\\runtime\\library.js:130:9633)\n    at async Timeout._onTimeout (D:\\Projects\\ProctorX\\Back-End\\src\\config\\scheduler.js:14:30)","timestamp":"2026-07-07 16:19:33"}
{"clientVersion":"5.22.0","code":"P1001","level":"error","message":"Error inside background scheduler tick: \nInvalid `prisma.quiz.findMany()` invocation in\nD:\\Projects\\ProctorX\\Back-End\\src\\config\\scheduler.js:14:48\n\n  11 const now = new Date();\n  12 \n  13 // 1. Auto-start scheduled PENDING quizzes\n→ 14 const pendingQuizzes = await prisma.quiz.findMany(\nCan't reach database server at `ep-rapid-resonance-ao44cup4-pooler.c-2.ap-southeast-1.aws.neon.tech:5432`\n\nPlease make sure your database server is running at `ep-rapid-resonance-ao44cup4-pooler.c-2.ap-southeast-1.aws.neon.tech:5432`.","meta":{"database_host":"ep-rapid-resonance-ao44cup4-pooler.c-2.ap-southeast-1.aws.neon.tech","database_port":5432,"modelName":"Quiz"},"name":"PrismaClientKnownRequestError","service":"proctorx-backend","stack":"PrismaClientKnownRequestError: \nInvalid `prisma.quiz.findMany()` invocation in\nD:\\Projects\\ProctorX\\Back-End\\src\\config\\scheduler.js:14:48\n\n  11 const now = new Date();\n  12 \n  13 // 1. Auto-start scheduled PENDING quizzes\n→ 14 const pendingQuizzes = await prisma.quiz.findMany(\nCan't reach database server at `ep-rapid-resonance-ao44cup4-pooler.c-2.ap-southeast-1.aws.neon.tech:5432`\n\nPlease make sure your database server is running at `ep-rapid-resonance-ao44cup4-pooler.c-2.ap-southeast-1.aws.neon.tech:5432`.\n    at $n.handleRequestError (D:\\Projects\\ProctorX\\Back-End\\node_modules\\@prisma\\client\\runtime\\library.js:121:7315)\n    at $n.handleAndLogRequestError (D:\\Projects\\ProctorX\\Back-End\\node_modules\\@prisma\\client\\runtime\\library.js:121:6623)\n    at $n.request (D:\\Projects\\ProctorX\\Back-End\\node_modules\\@prisma\\client\\runtime\\library.js:121:6307)\n    at async l (D:\\Projects\\ProctorX\\Back-End\\node_modules\\@prisma\\client\\runtime\\library.js:130:9633)\n    at async Timeout._onTimeout (D:\\Projects\\ProctorX\\Back-End\\src\\config\\scheduler.js:14:30)","timestamp":"2026-07-07 16:19:43"}
{"clientVersion":"5.22.0","code":"P1001","level":"error","message":"Error inside background scheduler tick: \nInvalid `prisma.quiz.findMany()` invocation in\nD:\\Projects\\ProctorX\\Back-End\\src\\config\\scheduler.js:14:48\n\n  11 const now = new Date();\n  12 \n  13 // 1. Auto-start scheduled PENDING quizzes\n→ 14 const pendingQuizzes = await prisma.quiz.findMany(\nCan't reach database server at `ep-rapid-resonance-ao44cup4-pooler.c-2.ap-southeast-1.aws.neon.tech:5432`\n\nPlease make sure your database server is running at `ep-rapid-resonance-ao44cup4-pooler.c-2.ap-southeast-1.aws.neon.tech:5432`.","meta":{"database_host":"ep-rapid-resonance-ao44cup4-pooler.c-2.ap-southeast-1.aws.neon.tech","database_port":5432,"modelName":"Quiz"},"name":"PrismaClientKnownRequestError","service":"proctorx-backend","stack":"PrismaClientKnownRequestError: \nInvalid `prisma.quiz.findMany()` invocation in\nD:\\Projects\\ProctorX\\Back-End\\src\\config\\scheduler.js:14:48\n\n  11 const now = new Date();\n  12 \n  13 // 1. Auto-start scheduled PENDING quizzes\n→ 14 const pendingQuizzes = await prisma.quiz.findMany(\nCan't reach database server at `ep-rapid-resonance-ao44cup4-pooler.c-2.ap-southeast-1.aws.neon.tech:5432`\n\nPlease make sure your database server is running at `ep-rapid-resonance-ao44cup4-pooler.c-2.ap-southeast-1.aws.neon.tech:5432`.\n    at $n.handleRequestError (D:\\Projects\\ProctorX\\Back-End\\node_modules\\@prisma\\client\\runtime\\library.js:121:7315)\n    at $n.handleAndLogRequestError (D:\\Projects\\ProctorX\\Back-End\\node_modules\\@prisma\\client\\runtime\\library.js:121:6623)\n    at $n.request (D:\\Projects\\ProctorX\\Back-End\\node_modules\\@prisma\\client\\runtime\\library.js:121:6307)\n    at async l (D:\\Projects\\ProctorX\\Back-End\\node_modules\\@prisma\\client\\runtime\\library.js:130:9633)\n    at async Timeout._onTimeout (D:\\Projects\\ProctorX\\Back-End\\src\\config\\scheduler.js:14:30)","timestamp":"2026-07-07 16:19:53"}
{"clientVersion":"5.22.0","code":"P1001","level":"error","message":"Error inside background scheduler tick: \nInvalid `prisma.quiz.findMany()` invocation in\nD:\\Projects\\ProctorX\\Back-End\\src\\config\\scheduler.js:14:48\n\n  11 const now = new Date();\n  12 \n  13 // 1. Auto-start scheduled PENDING quizzes\n→ 14 const pendingQuizzes = await prisma.quiz.findMany(\nCan't reach database server at `ep-rapid-resonance-ao44cup4-pooler.c-2.ap-southeast-1.aws.neon.tech:5432`\n\nPlease make sure your database server is running at `ep-rapid-resonance-ao44cup4-pooler.c-2.ap-southeast-1.aws.neon.tech:5432`.","meta":{"database_host":"ep-rapid-resonance-ao44cup4-pooler.c-2.ap-southeast-1.aws.neon.tech","database_port":5432,"modelName":"Quiz"},"name":"PrismaClientKnownRequestError","service":"proctorx-backend","stack":"PrismaClientKnownRequestError: \nInvalid `prisma.quiz.findMany()` invocation in\nD:\\Projects\\ProctorX\\Back-End\\src\\config\\scheduler.js:14:48\n\n  11 const now = new Date();\n  12 \n  13 // 1. Auto-start scheduled PENDING quizzes\n→ 14 const pendingQuizzes = await prisma.quiz.findMany(\nCan't reach database server at `ep-rapid-resonance-ao44cup4-pooler.c-2.ap-southeast-1.aws.neon.tech:5432`\n\nPlease make sure your database server is running at `ep-rapid-resonance-ao44cup4-pooler.c-2.ap-southeast-1.aws.neon.tech:5432`.\n    at $n.handleRequestError (D:\\Projects\\ProctorX\\Back-End\\node_modules\\@prisma\\client\\runtime\\library.js:121:7315)\n    at $n.handleAndLogRequestError (D:\\Projects\\ProctorX\\Back-End\\node_modules\\@prisma\\client\\runtime\\library.js:121:6623)\n    at $n.request (D:\\Projects\\ProctorX\\Back-End\\node_modules\\@prisma\\client\\runtime\\library.js:121:6307)\n    at async l (D:\\Projects\\ProctorX\\Back-End\\node_modules\\@prisma\\client\\runtime\\library.js:130:9633)\n    at async Timeout._onTimeout (D:\\Projects\\ProctorX\\Back-End\\src\\config\\scheduler.js:14:30)","timestamp":"2026-07-07 16:20:03"}
{"clientVersion":"5.22.0","code":"P1001","level":"error","message":"Error inside background scheduler tick: \nInvalid `prisma.quiz.findMany()` invocation in\nD:\\Projects\\ProctorX\\Back-End\\src\\config\\scheduler.js:14:48\n\n  11 const now = new Date();\n  12 \n  13 // 1. Auto-start scheduled PENDING quizzes\n→ 14 const pendingQuizzes = await prisma.quiz.findMany(\nCan't reach database server at `ep-rapid-resonance-ao44cup4-pooler.c-2.ap-southeast-1.aws.neon.tech:5432`\n\nPlease make sure your database server is running at `ep-rapid-resonance-ao44cup4-pooler.c-2.ap-southeast-1.aws.neon.tech:5432`.","meta":{"database_host":"ep-rapid-resonance-ao44cup4-pooler.c-2.ap-southeast-1.aws.neon.tech","database_port":5432,"modelName":"Quiz"},"name":"PrismaClientKnownRequestError","service":"proctorx-backend","stack":"PrismaClientKnownRequestError: \nInvalid `prisma.quiz.findMany()` invocation in\nD:\\Projects\\ProctorX\\Back-End\\src\\config\\scheduler.js:14:48\n\n  11 const now = new Date();\n  12 \n  13 // 1. Auto-start scheduled PENDING quizzes\n→ 14 const pendingQuizzes = await prisma.quiz.findMany(\nCan't reach database server at `ep-rapid-resonance-ao44cup4-pooler.c-2.ap-southeast-1.aws.neon.tech:5432`\n\nPlease make sure your database server is running at `ep-rapid-resonance-ao44cup4-pooler.c-2.ap-southeast-1.aws.neon.tech:5432`.\n    at $n.handleRequestError (D:\\Projects\\ProctorX\\Back-End\\node_modules\\@prisma\\client\\runtime\\library.js:121:7315)\n    at $n.handleAndLogRequestError (D:\\Projects\\ProctorX\\Back-End\\node_modules\\@prisma\\client\\runtime\\library.js:121:6623)\n    at $n.request (D:\\Projects\\ProctorX\\Back-End\\node_modules\\@prisma\\client\\runtime\\library.js:121:6307)\n    at async l (D:\\Projects\\ProctorX\\Back-End\\node_modules\\@prisma\\client\\runtime\\library.js:130:9633)\n    at async Timeout._onTimeout (D:\\Projects\\ProctorX\\Back-End\\src\\config\\scheduler.js:14:30)","timestamp":"2026-07-07 16:20:13"}
{"clientVersion":"5.22.0","code":"P1001","level":"error","message":"Error inside background scheduler tick: \nInvalid `prisma.quiz.findMany()` invocation in\nD:\\Projects\\ProctorX\\Back-End\\src\\config\\scheduler.js:14:48\n\n  11 const now = new Date();\n  12 \n  13 // 1. Auto-start scheduled PENDING quizzes\n→ 14 const pendingQuizzes = await prisma.quiz.findMany(\nCan't reach database server at `ep-rapid-resonance-ao44cup4-pooler.c-2.ap-southeast-1.aws.neon.tech:5432`\n\nPlease make sure your database server is running at `ep-rapid-resonance-ao44cup4-pooler.c-2.ap-southeast-1.aws.neon.tech:5432`.","meta":{"database_host":"ep-rapid-resonance-ao44cup4-pooler.c-2.ap-southeast-1.aws.neon.tech","database_port":5432,"modelName":"Quiz"},"name":"PrismaClientKnownRequestError","service":"proctorx-backend","stack":"PrismaClientKnownRequestError: \nInvalid `prisma.quiz.findMany()` invocation in\nD:\\Projects\\ProctorX\\Back-End\\src\\config\\scheduler.js:14:48\n\n  11 const now = new Date();\n  12 \n  13 // 1. Auto-start scheduled PENDING quizzes\n→ 14 const pendingQuizzes = await prisma.quiz.findMany(\nCan't reach database server at `ep-rapid-resonance-ao44cup4-pooler.c-2.ap-southeast-1.aws.neon.tech:5432`\n\nPlease make sure your database server is running at `ep-rapid-resonance-ao44cup4-pooler.c-2.ap-southeast-1.aws.neon.tech:5432`.\n    at $n.handleRequestError (D:\\Projects\\ProctorX\\Back-End\\node_modules\\@prisma\\client\\runtime\\library.js:121:7315)\n    at $n.handleAndLogRequestError (D:\\Projects\\ProctorX\\Back-End\\node_modules\\@prisma\\client\\runtime\\library.js:121:6623)\n    at $n.request (D:\\Projects\\ProctorX\\Back-End\\node_modules\\@prisma\\client\\runtime\\library.js:121:6307)\n    at async l (D:\\Projects\\ProctorX\\Back-End\\node_modules\\@prisma\\client\\runtime\\library.js:130:9633)\n    at async Timeout._onTimeout (D:\\Projects\\ProctorX\\Back-End\\src\\config\\scheduler.js:14:30)","timestamp":"2026-07-07 16:20:23"}
{"clientVersion":"5.22.0","code":"P1001","level":"error","message":"Error inside background scheduler tick: \nInvalid `prisma.quiz.findMany()` invocation in\nD:\\Projects\\ProctorX\\Back-End\\src\\config\\scheduler.js:14:48\n\n  11 const now = new Date();\n  12 \n  13 // 1. Auto-start scheduled PENDING quizzes\n→ 14 const pendingQuizzes = await prisma.quiz.findMany(\nCan't reach database server at `ep-rapid-resonance-ao44cup4-pooler.c-2.ap-southeast-1.aws.neon.tech:5432`\n\nPlease make sure your database server is running at `ep-rapid-resonance-ao44cup4-pooler.c-2.ap-southeast-1.aws.neon.tech:5432`.","meta":{"database_host":"ep-rapid-resonance-ao44cup4-pooler.c-2.ap-southeast-1.aws.neon.tech","database_port":5432,"modelName":"Quiz"},"name":"PrismaClientKnownRequestError","service":"proctorx-backend","stack":"PrismaClientKnownRequestError: \nInvalid `prisma.quiz.findMany()` invocation in\nD:\\Projects\\ProctorX\\Back-End\\src\\config\\scheduler.js:14:48\n\n  11 const now = new Date();\n  12 \n  13 // 1. Auto-start scheduled PENDING quizzes\n→ 14 const pendingQuizzes = await prisma.quiz.findMany(\nCan't reach database server at `ep-rapid-resonance-ao44cup4-pooler.c-2.ap-southeast-1.aws.neon.tech:5432`\n\nPlease make sure your database server is running at `ep-rapid-resonance-ao44cup4-pooler.c-2.ap-southeast-1.aws.neon.tech:5432`.\n    at $n.handleRequestError (D:\\Projects\\ProctorX\\Back-End\\node_modules\\@prisma\\client\\runtime\\library.js:121:7315)\n    at $n.handleAndLogRequestError (D:\\Projects\\ProctorX\\Back-End\\node_modules\\@prisma\\client\\runtime\\library.js:121:6623)\n    at $n.request (D:\\Projects\\ProctorX\\Back-End\\node_modules\\@prisma\\client\\runtime\\library.js:121:6307)\n    at async l (D:\\Projects\\ProctorX\\Back-End\\node_modules\\@prisma\\client\\runtime\\library.js:130:9633)\n    at async Timeout._onTimeout (D:\\Projects\\ProctorX\\Back-End\\src\\config\\scheduler.js:14:30)","timestamp":"2026-07-07 16:20:33"}
{"clientVersion":"5.22.0","code":"P1001","level":"error","message":"Error inside background scheduler tick: \nInvalid `prisma.quiz.findMany()` invocation in\nD:\\Projects\\ProctorX\\Back-End\\src\\config\\scheduler.js:14:48\n\n  11 const now = new Date();\n  12 \n  13 // 1. Auto-start scheduled PENDING quizzes\n→ 14 const pendingQuizzes = await prisma.quiz.findMany(\nCan't reach database server at `ep-rapid-resonance-ao44cup4-pooler.c-2.ap-southeast-1.aws.neon.tech:5432`\n\nPlease make sure your database server is running at `ep-rapid-resonance-ao44cup4-pooler.c-2.ap-southeast-1.aws.neon.tech:5432`.","meta":{"database_host":"ep-rapid-resonance-ao44cup4-pooler.c-2.ap-southeast-1.aws.neon.tech","database_port":5432,"modelName":"Quiz"},"name":"PrismaClientKnownRequestError","service":"proctorx-backend","stack":"PrismaClientKnownRequestError: \nInvalid `prisma.quiz.findMany()` invocation in\nD:\\Projects\\ProctorX\\Back-End\\src\\config\\scheduler.js:14:48\n\n  11 const now = new Date();\n  12 \n  13 // 1. Auto-start scheduled PENDING quizzes\n→ 14 const pendingQuizzes = await prisma.quiz.findMany(\nCan't reach database server at `ep-rapid-resonance-ao44cup4-pooler.c-2.ap-southeast-1.aws.neon.tech:5432`\n\nPlease make sure your database server is running at `ep-rapid-resonance-ao44cup4-pooler.c-2.ap-southeast-1.aws.neon.tech:5432`.\n    at $n.handleRequestError (D:\\Projects\\ProctorX\\Back-End\\node_modules\\@prisma\\client\\runtime\\library.js:121:7315)\n    at $n.handleAndLogRequestError (D:\\Projects\\ProctorX\\Back-End\\node_modules\\@prisma\\client\\runtime\\library.js:121:6623)\n    at $n.request (D:\\Projects\\ProctorX\\Back-End\\node_modules\\@prisma\\client\\runtime\\library.js:121:6307)\n    at async l (D:\\Projects\\ProctorX\\Back-End\\node_modules\\@prisma\\client\\runtime\\library.js:130:9633)\n    at async Timeout._onTimeout (D:\\Projects\\ProctorX\\Back-End\\src\\config\\scheduler.js:14:30)","timestamp":"2026-07-07 16:20:43"}
{"clientVersion":"5.22.0","code":"P1001","level":"error","message":"Error inside background scheduler tick: \nInvalid `prisma.quiz.findMany()` invocation in\nD:\\Projects\\ProctorX\\Back-End\\src\\config\\scheduler.js:14:48\n\n  11 const now = new Date();\n  12 \n  13 // 1. Auto-start scheduled PENDING quizzes\n→ 14 const pendingQuizzes = await prisma.quiz.findMany(\nCan't reach database server at `ep-rapid-resonance-ao44cup4-pooler.c-2.ap-southeast-1.aws.neon.tech:5432`\n\nPlease make sure your database server is running at `ep-rapid-resonance-ao44cup4-pooler.c-2.ap-southeast-1.aws.neon.tech:5432`.","meta":{"database_host":"ep-rapid-resonance-ao44cup4-pooler.c-2.ap-southeast-1.aws.neon.tech","database_port":5432,"modelName":"Quiz"},"name":"PrismaClientKnownRequestError","service":"proctorx-backend","stack":"PrismaClientKnownRequestError: \nInvalid `prisma.quiz.findMany()` invocation in\nD:\\Projects\\ProctorX\\Back-End\\src\\config\\scheduler.js:14:48\n\n  11 const now = new Date();\n  12 \n  13 // 1. Auto-start scheduled PENDING quizzes\n→ 14 const pendingQuizzes = await prisma.quiz.findMany(\nCan't reach database server at `ep-rapid-resonance-ao44cup4-pooler.c-2.ap-southeast-1.aws.neon.tech:5432`\n\nPlease make sure your database server is running at `ep-rapid-resonance-ao44cup4-pooler.c-2.ap-southeast-1.aws.neon.tech:5432`.\n    at $n.handleRequestError (D:\\Projects\\ProctorX\\Back-End\\node_modules\\@prisma\\client\\runtime\\library.js:121:7315)\n    at $n.handleAndLogRequestError (D:\\Projects\\ProctorX\\Back-End\\node_modules\\@prisma\\client\\runtime\\library.js:121:6623)\n    at $n.request (D:\\Projects\\ProctorX\\Back-End\\node_modules\\@prisma\\client\\runtime\\library.js:121:6307)\n    at async l (D:\\Projects\\ProctorX\\Back-End\\node_modules\\@prisma\\client\\runtime\\library.js:130:9633)\n    at async Timeout._onTimeout (D:\\Projects\\ProctorX\\Back-End\\src\\config\\scheduler.js:14:30)","timestamp":"2026-07-07 16:20:53"}
{"clientVersion":"5.22.0","code":"P1001","level":"error","message":"Error inside background scheduler tick: \nInvalid `prisma.quiz.findMany()` invocation in\nD:\\Projects\\ProctorX\\Back-End\\src\\config\\scheduler.js:14:48\n\n  11 const now = new Date();\n  12 \n  13 // 1. Auto-start scheduled PENDING quizzes\n→ 14 const pendingQuizzes = await prisma.quiz.findMany(\nCan't reach database server at `ep-rapid-resonance-ao44cup4-pooler.c-2.ap-southeast-1.aws.neon.tech:5432`\n\nPlease make sure your database server is running at `ep-rapid-resonance-ao44cup4-pooler.c-2.ap-southeast-1.aws.neon.tech:5432`.","meta":{"database_host":"ep-rapid-resonance-ao44cup4-pooler.c-2.ap-southeast-1.aws.neon.tech","database_port":5432,"modelName":"Quiz"},"name":"PrismaClientKnownRequestError","service":"proctorx-backend","stack":"PrismaClientKnownRequestError: \nInvalid `prisma.quiz.findMany()` invocation in\nD:\\Projects\\ProctorX\\Back-End\\src\\config\\scheduler.js:14:48\n\n  11 const now = new Date();\n  12 \n  13 // 1. Auto-start scheduled PENDING quizzes\n→ 14 const pendingQuizzes = await prisma.quiz.findMany(\nCan't reach database server at `ep-rapid-resonance-ao44cup4-pooler.c-2.ap-southeast-1.aws.neon.tech:5432`\n\nPlease make sure your database server is running at `ep-rapid-resonance-ao44cup4-pooler.c-2.ap-southeast-1.aws.neon.tech:5432`.\n    at $n.handleRequestError (D:\\Projects\\ProctorX\\Back-End\\node_modules\\@prisma\\client\\runtime\\library.js:121:7315)\n    at $n.handleAndLogRequestError (D:\\Projects\\ProctorX\\Back-End\\node_modules\\@prisma\\client\\runtime\\library.js:121:6623)\n    at $n.request (D:\\Projects\\ProctorX\\Back-End\\node_modules\\@prisma\\client\\runtime\\library.js:121:6307)\n    at async l (D:\\Projects\\ProctorX\\Back-End\\node_modules\\@prisma\\client\\runtime\\library.js:130:9633)\n    at async Timeout._onTimeout (D:\\Projects\\ProctorX\\Back-End\\src\\config\\scheduler.js:14:30)","timestamp":"2026-07-07 16:21:03"}
{"clientVersion":"5.22.0","code":"P1001","level":"error","message":"Error inside background scheduler tick: \nInvalid `prisma.quiz.findMany()` invocation in\nD:\\Projects\\ProctorX\\Back-End\\src\\config\\scheduler.js:14:48\n\n  11 const now = new Date();\n  12 \n  13 // 1. Auto-start scheduled PENDING quizzes\n→ 14 const pendingQuizzes = await prisma.quiz.findMany(\nCan't reach database server at `ep-rapid-resonance-ao44cup4-pooler.c-2.ap-southeast-1.aws.neon.tech:5432`\n\nPlease make sure your database server is running at `ep-rapid-resonance-ao44cup4-pooler.c-2.ap-southeast-1.aws.neon.tech:5432`.","meta":{"database_host":"ep-rapid-resonance-ao44cup4-pooler.c-2.ap-southeast-1.aws.neon.tech","database_port":5432,"modelName":"Quiz"},"name":"PrismaClientKnownRequestError","service":"proctorx-backend","stack":"PrismaClientKnownRequestError: \nInvalid `prisma.quiz.findMany()` invocation in\nD:\\Projects\\ProctorX\\Back-End\\src\\config\\scheduler.js:14:48\n\n  11 const now = new Date();\n  12 \n  13 // 1. Auto-start scheduled PENDING quizzes\n→ 14 const pendingQuizzes = await prisma.quiz.findMany(\nCan't reach database server at `ep-rapid-resonance-ao44cup4-pooler.c-2.ap-southeast-1.aws.neon.tech:5432`\n\nPlease make sure your database server is running at `ep-rapid-resonance-ao44cup4-pooler.c-2.ap-southeast-1.aws.neon.tech:5432`.\n    at $n.handleRequestError (D:\\Projects\\ProctorX\\Back-End\\node_modules\\@prisma\\client\\runtime\\library.js:121:7315)\n    at $n.handleAndLogRequestError (D:\\Projects\\ProctorX\\Back-End\\node_modules\\@prisma\\client\\runtime\\library.js:121:6623)\n    at $n.request (D:\\Projects\\ProctorX\\Back-End\\node_modules\\@prisma\\client\\runtime\\library.js:121:6307)\n    at async l (D:\\Projects\\ProctorX\\Back-End\\node_modules\\@prisma\\client\\runtime\\library.js:130:9633)\n    at async Timeout._onTimeout (D:\\Projects\\ProctorX\\Back-End\\src\\config\\scheduler.js:14:30)","timestamp":"2026-07-07 16:21:13"}
{"clientVersion":"5.22.0","code":"P1001","level":"error","message":"Error inside background scheduler tick: \nInvalid `prisma.quiz.findMany()` invocation in\nD:\\Projects\\ProctorX\\Back-End\\src\\config\\scheduler.js:14:48\n\n  11 const now = new Date();\n  12 \n  13 // 1. Auto-start scheduled PENDING quizzes\n→ 14 const pendingQuizzes = await prisma.quiz.findMany(\nCan't reach database server at `ep-rapid-resonance-ao44cup4-pooler.c-2.ap-southeast-1.aws.neon.tech:5432`\n\nPlease make sure your database server is running at `ep-rapid-resonance-ao44cup4-pooler.c-2.ap-southeast-1.aws.neon.tech:5432`.","meta":{"database_host":"ep-rapid-resonance-ao44cup4-pooler.c-2.ap-southeast-1.aws.neon.tech","database_port":5432,"modelName":"Quiz"},"name":"PrismaClientKnownRequestError","service":"proctorx-backend","stack":"PrismaClientKnownRequestError: \nInvalid `prisma.quiz.findMany()` invocation in\nD:\\Projects\\ProctorX\\Back-End\\src\\config\\scheduler.js:14:48\n\n  11 const now = new Date();\n  12 \n  13 // 1. Auto-start scheduled PENDING quizzes\n→ 14 const pendingQuizzes = await prisma.quiz.findMany(\nCan't reach database server at `ep-rapid-resonance-ao44cup4-pooler.c-2.ap-southeast-1.aws.neon.tech:5432`\n\nPlease make sure your database server is running at `ep-rapid-resonance-ao44cup4-pooler.c-2.ap-southeast-1.aws.neon.tech:5432`.\n    at $n.handleRequestError (D:\\Projects\\ProctorX\\Back-End\\node_modules\\@prisma\\client\\runtime\\library.js:121:7315)\n    at $n.handleAndLogRequestError (D:\\Projects\\ProctorX\\Back-End\\node_modules\\@prisma\\client\\runtime\\library.js:121:6623)\n    at $n.request (D:\\Projects\\ProctorX\\Back-End\\node_modules\\@prisma\\client\\runtime\\library.js:121:6307)\n    at async l (D:\\Projects\\ProctorX\\Back-End\\node_modules\\@prisma\\client\\runtime\\library.js:130:9633)\n    at async Timeout._onTimeout (D:\\Projects\\ProctorX\\Back-End\\src\\config\\scheduler.js:14:30)","timestamp":"2026-07-07 16:21:23"}
{"clientVersion":"5.22.0","code":"P1001","level":"error","message":"Error inside background scheduler tick: \nInvalid `prisma.quiz.findMany()` invocation in\nD:\\Projects\\ProctorX\\Back-End\\src\\config\\scheduler.js:14:48\n\n  11 const now = new Date();\n  12 \n  13 // 1. Auto-start scheduled PENDING quizzes\n→ 14 const pendingQuizzes = await prisma.quiz.findMany(\nCan't reach database server at `ep-rapid-resonance-ao44cup4-pooler.c-2.ap-southeast-1.aws.neon.tech:5432`\n\nPlease make sure your database server is running at `ep-rapid-resonance-ao44cup4-pooler.c-2.ap-southeast-1.aws.neon.tech:5432`.","meta":{"database_host":"ep-rapid-resonance-ao44cup4-pooler.c-2.ap-southeast-1.aws.neon.tech","database_port":5432,"modelName":"Quiz"},"name":"PrismaClientKnownRequestError","service":"proctorx-backend","stack":"PrismaClientKnownRequestError: \nInvalid `prisma.quiz.findMany()` invocation in\nD:\\Projects\\ProctorX\\Back-End\\src\\config\\scheduler.js:14:48\n\n  11 const now = new Date();\n  12 \n  13 // 1. Auto-start scheduled PENDING quizzes\n→ 14 const pendingQuizzes = await prisma.quiz.findMany(\nCan't reach database server at `ep-rapid-resonance-ao44cup4-pooler.c-2.ap-southeast-1.aws.neon.tech:5432`\n\nPlease make sure your database server is running at `ep-rapid-resonance-ao44cup4-pooler.c-2.ap-southeast-1.aws.neon.tech:5432`.\n    at $n.handleRequestError (D:\\Projects\\ProctorX\\Back-End\\node_modules\\@prisma\\client\\runtime\\library.js:121:7315)\n    at $n.handleAndLogRequestError (D:\\Projects\\ProctorX\\Back-End\\node_modules\\@prisma\\client\\runtime\\library.js:121:6623)\n    at $n.request (D:\\Projects\\ProctorX\\Back-End\\node_modules\\@prisma\\client\\runtime\\library.js:121:6307)\n    at async l (D:\\Projects\\ProctorX\\Back-End\\node_modules\\@prisma\\client\\runtime\\library.js:130:9633)\n    at async Timeout._onTimeout (D:\\Projects\\ProctorX\\Back-End\\src\\config\\scheduler.js:14:30)","timestamp":"2026-07-07 16:21:33"}
{"clientVersion":"5.22.0","code":"P1001","level":"error","message":"Error inside background scheduler tick: \nInvalid `prisma.quiz.findMany()` invocation in\nD:\\Projects\\ProctorX\\Back-End\\src\\config\\scheduler.js:14:48\n\n  11 const now = new Date();\n  12 \n  13 // 1. Auto-start scheduled PENDING quizzes\n→ 14 const pendingQuizzes = await prisma.quiz.findMany(\nCan't reach database server at `ep-rapid-resonance-ao44cup4-pooler.c-2.ap-southeast-1.aws.neon.tech:5432`\n\nPlease make sure your database server is running at `ep-rapid-resonance-ao44cup4-pooler.c-2.ap-southeast-1.aws.neon.tech:5432`.","meta":{"database_host":"ep-rapid-resonance-ao44cup4-pooler.c-2.ap-southeast-1.aws.neon.tech","database_port":5432,"modelName":"Quiz"},"name":"PrismaClientKnownRequestError","service":"proctorx-backend","stack":"PrismaClientKnownRequestError: \nInvalid `prisma.quiz.findMany()` invocation in\nD:\\Projects\\ProctorX\\Back-End\\src\\config\\scheduler.js:14:48\n\n  11 const now = new Date();\n  12 \n  13 // 1. Auto-start scheduled PENDING quizzes\n→ 14 const pendingQuizzes = await prisma.quiz.findMany(\nCan't reach database server at `ep-rapid-resonance-ao44cup4-pooler.c-2.ap-southeast-1.aws.neon.tech:5432`\n\nPlease make sure your database server is running at `ep-rapid-resonance-ao44cup4-pooler.c-2.ap-southeast-1.aws.neon.tech:5432`.\n    at $n.handleRequestError (D:\\Projects\\ProctorX\\Back-End\\node_modules\\@prisma\\client\\runtime\\library.js:121:7315)\n    at $n.handleAndLogRequestError (D:\\Projects\\ProctorX\\Back-End\\node_modules\\@prisma\\client\\runtime\\library.js:121:6623)\n    at $n.request (D:\\Projects\\ProctorX\\Back-End\\node_modules\\@prisma\\client\\runtime\\library.js:121:6307)\n    at async l (D:\\Projects\\ProctorX\\Back-End\\node_modules\\@prisma\\client\\runtime\\library.js:130:9633)\n    at async Timeout._onTimeout (D:\\Projects\\ProctorX\\Back-End\\src\\config\\scheduler.js:14:30)","timestamp":"2026-07-07 16:21:43"}
{"clientVersion":"5.22.0","code":"P1001","level":"error","message":"Error inside background scheduler tick: \nInvalid `prisma.quiz.findMany()` invocation in\nD:\\Projects\\ProctorX\\Back-End\\src\\config\\scheduler.js:14:48\n\n  11 const now = new Date();\n  12 \n  13 // 1. Auto-start scheduled PENDING quizzes\n→ 14 const pendingQuizzes = await prisma.quiz.findMany(\nCan't reach database server at `ep-rapid-resonance-ao44cup4-pooler.c-2.ap-southeast-1.aws.neon.tech:5432`\n\nPlease make sure your database server is running at `ep-rapid-resonance-ao44cup4-pooler.c-2.ap-southeast-1.aws.neon.tech:5432`.","meta":{"database_host":"ep-rapid-resonance-ao44cup4-pooler.c-2.ap-southeast-1.aws.neon.tech","database_port":5432,"modelName":"Quiz"},"name":"PrismaClientKnownRequestError","service":"proctorx-backend","stack":"PrismaClientKnownRequestError: \nInvalid `prisma.quiz.findMany()` invocation in\nD:\\Projects\\ProctorX\\Back-End\\src\\config\\scheduler.js:14:48\n\n  11 const now = new Date();\n  12 \n  13 // 1. Auto-start scheduled PENDING quizzes\n→ 14 const pendingQuizzes = await prisma.quiz.findMany(\nCan't reach database server at `ep-rapid-resonance-ao44cup4-pooler.c-2.ap-southeast-1.aws.neon.tech:5432`\n\nPlease make sure your database server is running at `ep-rapid-resonance-ao44cup4-pooler.c-2.ap-southeast-1.aws.neon.tech:5432`.\n    at $n.handleRequestError (D:\\Projects\\ProctorX\\Back-End\\node_modules\\@prisma\\client\\runtime\\library.js:121:7315)\n    at $n.handleAndLogRequestError (D:\\Projects\\ProctorX\\Back-End\\node_modules\\@prisma\\client\\runtime\\library.js:121:6623)\n    at $n.request (D:\\Projects\\ProctorX\\Back-End\\node_modules\\@prisma\\client\\runtime\\library.js:121:6307)\n    at async l (D:\\Projects\\ProctorX\\Back-End\\node_modules\\@prisma\\client\\runtime\\library.js:130:9633)\n    at async Timeout._onTimeout (D:\\Projects\\ProctorX\\Back-End\\src\\config\\scheduler.js:14:30)","timestamp":"2026-07-07 16:21:53"}
{"clientVersion":"5.22.0","code":"P1001","level":"error","message":"Error inside background scheduler tick: \nInvalid `prisma.quiz.findMany()` invocation in\nD:\\Projects\\ProctorX\\Back-End\\src\\config\\scheduler.js:14:48\n\n  11 const now = new Date();\n  12 \n  13 // 1. Auto-start scheduled PENDING quizzes\n→ 14 const pendingQuizzes = await prisma.quiz.findMany(\nCan't reach database server at `ep-rapid-resonance-ao44cup4-pooler.c-2.ap-southeast-1.aws.neon.tech:5432`\n\nPlease make sure your database server is running at `ep-rapid-resonance-ao44cup4-pooler.c-2.ap-southeast-1.aws.neon.tech:5432`.","meta":{"database_host":"ep-rapid-resonance-ao44cup4-pooler.c-2.ap-southeast-1.aws.neon.tech","database_port":5432,"modelName":"Quiz"},"name":"PrismaClientKnownRequestError","service":"proctorx-backend","stack":"PrismaClientKnownRequestError: \nInvalid `prisma.quiz.findMany()` invocation in\nD:\\Projects\\ProctorX\\Back-End\\src\\config\\scheduler.js:14:48\n\n  11 const now = new Date();\n  12 \n  13 // 1. Auto-start scheduled PENDING quizzes\n→ 14 const pendingQuizzes = await prisma.quiz.findMany(\nCan't reach database server at `ep-rapid-resonance-ao44cup4-pooler.c-2.ap-southeast-1.aws.neon.tech:5432`\n\nPlease make sure your database server is running at `ep-rapid-resonance-ao44cup4-pooler.c-2.ap-southeast-1.aws.neon.tech:5432`.\n    at $n.handleRequestError (D:\\Projects\\ProctorX\\Back-End\\node_modules\\@prisma\\client\\runtime\\library.js:121:7315)\n    at $n.handleAndLogRequestError (D:\\Projects\\ProctorX\\Back-End\\node_modules\\@prisma\\client\\runtime\\library.js:121:6623)\n    at $n.request (D:\\Projects\\ProctorX\\Back-End\\node_modules\\@prisma\\client\\runtime\\library.js:121:6307)\n    at async l (D:\\Projects\\ProctorX\\Back-End\\node_modules\\@prisma\\client\\runtime\\library.js:130:9633)\n    at async Timeout._onTimeout (D:\\Projects\\ProctorX\\Back-End\\src\\config\\scheduler.js:14:30)","timestamp":"2026-07-07 16:22:03"}
{"clientVersion":"5.22.0","code":"P1001","level":"error","message":"Error inside background scheduler tick: \nInvalid `prisma.quiz.findMany()` invocation in\nD:\\Projects\\ProctorX\\Back-End\\src\\config\\scheduler.js:14:48\n\n  11 const now = new Date();\n  12 \n  13 // 1. Auto-start scheduled PENDING quizzes\n→ 14 const pendingQuizzes = await prisma.quiz.findMany(\nCan't reach database server at `ep-rapid-resonance-ao44cup4-pooler.c-2.ap-southeast-1.aws.neon.tech:5432`\n\nPlease make sure your database server is running at `ep-rapid-resonance-ao44cup4-pooler.c-2.ap-southeast-1.aws.neon.tech:5432`.","meta":{"database_host":"ep-rapid-resonance-ao44cup4-pooler.c-2.ap-southeast-1.aws.neon.tech","database_port":5432,"modelName":"Quiz"},"name":"PrismaClientKnownRequestError","service":"proctorx-backend","stack":"PrismaClientKnownRequestError: \nInvalid `prisma.quiz.findMany()` invocation in\nD:\\Projects\\ProctorX\\Back-End\\src\\config\\scheduler.js:14:48\n\n  11 const now = new Date();\n  12 \n  13 // 1. Auto-start scheduled PENDING quizzes\n→ 14 const pendingQuizzes = await prisma.quiz.findMany(\nCan't reach database server at `ep-rapid-resonance-ao44cup4-pooler.c-2.ap-southeast-1.aws.neon.tech:5432`\n\nPlease make sure your database server is running at `ep-rapid-resonance-ao44cup4-pooler.c-2.ap-southeast-1.aws.neon.tech:5432`.\n    at $n.handleRequestError (D:\\Projects\\ProctorX\\Back-End\\node_modules\\@prisma\\client\\runtime\\library.js:121:7315)\n    at $n.handleAndLogRequestError (D:\\Projects\\ProctorX\\Back-End\\node_modules\\@prisma\\client\\runtime\\library.js:121:6623)\n    at $n.request (D:\\Projects\\ProctorX\\Back-End\\node_modules\\@prisma\\client\\runtime\\library.js:121:6307)\n    at async l (D:\\Projects\\ProctorX\\Back-End\\node_modules\\@prisma\\client\\runtime\\library.js:130:9633)\n    at async Timeout._onTimeout (D:\\Projects\\ProctorX\\Back-End\\src\\config\\scheduler.js:14:30)","timestamp":"2026-07-07 16:22:13"}
{"clientVersion":"5.22.0","code":"P1001","level":"error","message":"Error inside background scheduler tick: \nInvalid `prisma.quiz.findMany()` invocation in\nD:\\Projects\\ProctorX\\Back-End\\src\\config\\scheduler.js:14:48\n\n  11 const now = new Date();\n  12 \n  13 // 1. Auto-start scheduled PENDING quizzes\n→ 14 const pendingQuizzes = await prisma.quiz.findMany(\nCan't reach database server at `ep-rapid-resonance-ao44cup4-pooler.c-2.ap-southeast-1.aws.neon.tech:5432`\n\nPlease make sure your database server is running at `ep-rapid-resonance-ao44cup4-pooler.c-2.ap-southeast-1.aws.neon.tech:5432`.","meta":{"database_host":"ep-rapid-resonance-ao44cup4-pooler.c-2.ap-southeast-1.aws.neon.tech","database_port":5432,"modelName":"Quiz"},"name":"PrismaClientKnownRequestError","service":"proctorx-backend","stack":"PrismaClientKnownRequestError: \nInvalid `prisma.quiz.findMany()` invocation in\nD:\\Projects\\ProctorX\\Back-End\\src\\config\\scheduler.js:14:48\n\n  11 const now = new Date();\n  12 \n  13 // 1. Auto-start scheduled PENDING quizzes\n→ 14 const pendingQuizzes = await prisma.quiz.findMany(\nCan't reach database server at `ep-rapid-resonance-ao44cup4-pooler.c-2.ap-southeast-1.aws.neon.tech:5432`\n\nPlease make sure your database server is running at `ep-rapid-resonance-ao44cup4-pooler.c-2.ap-southeast-1.aws.neon.tech:5432`.\n    at $n.handleRequestError (D:\\Projects\\ProctorX\\Back-End\\node_modules\\@prisma\\client\\runtime\\library.js:121:7315)\n    at $n.handleAndLogRequestError (D:\\Projects\\ProctorX\\Back-End\\node_modules\\@prisma\\client\\runtime\\library.js:121:6623)\n    at $n.request (D:\\Projects\\ProctorX\\Back-End\\node_modules\\@prisma\\client\\runtime\\library.js:121:6307)\n    at async l (D:\\Projects\\ProctorX\\Back-End\\node_modules\\@prisma\\client\\runtime\\library.js:130:9633)\n    at async Timeout._onTimeout (D:\\Projects\\ProctorX\\Back-End\\src\\config\\scheduler.js:14:30)","timestamp":"2026-07-07 16:22:23"}
{"clientVersion":"5.22.0","code":"P1001","level":"error","message":"Error inside background scheduler tick: \nInvalid `prisma.quiz.findMany()` invocation in\nD:\\Projects\\ProctorX\\Back-End\\src\\config\\scheduler.js:14:48\n\n  11 const now = new Date();\n  12 \n  13 // 1. Auto-start scheduled PENDING quizzes\n→ 14 const pendingQuizzes = await prisma.quiz.findMany(\nCan't reach database server at `ep-rapid-resonance-ao44cup4-pooler.c-2.ap-southeast-1.aws.neon.tech:5432`\n\nPlease make sure your database server is running at `ep-rapid-resonance-ao44cup4-pooler.c-2.ap-southeast-1.aws.neon.tech:5432`.","meta":{"database_host":"ep-rapid-resonance-ao44cup4-pooler.c-2.ap-southeast-1.aws.neon.tech","database_port":5432,"modelName":"Quiz"},"name":"PrismaClientKnownRequestError","service":"proctorx-backend","stack":"PrismaClientKnownRequestError: \nInvalid `prisma.quiz.findMany()` invocation in\nD:\\Projects\\ProctorX\\Back-End\\src\\config\\scheduler.js:14:48\n\n  11 const now = new Date();\n  12 \n  13 // 1. Auto-start scheduled PENDING quizzes\n→ 14 const pendingQuizzes = await prisma.quiz.findMany(\nCan't reach database server at `ep-rapid-resonance-ao44cup4-pooler.c-2.ap-southeast-1.aws.neon.tech:5432`\n\nPlease make sure your database server is running at `ep-rapid-resonance-ao44cup4-pooler.c-2.ap-southeast-1.aws.neon.tech:5432`.\n    at $n.handleRequestError (D:\\Projects\\ProctorX\\Back-End\\node_modules\\@prisma\\client\\runtime\\library.js:121:7315)\n    at $n.handleAndLogRequestError (D:\\Projects\\ProctorX\\Back-End\\node_modules\\@prisma\\client\\runtime\\library.js:121:6623)\n    at $n.request (D:\\Projects\\ProctorX\\Back-End\\node_modules\\@prisma\\client\\runtime\\library.js:121:6307)\n    at async l (D:\\Projects\\ProctorX\\Back-End\\node_modules\\@prisma\\client\\runtime\\library.js:130:9633)\n    at async Timeout._onTimeout (D:\\Projects\\ProctorX\\Back-End\\src\\config\\scheduler.js:14:30)","timestamp":"2026-07-07 16:22:33"}
{"clientVersion":"5.22.0","code":"P1001","level":"error","message":"Error inside background scheduler tick: \nInvalid `prisma.quiz.findMany()` invocation in\nD:\\Projects\\ProctorX\\Back-End\\src\\config\\scheduler.js:14:48\n\n  11 const now = new Date();\n  12 \n  13 // 1. Auto-start scheduled PENDING quizzes\n→ 14 const pendingQuizzes = await prisma.quiz.findMany(\nCan't reach database server at `ep-rapid-resonance-ao44cup4-pooler.c-2.ap-southeast-1.aws.neon.tech:5432`\n\nPlease make sure your database server is running at `ep-rapid-resonance-ao44cup4-pooler.c-2.ap-southeast-1.aws.neon.tech:5432`.","meta":{"database_host":"ep-rapid-resonance-ao44cup4-pooler.c-2.ap-southeast-1.aws.neon.tech","database_port":5432,"modelName":"Quiz"},"name":"PrismaClientKnownRequestError","service":"proctorx-backend","stack":"PrismaClientKnownRequestError: \nInvalid `prisma.quiz.findMany()` invocation in\nD:\\Projects\\ProctorX\\Back-End\\src\\config\\scheduler.js:14:48\n\n  11 const now = new Date();\n  12 \n  13 // 1. Auto-start scheduled PENDING quizzes\n→ 14 const pendingQuizzes = await prisma.quiz.findMany(\nCan't reach database server at `ep-rapid-resonance-ao44cup4-pooler.c-2.ap-southeast-1.aws.neon.tech:5432`\n\nPlease make sure your database server is running at `ep-rapid-resonance-ao44cup4-pooler.c-2.ap-southeast-1.aws.neon.tech:5432`.\n    at $n.handleRequestError (D:\\Projects\\ProctorX\\Back-End\\node_modules\\@prisma\\client\\runtime\\library.js:121:7315)\n    at $n.handleAndLogRequestError (D:\\Projects\\ProctorX\\Back-End\\node_modules\\@prisma\\client\\runtime\\library.js:121:6623)\n    at $n.request (D:\\Projects\\ProctorX\\Back-End\\node_modules\\@prisma\\client\\runtime\\library.js:121:6307)\n    at async l (D:\\Projects\\ProctorX\\Back-End\\node_modules\\@prisma\\client\\runtime\\library.js:130:9633)\n    at async Timeout._onTimeout (D:\\Projects\\ProctorX\\Back-End\\src\\config\\scheduler.js:14:30)","timestamp":"2026-07-07 16:22:43"}
{"clientVersion":"5.22.0","code":"P1001","level":"error","message":"Error inside background scheduler tick: \nInvalid `prisma.quiz.findMany()` invocation in\nD:\\Projects\\ProctorX\\Back-End\\src\\config\\scheduler.js:14:48\n\n  11 const now = new Date();\n  12 \n  13 // 1. Auto-start scheduled PENDING quizzes\n→ 14 const pendingQuizzes = await prisma.quiz.findMany(\nCan't reach database server at `ep-rapid-resonance-ao44cup4-pooler.c-2.ap-southeast-1.aws.neon.tech:5432`\n\nPlease make sure your database server is running at `ep-rapid-resonance-ao44cup4-pooler.c-2.ap-southeast-1.aws.neon.tech:5432`.","meta":{"database_host":"ep-rapid-resonance-ao44cup4-pooler.c-2.ap-southeast-1.aws.neon.tech","database_port":5432,"modelName":"Quiz"},"name":"PrismaClientKnownRequestError","service":"proctorx-backend","stack":"PrismaClientKnownRequestError: \nInvalid `prisma.quiz.findMany()` invocation in\nD:\\Projects\\ProctorX\\Back-End\\src\\config\\scheduler.js:14:48\n\n  11 const now = new Date();\n  12 \n  13 // 1. Auto-start scheduled PENDING quizzes\n→ 14 const pendingQuizzes = await prisma.quiz.findMany(\nCan't reach database server at `ep-rapid-resonance-ao44cup4-pooler.c-2.ap-southeast-1.aws.neon.tech:5432`\n\nPlease make sure your database server is running at `ep-rapid-resonance-ao44cup4-pooler.c-2.ap-southeast-1.aws.neon.tech:5432`.\n    at $n.handleRequestError (D:\\Projects\\ProctorX\\Back-End\\node_modules\\@prisma\\client\\runtime\\library.js:121:7315)\n    at $n.handleAndLogRequestError (D:\\Projects\\ProctorX\\Back-End\\node_modules\\@prisma\\client\\runtime\\library.js:121:6623)\n    at $n.request (D:\\Projects\\ProctorX\\Back-End\\node_modules\\@prisma\\client\\runtime\\library.js:121:6307)\n    at async l (D:\\Projects\\ProctorX\\Back-End\\node_modules\\@prisma\\client\\runtime\\library.js:130:9633)\n    at async Timeout._onTimeout (D:\\Projects\\ProctorX\\Back-End\\src\\config\\scheduler.js:14:30)","timestamp":"2026-07-07 16:22:53"}
{"clientVersion":"5.22.0","code":"P1001","level":"error","message":"Error inside background scheduler tick: \nInvalid `prisma.quiz.findMany()` invocation in\nD:\\Projects\\ProctorX\\Back-End\\src\\config\\scheduler.js:14:48\n\n  11 const now = new Date();\n  12 \n  13 // 1. Auto-start scheduled PENDING quizzes\n→ 14 const pendingQuizzes = await prisma.quiz.findMany(\nCan't reach database server at `ep-rapid-resonance-ao44cup4-pooler.c-2.ap-southeast-1.aws.neon.tech:5432`\n\nPlease make sure your database server is running at `ep-rapid-resonance-ao44cup4-pooler.c-2.ap-southeast-1.aws.neon.tech:5432`.","meta":{"database_host":"ep-rapid-resonance-ao44cup4-pooler.c-2.ap-southeast-1.aws.neon.tech","database_port":5432,"modelName":"Quiz"},"name":"PrismaClientKnownRequestError","service":"proctorx-backend","stack":"PrismaClientKnownRequestError: \nInvalid `prisma.quiz.findMany()` invocation in\nD:\\Projects\\ProctorX\\Back-End\\src\\config\\scheduler.js:14:48\n\n  11 const now = new Date();\n  12 \n  13 // 1. Auto-start scheduled PENDING quizzes\n→ 14 const pendingQuizzes = await prisma.quiz.findMany(\nCan't reach database server at `ep-rapid-resonance-ao44cup4-pooler.c-2.ap-southeast-1.aws.neon.tech:5432`\n\nPlease make sure your database server is running at `ep-rapid-resonance-ao44cup4-pooler.c-2.ap-southeast-1.aws.neon.tech:5432`.\n    at $n.handleRequestError (D:\\Projects\\ProctorX\\Back-End\\node_modules\\@prisma\\client\\runtime\\library.js:121:7315)\n    at $n.handleAndLogRequestError (D:\\Projects\\ProctorX\\Back-End\\node_modules\\@prisma\\client\\runtime\\library.js:121:6623)\n    at $n.request (D:\\Projects\\ProctorX\\Back-End\\node_modules\\@prisma\\client\\runtime\\library.js:121:6307)\n    at async l (D:\\Projects\\ProctorX\\Back-End\\node_modules\\@prisma\\client\\runtime\\library.js:130:9633)\n    at async Timeout._onTimeout (D:\\Projects\\ProctorX\\Back-End\\src\\config\\scheduler.js:14:30)","timestamp":"2026-07-07 16:23:03"}
{"clientVersion":"5.22.0","code":"P1001","level":"error","message":"Error inside background scheduler tick: \nInvalid `prisma.quiz.findMany()` invocation in\nD:\\Projects\\ProctorX\\Back-End\\src\\config\\scheduler.js:14:48\n\n  11 const now = new Date();\n  12 \n  13 // 1. Auto-start scheduled PENDING quizzes\n→ 14 const pendingQuizzes = await prisma.quiz.findMany(\nCan't reach database server at `ep-rapid-resonance-ao44cup4-pooler.c-2.ap-southeast-1.aws.neon.tech:5432`\n\nPlease make sure your database server is running at `ep-rapid-resonance-ao44cup4-pooler.c-2.ap-southeast-1.aws.neon.tech:5432`.","meta":{"database_host":"ep-rapid-resonance-ao44cup4-pooler.c-2.ap-southeast-1.aws.neon.tech","database_port":5432,"modelName":"Quiz"},"name":"PrismaClientKnownRequestError","service":"proctorx-backend","stack":"PrismaClientKnownRequestError: \nInvalid `prisma.quiz.findMany()` invocation in\nD:\\Projects\\ProctorX\\Back-End\\src\\config\\scheduler.js:14:48\n\n  11 const now = new Date();\n  12 \n  13 // 1. Auto-start scheduled PENDING quizzes\n→ 14 const pendingQuizzes = await prisma.quiz.findMany(\nCan't reach database server at `ep-rapid-resonance-ao44cup4-pooler.c-2.ap-southeast-1.aws.neon.tech:5432`\n\nPlease make sure your database server is running at `ep-rapid-resonance-ao44cup4-pooler.c-2.ap-southeast-1.aws.neon.tech:5432`.\n    at $n.handleRequestError (D:\\Projects\\ProctorX\\Back-End\\node_modules\\@prisma\\client\\runtime\\library.js:121:7315)\n    at $n.handleAndLogRequestError (D:\\Projects\\ProctorX\\Back-End\\node_modules\\@prisma\\client\\runtime\\library.js:121:6623)\n    at $n.request (D:\\Projects\\ProctorX\\Back-End\\node_modules\\@prisma\\client\\runtime\\library.js:121:6307)\n    at async l (D:\\Projects\\ProctorX\\Back-End\\node_modules\\@prisma\\client\\runtime\\library.js:130:9633)\n    at async Timeout._onTimeout (D:\\Projects\\ProctorX\\Back-End\\src\\config\\scheduler.js:14:30)","timestamp":"2026-07-07 16:23:13"}
{"clientVersion":"5.22.0","code":"P1001","level":"error","message":"Error inside background scheduler tick: \nInvalid `prisma.quiz.findMany()` invocation in\nD:\\Projects\\ProctorX\\Back-End\\src\\config\\scheduler.js:14:48\n\n  11 const now = new Date();\n  12 \n  13 // 1. Auto-start scheduled PENDING quizzes\n→ 14 const pendingQuizzes = await prisma.quiz.findMany(\nCan't reach database server at `ep-rapid-resonance-ao44cup4-pooler.c-2.ap-southeast-1.aws.neon.tech:5432`\n\nPlease make sure your database server is running at `ep-rapid-resonance-ao44cup4-pooler.c-2.ap-southeast-1.aws.neon.tech:5432`.","meta":{"database_host":"ep-rapid-resonance-ao44cup4-pooler.c-2.ap-southeast-1.aws.neon.tech","database_port":5432,"modelName":"Quiz"},"name":"PrismaClientKnownRequestError","service":"proctorx-backend","stack":"PrismaClientKnownRequestError: \nInvalid `prisma.quiz.findMany()` invocation in\nD:\\Projects\\ProctorX\\Back-End\\src\\config\\scheduler.js:14:48\n\n  11 const now = new Date();\n  12 \n  13 // 1. Auto-start scheduled PENDING quizzes\n→ 14 const pendingQuizzes = await prisma.quiz.findMany(\nCan't reach database server at `ep-rapid-resonance-ao44cup4-pooler.c-2.ap-southeast-1.aws.neon.tech:5432`\n\nPlease make sure your database server is running at `ep-rapid-resonance-ao44cup4-pooler.c-2.ap-southeast-1.aws.neon.tech:5432`.\n    at $n.handleRequestError (D:\\Projects\\ProctorX\\Back-End\\node_modules\\@prisma\\client\\runtime\\library.js:121:7315)\n    at $n.handleAndLogRequestError (D:\\Projects\\ProctorX\\Back-End\\node_modules\\@prisma\\client\\runtime\\library.js:121:6623)\n    at $n.request (D:\\Projects\\ProctorX\\Back-End\\node_modules\\@prisma\\client\\runtime\\library.js:121:6307)\n    at async l (D:\\Projects\\ProctorX\\Back-End\\node_modules\\@prisma\\client\\runtime\\library.js:130:9633)\n    at async Timeout._onTimeout (D:\\Projects\\ProctorX\\Back-End\\src\\config\\scheduler.js:14:30)","timestamp":"2026-07-07 16:23:23"}
{"clientVersion":"5.22.0","code":"P1001","level":"error","message":"Error inside background scheduler tick: \nInvalid `prisma.quiz.findMany()` invocation in\nD:\\Projects\\ProctorX\\Back-End\\src\\config\\scheduler.js:14:48\n\n  11 const now = new Date();\n  12 \n  13 // 1. Auto-start scheduled PENDING quizzes\n→ 14 const pendingQuizzes = await prisma.quiz.findMany(\nCan't reach database server at `ep-rapid-resonance-ao44cup4-pooler.c-2.ap-southeast-1.aws.neon.tech:5432`\n\nPlease make sure your database server is running at `ep-rapid-resonance-ao44cup4-pooler.c-2.ap-southeast-1.aws.neon.tech:5432`.","meta":{"database_host":"ep-rapid-resonance-ao44cup4-pooler.c-2.ap-southeast-1.aws.neon.tech","database_port":5432,"modelName":"Quiz"},"name":"PrismaClientKnownRequestError","service":"proctorx-backend","stack":"PrismaClientKnownRequestError: \nInvalid `prisma.quiz.findMany()` invocation in\nD:\\Projects\\ProctorX\\Back-End\\src\\config\\scheduler.js:14:48\n\n  11 const now = new Date();\n  12 \n  13 // 1. Auto-start scheduled PENDING quizzes\n→ 14 const pendingQuizzes = await prisma.quiz.findMany(\nCan't reach database server at `ep-rapid-resonance-ao44cup4-pooler.c-2.ap-southeast-1.aws.neon.tech:5432`\n\nPlease make sure your database server is running at `ep-rapid-resonance-ao44cup4-pooler.c-2.ap-southeast-1.aws.neon.tech:5432`.\n    at $n.handleRequestError (D:\\Projects\\ProctorX\\Back-End\\node_modules\\@prisma\\client\\runtime\\library.js:121:7315)\n    at $n.handleAndLogRequestError (D:\\Projects\\ProctorX\\Back-End\\node_modules\\@prisma\\client\\runtime\\library.js:121:6623)\n    at $n.request (D:\\Projects\\ProctorX\\Back-End\\node_modules\\@prisma\\client\\runtime\\library.js:121:6307)\n    at async l (D:\\Projects\\ProctorX\\Back-End\\node_modules\\@prisma\\client\\runtime\\library.js:130:9633)\n    at async Timeout._onTimeout (D:\\Projects\\ProctorX\\Back-End\\src\\config\\scheduler.js:14:30)","timestamp":"2026-07-07 16:23:33"}
{"clientVersion":"5.22.0","code":"P1001","level":"error","message":"Error inside background scheduler tick: \nInvalid `prisma.quiz.findMany()` invocation in\nD:\\Projects\\ProctorX\\Back-End\\src\\config\\scheduler.js:14:48\n\n  11 const now = new Date();\n  12 \n  13 // 1. Auto-start scheduled PENDING quizzes\n→ 14 const pendingQuizzes = await prisma.quiz.findMany(\nCan't reach database server at `ep-rapid-resonance-ao44cup4-pooler.c-2.ap-southeast-1.aws.neon.tech:5432`\n\nPlease make sure your database server is running at `ep-rapid-resonance-ao44cup4-pooler.c-2.ap-southeast-1.aws.neon.tech:5432`.","meta":{"database_host":"ep-rapid-resonance-ao44cup4-pooler.c-2.ap-southeast-1.aws.neon.tech","database_port":5432,"modelName":"Quiz"},"name":"PrismaClientKnownRequestError","service":"proctorx-backend","stack":"PrismaClientKnownRequestError: \nInvalid `prisma.quiz.findMany()` invocation in\nD:\\Projects\\ProctorX\\Back-End\\src\\config\\scheduler.js:14:48\n\n  11 const now = new Date();\n  12 \n  13 // 1. Auto-start scheduled PENDING quizzes\n→ 14 const pendingQuizzes = await prisma.quiz.findMany(\nCan't reach database server at `ep-rapid-resonance-ao44cup4-pooler.c-2.ap-southeast-1.aws.neon.tech:5432`\n\nPlease make sure your database server is running at `ep-rapid-resonance-ao44cup4-pooler.c-2.ap-southeast-1.aws.neon.tech:5432`.\n    at $n.handleRequestError (D:\\Projects\\ProctorX\\Back-End\\node_modules\\@prisma\\client\\runtime\\library.js:121:7315)\n    at $n.handleAndLogRequestError (D:\\Projects\\ProctorX\\Back-End\\node_modules\\@prisma\\client\\runtime\\library.js:121:6623)\n    at $n.request (D:\\Projects\\ProctorX\\Back-End\\node_modules\\@prisma\\client\\runtime\\library.js:121:6307)\n    at async l (D:\\Projects\\ProctorX\\Back-End\\node_modules\\@prisma\\client\\runtime\\library.js:130:9633)\n    at async Timeout._onTimeout (D:\\Projects\\ProctorX\\Back-End\\src\\config\\scheduler.js:14:30)","timestamp":"2026-07-07 16:23:43"}
{"clientVersion":"5.22.0","code":"P1001","level":"error","message":"Error inside background scheduler tick: \nInvalid `prisma.quiz.findMany()` invocation in\nD:\\Projects\\ProctorX\\Back-End\\src\\config\\scheduler.js:14:48\n\n  11 const now = new Date();\n  12 \n  13 // 1. Auto-start scheduled PENDING quizzes\n→ 14 const pendingQuizzes = await prisma.quiz.findMany(\nCan't reach database server at `ep-rapid-resonance-ao44cup4-pooler.c-2.ap-southeast-1.aws.neon.tech:5432`\n\nPlease make sure your database server is running at `ep-rapid-resonance-ao44cup4-pooler.c-2.ap-southeast-1.aws.neon.tech:5432`.","meta":{"database_host":"ep-rapid-resonance-ao44cup4-pooler.c-2.ap-southeast-1.aws.neon.tech","database_port":5432,"modelName":"Quiz"},"name":"PrismaClientKnownRequestError","service":"proctorx-backend","stack":"PrismaClientKnownRequestError: \nInvalid `prisma.quiz.findMany()` invocation in\nD:\\Projects\\ProctorX\\Back-End\\src\\config\\scheduler.js:14:48\n\n  11 const now = new Date();\n  12 \n  13 // 1. Auto-start scheduled PENDING quizzes\n→ 14 const pendingQuizzes = await prisma.quiz.findMany(\nCan't reach database server at `ep-rapid-resonance-ao44cup4-pooler.c-2.ap-southeast-1.aws.neon.tech:5432`\n\nPlease make sure your database server is running at `ep-rapid-resonance-ao44cup4-pooler.c-2.ap-southeast-1.aws.neon.tech:5432`.\n    at $n.handleRequestError (D:\\Projects\\ProctorX\\Back-End\\node_modules\\@prisma\\client\\runtime\\library.js:121:7315)\n    at $n.handleAndLogRequestError (D:\\Projects\\ProctorX\\Back-End\\node_modules\\@prisma\\client\\runtime\\library.js:121:6623)\n    at $n.request (D:\\Projects\\ProctorX\\Back-End\\node_modules\\@prisma\\client\\runtime\\library.js:121:6307)\n    at async l (D:\\Projects\\ProctorX\\Back-End\\node_modules\\@prisma\\client\\runtime\\library.js:130:9633)\n    at async Timeout._onTimeout (D:\\Projects\\ProctorX\\Back-End\\src\\config\\scheduler.js:14:30)","timestamp":"2026-07-07 16:23:53"}
{"clientVersion":"5.22.0","code":"P1001","level":"error","message":"Error inside background scheduler tick: \nInvalid `prisma.quiz.findMany()` invocation in\nD:\\Projects\\ProctorX\\Back-End\\src\\config\\scheduler.js:14:48\n\n  11 const now = new Date();\n  12 \n  13 // 1. Auto-start scheduled PENDING quizzes\n→ 14 const pendingQuizzes = await prisma.quiz.findMany(\nCan't reach database server at `ep-rapid-resonance-ao44cup4-pooler.c-2.ap-southeast-1.aws.neon.tech:5432`\n\nPlease make sure your database server is running at `ep-rapid-resonance-ao44cup4-pooler.c-2.ap-southeast-1.aws.neon.tech:5432`.","meta":{"database_host":"ep-rapid-resonance-ao44cup4-pooler.c-2.ap-southeast-1.aws.neon.tech","database_port":5432,"modelName":"Quiz"},"name":"PrismaClientKnownRequestError","service":"proctorx-backend","stack":"PrismaClientKnownRequestError: \nInvalid `prisma.quiz.findMany()` invocation in\nD:\\Projects\\ProctorX\\Back-End\\src\\config\\scheduler.js:14:48\n\n  11 const now = new Date();\n  12 \n  13 // 1. Auto-start scheduled PENDING quizzes\n→ 14 const pendingQuizzes = await prisma.quiz.findMany(\nCan't reach database server at `ep-rapid-resonance-ao44cup4-pooler.c-2.ap-southeast-1.aws.neon.tech:5432`\n\nPlease make sure your database server is running at `ep-rapid-resonance-ao44cup4-pooler.c-2.ap-southeast-1.aws.neon.tech:5432`.\n    at $n.handleRequestError (D:\\Projects\\ProctorX\\Back-End\\node_modules\\@prisma\\client\\runtime\\library.js:121:7315)\n    at $n.handleAndLogRequestError (D:\\Projects\\ProctorX\\Back-End\\node_modules\\@prisma\\client\\runtime\\library.js:121:6623)\n    at $n.request (D:\\Projects\\ProctorX\\Back-End\\node_modules\\@prisma\\client\\runtime\\library.js:121:6307)\n    at async l (D:\\Projects\\ProctorX\\Back-End\\node_modules\\@prisma\\client\\runtime\\library.js:130:9633)\n    at async Timeout._onTimeout (D:\\Projects\\ProctorX\\Back-End\\src\\config\\scheduler.js:14:30)","timestamp":"2026-07-07 16:24:03"}
{"clientVersion":"5.22.0","code":"P1001","level":"error","message":"Error inside background scheduler tick: \nInvalid `prisma.quiz.findMany()` invocation in\nD:\\Projects\\ProctorX\\Back-End\\src\\config\\scheduler.js:14:48\n\n  11 const now = new Date();\n  12 \n  13 // 1. Auto-start scheduled PENDING quizzes\n→ 14 const pendingQuizzes = await prisma.quiz.findMany(\nCan't reach database server at `ep-rapid-resonance-ao44cup4-pooler.c-2.ap-southeast-1.aws.neon.tech:5432`\n\nPlease make sure your database server is running at `ep-rapid-resonance-ao44cup4-pooler.c-2.ap-southeast-1.aws.neon.tech:5432`.","meta":{"database_host":"ep-rapid-resonance-ao44cup4-pooler.c-2.ap-southeast-1.aws.neon.tech","database_port":5432,"modelName":"Quiz"},"name":"PrismaClientKnownRequestError","service":"proctorx-backend","stack":"PrismaClientKnownRequestError: \nInvalid `prisma.quiz.findMany()` invocation in\nD:\\Projects\\ProctorX\\Back-End\\src\\config\\scheduler.js:14:48\n\n  11 const now = new Date();\n  12 \n  13 // 1. Auto-start scheduled PENDING quizzes\n→ 14 const pendingQuizzes = await prisma.quiz.findMany(\nCan't reach database server at `ep-rapid-resonance-ao44cup4-pooler.c-2.ap-southeast-1.aws.neon.tech:5432`\n\nPlease make sure your database server is running at `ep-rapid-resonance-ao44cup4-pooler.c-2.ap-southeast-1.aws.neon.tech:5432`.\n    at $n.handleRequestError (D:\\Projects\\ProctorX\\Back-End\\node_modules\\@prisma\\client\\runtime\\library.js:121:7315)\n    at $n.handleAndLogRequestError (D:\\Projects\\ProctorX\\Back-End\\node_modules\\@prisma\\client\\runtime\\library.js:121:6623)\n    at $n.request (D:\\Projects\\ProctorX\\Back-End\\node_modules\\@prisma\\client\\runtime\\library.js:121:6307)\n    at async l (D:\\Projects\\ProctorX\\Back-End\\node_modules\\@prisma\\client\\runtime\\library.js:130:9633)\n    at async Timeout._onTimeout (D:\\Projects\\ProctorX\\Back-End\\src\\config\\scheduler.js:14:30)","timestamp":"2026-07-07 16:24:13"}
{"clientVersion":"5.22.0","code":"P1001","level":"error","message":"Error inside background scheduler tick: \nInvalid `prisma.quiz.findMany()` invocation in\nD:\\Projects\\ProctorX\\Back-End\\src\\config\\scheduler.js:14:48\n\n  11 const now = new Date();\n  12 \n  13 // 1. Auto-start scheduled PENDING quizzes\n→ 14 const pendingQuizzes = await prisma.quiz.findMany(\nCan't reach database server at `ep-rapid-resonance-ao44cup4-pooler.c-2.ap-southeast-1.aws.neon.tech:5432`\n\nPlease make sure your database server is running at `ep-rapid-resonance-ao44cup4-pooler.c-2.ap-southeast-1.aws.neon.tech:5432`.","meta":{"database_host":"ep-rapid-resonance-ao44cup4-pooler.c-2.ap-southeast-1.aws.neon.tech","database_port":5432,"modelName":"Quiz"},"name":"PrismaClientKnownRequestError","service":"proctorx-backend","stack":"PrismaClientKnownRequestError: \nInvalid `prisma.quiz.findMany()` invocation in\nD:\\Projects\\ProctorX\\Back-End\\src\\config\\scheduler.js:14:48\n\n  11 const now = new Date();\n  12 \n  13 // 1. Auto-start scheduled PENDING quizzes\n→ 14 const pendingQuizzes = await prisma.quiz.findMany(\nCan't reach database server at `ep-rapid-resonance-ao44cup4-pooler.c-2.ap-southeast-1.aws.neon.tech:5432`\n\nPlease make sure your database server is running at `ep-rapid-resonance-ao44cup4-pooler.c-2.ap-southeast-1.aws.neon.tech:5432`.\n    at $n.handleRequestError (D:\\Projects\\ProctorX\\Back-End\\node_modules\\@prisma\\client\\runtime\\library.js:121:7315)\n    at $n.handleAndLogRequestError (D:\\Projects\\ProctorX\\Back-End\\node_modules\\@prisma\\client\\runtime\\library.js:121:6623)\n    at $n.request (D:\\Projects\\ProctorX\\Back-End\\node_modules\\@prisma\\client\\runtime\\library.js:121:6307)\n    at async l (D:\\Projects\\ProctorX\\Back-End\\node_modules\\@prisma\\client\\runtime\\library.js:130:9633)\n    at async Timeout._onTimeout (D:\\Projects\\ProctorX\\Back-End\\src\\config\\scheduler.js:14:30)","timestamp":"2026-07-07 16:24:23"}
{"clientVersion":"5.22.0","code":"P1001","level":"error","message":"Error inside background scheduler tick: \nInvalid `prisma.quiz.findMany()` invocation in\nD:\\Projects\\ProctorX\\Back-End\\src\\config\\scheduler.js:14:48\n\n  11 const now = new Date();\n  12 \n  13 // 1. Auto-start scheduled PENDING quizzes\n→ 14 const pendingQuizzes = await prisma.quiz.findMany(\nCan't reach database server at `ep-rapid-resonance-ao44cup4-pooler.c-2.ap-southeast-1.aws.neon.tech:5432`\n\nPlease make sure your database server is running at `ep-rapid-resonance-ao44cup4-pooler.c-2.ap-southeast-1.aws.neon.tech:5432`.","meta":{"database_host":"ep-rapid-resonance-ao44cup4-pooler.c-2.ap-southeast-1.aws.neon.tech","database_port":5432,"modelName":"Quiz"},"name":"PrismaClientKnownRequestError","service":"proctorx-backend","stack":"PrismaClientKnownRequestError: \nInvalid `prisma.quiz.findMany()` invocation in\nD:\\Projects\\ProctorX\\Back-End\\src\\config\\scheduler.js:14:48\n\n  11 const now = new Date();\n  12 \n  13 // 1. Auto-start scheduled PENDING quizzes\n→ 14 const pendingQuizzes = await prisma.quiz.findMany(\nCan't reach database server at `ep-rapid-resonance-ao44cup4-pooler.c-2.ap-southeast-1.aws.neon.tech:5432`\n\nPlease make sure your database server is running at `ep-rapid-resonance-ao44cup4-pooler.c-2.ap-southeast-1.aws.neon.tech:5432`.\n    at $n.handleRequestError (D:\\Projects\\ProctorX\\Back-End\\node_modules\\@prisma\\client\\runtime\\library.js:121:7315)\n    at $n.handleAndLogRequestError (D:\\Projects\\ProctorX\\Back-End\\node_modules\\@prisma\\client\\runtime\\library.js:121:6623)\n    at $n.request (D:\\Projects\\ProctorX\\Back-End\\node_modules\\@prisma\\client\\runtime\\library.js:121:6307)\n    at async l (D:\\Projects\\ProctorX\\Back-End\\node_modules\\@prisma\\client\\runtime\\library.js:130:9633)\n    at async Timeout._onTimeout (D:\\Projects\\ProctorX\\Back-End\\src\\config\\scheduler.js:14:30)","timestamp":"2026-07-07 16:24:33"}
{"clientVersion":"5.22.0","code":"P1001","level":"error","message":"Error inside background scheduler tick: \nInvalid `prisma.quiz.findMany()` invocation in\nD:\\Projects\\ProctorX\\Back-End\\src\\config\\scheduler.js:14:48\n\n  11 const now = new Date();\n  12 \n  13 // 1. Auto-start scheduled PENDING quizzes\n→ 14 const pendingQuizzes = await prisma.quiz.findMany(\nCan't reach database server at `ep-rapid-resonance-ao44cup4-pooler.c-2.ap-southeast-1.aws.neon.tech:5432`\n\nPlease make sure your database server is running at `ep-rapid-resonance-ao44cup4-pooler.c-2.ap-southeast-1.aws.neon.tech:5432`.","meta":{"database_host":"ep-rapid-resonance-ao44cup4-pooler.c-2.ap-southeast-1.aws.neon.tech","database_port":5432,"modelName":"Quiz"},"name":"PrismaClientKnownRequestError","service":"proctorx-backend","stack":"PrismaClientKnownRequestError: \nInvalid `prisma.quiz.findMany()` invocation in\nD:\\Projects\\ProctorX\\Back-End\\src\\config\\scheduler.js:14:48\n\n  11 const now = new Date();\n  12 \n  13 // 1. Auto-start scheduled PENDING quizzes\n→ 14 const pendingQuizzes = await prisma.quiz.findMany(\nCan't reach database server at `ep-rapid-resonance-ao44cup4-pooler.c-2.ap-southeast-1.aws.neon.tech:5432`\n\nPlease make sure your database server is running at `ep-rapid-resonance-ao44cup4-pooler.c-2.ap-southeast-1.aws.neon.tech:5432`.\n    at $n.handleRequestError (D:\\Projects\\ProctorX\\Back-End\\node_modules\\@prisma\\client\\runtime\\library.js:121:7315)\n    at $n.handleAndLogRequestError (D:\\Projects\\ProctorX\\Back-End\\node_modules\\@prisma\\client\\runtime\\library.js:121:6623)\n    at $n.request (D:\\Projects\\ProctorX\\Back-End\\node_modules\\@prisma\\client\\runtime\\library.js:121:6307)\n    at async l (D:\\Projects\\ProctorX\\Back-End\\node_modules\\@prisma\\client\\runtime\\library.js:130:9633)\n    at async Timeout._onTimeout (D:\\Projects\\ProctorX\\Back-End\\src\\config\\scheduler.js:14:30)","timestamp":"2026-07-07 16:24:43"}
{"clientVersion":"5.22.0","code":"P1001","level":"error","message":"Error inside background scheduler tick: \nInvalid `prisma.quiz.findMany()` invocation in\nD:\\Projects\\ProctorX\\Back-End\\src\\config\\scheduler.js:14:48\n\n  11 const now = new Date();\n  12 \n  13 // 1. Auto-start scheduled PENDING quizzes\n→ 14 const pendingQuizzes = await prisma.quiz.findMany(\nCan't reach database server at `ep-rapid-resonance-ao44cup4-pooler.c-2.ap-southeast-1.aws.neon.tech:5432`\n\nPlease make sure your database server is running at `ep-rapid-resonance-ao44cup4-pooler.c-2.ap-southeast-1.aws.neon.tech:5432`.","meta":{"database_host":"ep-rapid-resonance-ao44cup4-pooler.c-2.ap-southeast-1.aws.neon.tech","database_port":5432,"modelName":"Quiz"},"name":"PrismaClientKnownRequestError","service":"proctorx-backend","stack":"PrismaClientKnownRequestError: \nInvalid `prisma.quiz.findMany()` invocation in\nD:\\Projects\\ProctorX\\Back-End\\src\\config\\scheduler.js:14:48\n\n  11 const now = new Date();\n  12 \n  13 // 1. Auto-start scheduled PENDING quizzes\n→ 14 const pendingQuizzes = await prisma.quiz.findMany(\nCan't reach database server at `ep-rapid-resonance-ao44cup4-pooler.c-2.ap-southeast-1.aws.neon.tech:5432`\n\nPlease make sure your database server is running at `ep-rapid-resonance-ao44cup4-pooler.c-2.ap-southeast-1.aws.neon.tech:5432`.\n    at $n.handleRequestError (D:\\Projects\\ProctorX\\Back-End\\node_modules\\@prisma\\client\\runtime\\library.js:121:7315)\n    at $n.handleAndLogRequestError (D:\\Projects\\ProctorX\\Back-End\\node_modules\\@prisma\\client\\runtime\\library.js:121:6623)\n    at $n.request (D:\\Projects\\ProctorX\\Back-End\\node_modules\\@prisma\\client\\runtime\\library.js:121:6307)\n    at async l (D:\\Projects\\ProctorX\\Back-End\\node_modules\\@prisma\\client\\runtime\\library.js:130:9633)\n    at async Timeout._onTimeout (D:\\Projects\\ProctorX\\Back-End\\src\\config\\scheduler.js:14:30)","timestamp":"2026-07-07 16:24:53"}
{"clientVersion":"5.22.0","code":"P1001","level":"error","message":"Error inside background scheduler tick: \nInvalid `prisma.quiz.findMany()` invocation in\nD:\\Projects\\ProctorX\\Back-End\\src\\config\\scheduler.js:14:48\n\n  11 const now = new Date();\n  12 \n  13 // 1. Auto-start scheduled PENDING quizzes\n→ 14 const pendingQuizzes = await prisma.quiz.findMany(\nCan't reach database server at `ep-rapid-resonance-ao44cup4-pooler.c-2.ap-southeast-1.aws.neon.tech:5432`\n\nPlease make sure your database server is running at `ep-rapid-resonance-ao44cup4-pooler.c-2.ap-southeast-1.aws.neon.tech:5432`.","meta":{"database_host":"ep-rapid-resonance-ao44cup4-pooler.c-2.ap-southeast-1.aws.neon.tech","database_port":5432,"modelName":"Quiz"},"name":"PrismaClientKnownRequestError","service":"proctorx-backend","stack":"PrismaClientKnownRequestError: \nInvalid `prisma.quiz.findMany()` invocation in\nD:\\Projects\\ProctorX\\Back-End\\src\\config\\scheduler.js:14:48\n\n  11 const now = new Date();\n  12 \n  13 // 1. Auto-start scheduled PENDING quizzes\n→ 14 const pendingQuizzes = await prisma.quiz.findMany(\nCan't reach database server at `ep-rapid-resonance-ao44cup4-pooler.c-2.ap-southeast-1.aws.neon.tech:5432`\n\nPlease make sure your database server is running at `ep-rapid-resonance-ao44cup4-pooler.c-2.ap-southeast-1.aws.neon.tech:5432`.\n    at $n.handleRequestError (D:\\Projects\\ProctorX\\Back-End\\node_modules\\@prisma\\client\\runtime\\library.js:121:7315)\n    at $n.handleAndLogRequestError (D:\\Projects\\ProctorX\\Back-End\\node_modules\\@prisma\\client\\runtime\\library.js:121:6623)\n    at $n.request (D:\\Projects\\ProctorX\\Back-End\\node_modules\\@prisma\\client\\runtime\\library.js:121:6307)\n    at async l (D:\\Projects\\ProctorX\\Back-End\\node_modules\\@prisma\\client\\runtime\\library.js:130:9633)\n    at async Timeout._onTimeout (D:\\Projects\\ProctorX\\Back-End\\src\\config\\scheduler.js:14:30)","timestamp":"2026-07-07 16:25:03"}
{"clientVersion":"5.22.0","code":"P1001","level":"error","message":"Error inside background scheduler tick: \nInvalid `prisma.quiz.findMany()` invocation in\nD:\\Projects\\ProctorX\\Back-End\\src\\config\\scheduler.js:14:48\n\n  11 const now = new Date();\n  12 \n  13 // 1. Auto-start scheduled PENDING quizzes\n→ 14 const pendingQuizzes = await prisma.quiz.findMany(\nCan't reach database server at `ep-rapid-resonance-ao44cup4-pooler.c-2.ap-southeast-1.aws.neon.tech:5432`\n\nPlease make sure your database server is running at `ep-rapid-resonance-ao44cup4-pooler.c-2.ap-southeast-1.aws.neon.tech:5432`.","meta":{"database_host":"ep-rapid-resonance-ao44cup4-pooler.c-2.ap-southeast-1.aws.neon.tech","database_port":5432,"modelName":"Quiz"},"name":"PrismaClientKnownRequestError","service":"proctorx-backend","stack":"PrismaClientKnownRequestError: \nInvalid `prisma.quiz.findMany()` invocation in\nD:\\Projects\\ProctorX\\Back-End\\src\\config\\scheduler.js:14:48\n\n  11 const now = new Date();\n  12 \n  13 // 1. Auto-start scheduled PENDING quizzes\n→ 14 const pendingQuizzes = await prisma.quiz.findMany(\nCan't reach database server at `ep-rapid-resonance-ao44cup4-pooler.c-2.ap-southeast-1.aws.neon.tech:5432`\n\nPlease make sure your database server is running at `ep-rapid-resonance-ao44cup4-pooler.c-2.ap-southeast-1.aws.neon.tech:5432`.\n    at $n.handleRequestError (D:\\Projects\\ProctorX\\Back-End\\node_modules\\@prisma\\client\\runtime\\library.js:121:7315)\n    at $n.handleAndLogRequestError (D:\\Projects\\ProctorX\\Back-End\\node_modules\\@prisma\\client\\runtime\\library.js:121:6623)\n    at $n.request (D:\\Projects\\ProctorX\\Back-End\\node_modules\\@prisma\\client\\runtime\\library.js:121:6307)\n    at async l (D:\\Projects\\ProctorX\\Back-End\\node_modules\\@prisma\\client\\runtime\\library.js:130:9633)\n    at async Timeout._onTimeout (D:\\Projects\\ProctorX\\Back-End\\src\\config\\scheduler.js:14:30)","timestamp":"2026-07-07 16:25:13"}
{"clientVersion":"5.22.0","code":"P1001","level":"error","message":"Error inside background scheduler tick: \nInvalid `prisma.quiz.findMany()` invocation in\nD:\\Projects\\ProctorX\\Back-End\\src\\config\\scheduler.js:14:48\n\n  11 const now = new Date();\n  12 \n  13 // 1. Auto-start scheduled PENDING quizzes\n→ 14 const pendingQuizzes = await prisma.quiz.findMany(\nCan't reach database server at `ep-rapid-resonance-ao44cup4-pooler.c-2.ap-southeast-1.aws.neon.tech:5432`\n\nPlease make sure your database server is running at `ep-rapid-resonance-ao44cup4-pooler.c-2.ap-southeast-1.aws.neon.tech:5432`.","meta":{"database_host":"ep-rapid-resonance-ao44cup4-pooler.c-2.ap-southeast-1.aws.neon.tech","database_port":5432,"modelName":"Quiz"},"name":"PrismaClientKnownRequestError","service":"proctorx-backend","stack":"PrismaClientKnownRequestError: \nInvalid `prisma.quiz.findMany()` invocation in\nD:\\Projects\\ProctorX\\Back-End\\src\\config\\scheduler.js:14:48\n\n  11 const now = new Date();\n  12 \n  13 // 1. Auto-start scheduled PENDING quizzes\n→ 14 const pendingQuizzes = await prisma.quiz.findMany(\nCan't reach database server at `ep-rapid-resonance-ao44cup4-pooler.c-2.ap-southeast-1.aws.neon.tech:5432`\n\nPlease make sure your database server is running at `ep-rapid-resonance-ao44cup4-pooler.c-2.ap-southeast-1.aws.neon.tech:5432`.\n    at $n.handleRequestError (D:\\Projects\\ProctorX\\Back-End\\node_modules\\@prisma\\client\\runtime\\library.js:121:7315)\n    at $n.handleAndLogRequestError (D:\\Projects\\ProctorX\\Back-End\\node_modules\\@prisma\\client\\runtime\\library.js:121:6623)\n    at $n.request (D:\\Projects\\ProctorX\\Back-End\\node_modules\\@prisma\\client\\runtime\\library.js:121:6307)\n    at async l (D:\\Projects\\ProctorX\\Back-End\\node_modules\\@prisma\\client\\runtime\\library.js:130:9633)\n    at async Timeout._onTimeout (D:\\Projects\\ProctorX\\Back-End\\src\\config\\scheduler.js:14:30)","timestamp":"2026-07-07 16:25:23"}
{"clientVersion":"5.22.0","code":"P1001","level":"error","message":"Error inside background scheduler tick: \nInvalid `prisma.quiz.findMany()` invocation in\nD:\\Projects\\ProctorX\\Back-End\\src\\config\\scheduler.js:14:48\n\n  11 const now = new Date();\n  12 \n  13 // 1. Auto-start scheduled PENDING quizzes\n→ 14 const pendingQuizzes = await prisma.quiz.findMany(\nCan't reach database server at `ep-rapid-resonance-ao44cup4-pooler.c-2.ap-southeast-1.aws.neon.tech:5432`\n\nPlease make sure your database server is running at `ep-rapid-resonance-ao44cup4-pooler.c-2.ap-southeast-1.aws.neon.tech:5432`.","meta":{"database_host":"ep-rapid-resonance-ao44cup4-pooler.c-2.ap-southeast-1.aws.neon.tech","database_port":5432,"modelName":"Quiz"},"name":"PrismaClientKnownRequestError","service":"proctorx-backend","stack":"PrismaClientKnownRequestError: \nInvalid `prisma.quiz.findMany()` invocation in\nD:\\Projects\\ProctorX\\Back-End\\src\\config\\scheduler.js:14:48\n\n  11 const now = new Date();\n  12 \n  13 // 1. Auto-start scheduled PENDING quizzes\n→ 14 const pendingQuizzes = await prisma.quiz.findMany(\nCan't reach database server at `ep-rapid-resonance-ao44cup4-pooler.c-2.ap-southeast-1.aws.neon.tech:5432`\n\nPlease make sure your database server is running at `ep-rapid-resonance-ao44cup4-pooler.c-2.ap-southeast-1.aws.neon.tech:5432`.\n    at $n.handleRequestError (D:\\Projects\\ProctorX\\Back-End\\node_modules\\@prisma\\client\\runtime\\library.js:121:7315)\n    at $n.handleAndLogRequestError (D:\\Projects\\ProctorX\\Back-End\\node_modules\\@prisma\\client\\runtime\\library.js:121:6623)\n    at $n.request (D:\\Projects\\ProctorX\\Back-End\\node_modules\\@prisma\\client\\runtime\\library.js:121:6307)\n    at async l (D:\\Projects\\ProctorX\\Back-End\\node_modules\\@prisma\\client\\runtime\\library.js:130:9633)\n    at async Timeout._onTimeout (D:\\Projects\\ProctorX\\Back-End\\src\\config\\scheduler.js:14:30)","timestamp":"2026-07-07 16:25:33"}
{"clientVersion":"5.22.0","code":"P1001","level":"error","message":"Error inside background scheduler tick: \nInvalid `prisma.quiz.findMany()` invocation in\nD:\\Projects\\ProctorX\\Back-End\\src\\config\\scheduler.js:14:48\n\n  11 const now = new Date();\n  12 \n  13 // 1. Auto-start scheduled PENDING quizzes\n→ 14 const pendingQuizzes = await prisma.quiz.findMany(\nCan't reach database server at `ep-rapid-resonance-ao44cup4-pooler.c-2.ap-southeast-1.aws.neon.tech:5432`\n\nPlease make sure your database server is running at `ep-rapid-resonance-ao44cup4-pooler.c-2.ap-southeast-1.aws.neon.tech:5432`.","meta":{"database_host":"ep-rapid-resonance-ao44cup4-pooler.c-2.ap-southeast-1.aws.neon.tech","database_port":5432,"modelName":"Quiz"},"name":"PrismaClientKnownRequestError","service":"proctorx-backend","stack":"PrismaClientKnownRequestError: \nInvalid `prisma.quiz.findMany()` invocation in\nD:\\Projects\\ProctorX\\Back-End\\src\\config\\scheduler.js:14:48\n\n  11 const now = new Date();\n  12 \n  13 // 1. Auto-start scheduled PENDING quizzes\n→ 14 const pendingQuizzes = await prisma.quiz.findMany(\nCan't reach database server at `ep-rapid-resonance-ao44cup4-pooler.c-2.ap-southeast-1.aws.neon.tech:5432`\n\nPlease make sure your database server is running at `ep-rapid-resonance-ao44cup4-pooler.c-2.ap-southeast-1.aws.neon.tech:5432`.\n    at $n.handleRequestError (D:\\Projects\\ProctorX\\Back-End\\node_modules\\@prisma\\client\\runtime\\library.js:121:7315)\n    at $n.handleAndLogRequestError (D:\\Projects\\ProctorX\\Back-End\\node_modules\\@prisma\\client\\runtime\\library.js:121:6623)\n    at $n.request (D:\\Projects\\ProctorX\\Back-End\\node_modules\\@prisma\\client\\runtime\\library.js:121:6307)\n    at async l (D:\\Projects\\ProctorX\\Back-End\\node_modules\\@prisma\\client\\runtime\\library.js:130:9633)\n    at async Timeout._onTimeout (D:\\Projects\\ProctorX\\Back-End\\src\\config\\scheduler.js:14:30)","timestamp":"2026-07-07 16:25:43"}
{"clientVersion":"5.22.0","code":"P1001","level":"error","message":"Error inside background scheduler tick: \nInvalid `prisma.quiz.findMany()` invocation in\nD:\\Projects\\ProctorX\\Back-End\\src\\config\\scheduler.js:14:48\n\n  11 const now = new Date();\n  12 \n  13 // 1. Auto-start scheduled PENDING quizzes\n→ 14 const pendingQuizzes = await prisma.quiz.findMany(\nCan't reach database server at `ep-rapid-resonance-ao44cup4-pooler.c-2.ap-southeast-1.aws.neon.tech:5432`\n\nPlease make sure your database server is running at `ep-rapid-resonance-ao44cup4-pooler.c-2.ap-southeast-1.aws.neon.tech:5432`.","meta":{"database_host":"ep-rapid-resonance-ao44cup4-pooler.c-2.ap-southeast-1.aws.neon.tech","database_port":5432,"modelName":"Quiz"},"name":"PrismaClientKnownRequestError","service":"proctorx-backend","stack":"PrismaClientKnownRequestError: \nInvalid `prisma.quiz.findMany()` invocation in\nD:\\Projects\\ProctorX\\Back-End\\src\\config\\scheduler.js:14:48\n\n  11 const now = new Date();\n  12 \n  13 // 1. Auto-start scheduled PENDING quizzes\n→ 14 const pendingQuizzes = await prisma.quiz.findMany(\nCan't reach database server at `ep-rapid-resonance-ao44cup4-pooler.c-2.ap-southeast-1.aws.neon.tech:5432`\n\nPlease make sure your database server is running at `ep-rapid-resonance-ao44cup4-pooler.c-2.ap-southeast-1.aws.neon.tech:5432`.\n    at $n.handleRequestError (D:\\Projects\\ProctorX\\Back-End\\node_modules\\@prisma\\client\\runtime\\library.js:121:7315)\n    at $n.handleAndLogRequestError (D:\\Projects\\ProctorX\\Back-End\\node_modules\\@prisma\\client\\runtime\\library.js:121:6623)\n    at $n.request (D:\\Projects\\ProctorX\\Back-End\\node_modules\\@prisma\\client\\runtime\\library.js:121:6307)\n    at async l (D:\\Projects\\ProctorX\\Back-End\\node_modules\\@prisma\\client\\runtime\\library.js:130:9633)\n    at async Timeout._onTimeout (D:\\Projects\\ProctorX\\Back-End\\src\\config\\scheduler.js:14:30)","timestamp":"2026-07-07 16:25:53"}
{"clientVersion":"5.22.0","code":"P1001","level":"error","message":"Error inside background scheduler tick: \nInvalid `prisma.quiz.findMany()` invocation in\nD:\\Projects\\ProctorX\\Back-End\\src\\config\\scheduler.js:14:48\n\n  11 const now = new Date();\n  12 \n  13 // 1. Auto-start scheduled PENDING quizzes\n→ 14 const pendingQuizzes = await prisma.quiz.findMany(\nCan't reach database server at `ep-rapid-resonance-ao44cup4-pooler.c-2.ap-southeast-1.aws.neon.tech:5432`\n\nPlease make sure your database server is running at `ep-rapid-resonance-ao44cup4-pooler.c-2.ap-southeast-1.aws.neon.tech:5432`.","meta":{"database_host":"ep-rapid-resonance-ao44cup4-pooler.c-2.ap-southeast-1.aws.neon.tech","database_port":5432,"modelName":"Quiz"},"name":"PrismaClientKnownRequestError","service":"proctorx-backend","stack":"PrismaClientKnownRequestError: \nInvalid `prisma.quiz.findMany()` invocation in\nD:\\Projects\\ProctorX\\Back-End\\src\\config\\scheduler.js:14:48\n\n  11 const now = new Date();\n  12 \n  13 // 1. Auto-start scheduled PENDING quizzes\n→ 14 const pendingQuizzes = await prisma.quiz.findMany(\nCan't reach database server at `ep-rapid-resonance-ao44cup4-pooler.c-2.ap-southeast-1.aws.neon.tech:5432`\n\nPlease make sure your database server is running at `ep-rapid-resonance-ao44cup4-pooler.c-2.ap-southeast-1.aws.neon.tech:5432`.\n    at $n.handleRequestError (D:\\Projects\\ProctorX\\Back-End\\node_modules\\@prisma\\client\\runtime\\library.js:121:7315)\n    at $n.handleAndLogRequestError (D:\\Projects\\ProctorX\\Back-End\\node_modules\\@prisma\\client\\runtime\\library.js:121:6623)\n    at $n.request (D:\\Projects\\ProctorX\\Back-End\\node_modules\\@prisma\\client\\runtime\\library.js:121:6307)\n    at async l (D:\\Projects\\ProctorX\\Back-End\\node_modules\\@prisma\\client\\runtime\\library.js:130:9633)\n    at async Timeout._onTimeout (D:\\Projects\\ProctorX\\Back-End\\src\\config\\scheduler.js:14:30)","timestamp":"2026-07-07 16:26:03"}
{"clientVersion":"5.22.0","code":"P1001","level":"error","message":"Error inside background scheduler tick: \nInvalid `prisma.quiz.findMany()` invocation in\nD:\\Projects\\ProctorX\\Back-End\\src\\config\\scheduler.js:14:48\n\n  11 const now = new Date();\n  12 \n  13 // 1. Auto-start scheduled PENDING quizzes\n→ 14 const pendingQuizzes = await prisma.quiz.findMany(\nCan't reach database server at `ep-rapid-resonance-ao44cup4-pooler.c-2.ap-southeast-1.aws.neon.tech:5432`\n\nPlease make sure your database server is running at `ep-rapid-resonance-ao44cup4-pooler.c-2.ap-southeast-1.aws.neon.tech:5432`.","meta":{"database_host":"ep-rapid-resonance-ao44cup4-pooler.c-2.ap-southeast-1.aws.neon.tech","database_port":5432,"modelName":"Quiz"},"name":"PrismaClientKnownRequestError","service":"proctorx-backend","stack":"PrismaClientKnownRequestError: \nInvalid `prisma.quiz.findMany()` invocation in\nD:\\Projects\\ProctorX\\Back-End\\src\\config\\scheduler.js:14:48\n\n  11 const now = new Date();\n  12 \n  13 // 1. Auto-start scheduled PENDING quizzes\n→ 14 const pendingQuizzes = await prisma.quiz.findMany(\nCan't reach database server at `ep-rapid-resonance-ao44cup4-pooler.c-2.ap-southeast-1.aws.neon.tech:5432`\n\nPlease make sure your database server is running at `ep-rapid-resonance-ao44cup4-pooler.c-2.ap-southeast-1.aws.neon.tech:5432`.\n    at $n.handleRequestError (D:\\Projects\\ProctorX\\Back-End\\node_modules\\@prisma\\client\\runtime\\library.js:121:7315)\n    at $n.handleAndLogRequestError (D:\\Projects\\ProctorX\\Back-End\\node_modules\\@prisma\\client\\runtime\\library.js:121:6623)\n    at $n.request (D:\\Projects\\ProctorX\\Back-End\\node_modules\\@prisma\\client\\runtime\\library.js:121:6307)\n    at async l (D:\\Projects\\ProctorX\\Back-End\\node_modules\\@prisma\\client\\runtime\\library.js:130:9633)\n    at async Timeout._onTimeout (D:\\Projects\\ProctorX\\Back-End\\src\\config\\scheduler.js:14:30)","timestamp":"2026-07-07 16:26:13"}
{"clientVersion":"5.22.0","code":"P1001","level":"error","message":"Error inside background scheduler tick: \nInvalid `prisma.quiz.findMany()` invocation in\nD:\\Projects\\ProctorX\\Back-End\\src\\config\\scheduler.js:14:48\n\n  11 const now = new Date();\n  12 \n  13 // 1. Auto-start scheduled PENDING quizzes\n→ 14 const pendingQuizzes = await prisma.quiz.findMany(\nCan't reach database server at `ep-rapid-resonance-ao44cup4-pooler.c-2.ap-southeast-1.aws.neon.tech:5432`\n\nPlease make sure your database server is running at `ep-rapid-resonance-ao44cup4-pooler.c-2.ap-southeast-1.aws.neon.tech:5432`.","meta":{"database_host":"ep-rapid-resonance-ao44cup4-pooler.c-2.ap-southeast-1.aws.neon.tech","database_port":5432,"modelName":"Quiz"},"name":"PrismaClientKnownRequestError","service":"proctorx-backend","stack":"PrismaClientKnownRequestError: \nInvalid `prisma.quiz.findMany()` invocation in\nD:\\Projects\\ProctorX\\Back-End\\src\\config\\scheduler.js:14:48\n\n  11 const now = new Date();\n  12 \n  13 // 1. Auto-start scheduled PENDING quizzes\n→ 14 const pendingQuizzes = await prisma.quiz.findMany(\nCan't reach database server at `ep-rapid-resonance-ao44cup4-pooler.c-2.ap-southeast-1.aws.neon.tech:5432`\n\nPlease make sure your database server is running at `ep-rapid-resonance-ao44cup4-pooler.c-2.ap-southeast-1.aws.neon.tech:5432`.\n    at $n.handleRequestError (D:\\Projects\\ProctorX\\Back-End\\node_modules\\@prisma\\client\\runtime\\library.js:121:7315)\n    at $n.handleAndLogRequestError (D:\\Projects\\ProctorX\\Back-End\\node_modules\\@prisma\\client\\runtime\\library.js:121:6623)\n    at $n.request (D:\\Projects\\ProctorX\\Back-End\\node_modules\\@prisma\\client\\runtime\\library.js:121:6307)\n    at async l (D:\\Projects\\ProctorX\\Back-End\\node_modules\\@prisma\\client\\runtime\\library.js:130:9633)\n    at async Timeout._onTimeout (D:\\Projects\\ProctorX\\Back-End\\src\\config\\scheduler.js:14:30)","timestamp":"2026-07-07 16:26:23"}
{"clientVersion":"5.22.0","code":"P1001","level":"error","message":"Error inside background scheduler tick: \nInvalid `prisma.quiz.findMany()` invocation in\nD:\\Projects\\ProctorX\\Back-End\\src\\config\\scheduler.js:14:48\n\n  11 const now = new Date();\n  12 \n  13 // 1. Auto-start scheduled PENDING quizzes\n→ 14 const pendingQuizzes = await prisma.quiz.findMany(\nCan't reach database server at `ep-rapid-resonance-ao44cup4-pooler.c-2.ap-southeast-1.aws.neon.tech:5432`\n\nPlease make sure your database server is running at `ep-rapid-resonance-ao44cup4-pooler.c-2.ap-southeast-1.aws.neon.tech:5432`.","meta":{"database_host":"ep-rapid-resonance-ao44cup4-pooler.c-2.ap-southeast-1.aws.neon.tech","database_port":5432,"modelName":"Quiz"},"name":"PrismaClientKnownRequestError","service":"proctorx-backend","stack":"PrismaClientKnownRequestError: \nInvalid `prisma.quiz.findMany()` invocation in\nD:\\Projects\\ProctorX\\Back-End\\src\\config\\scheduler.js:14:48\n\n  11 const now = new Date();\n  12 \n  13 // 1. Auto-start scheduled PENDING quizzes\n→ 14 const pendingQuizzes = await prisma.quiz.findMany(\nCan't reach database server at `ep-rapid-resonance-ao44cup4-pooler.c-2.ap-southeast-1.aws.neon.tech:5432`\n\nPlease make sure your database server is running at `ep-rapid-resonance-ao44cup4-pooler.c-2.ap-southeast-1.aws.neon.tech:5432`.\n    at $n.handleRequestError (D:\\Projects\\ProctorX\\Back-End\\node_modules\\@prisma\\client\\runtime\\library.js:121:7315)\n    at $n.handleAndLogRequestError (D:\\Projects\\ProctorX\\Back-End\\node_modules\\@prisma\\client\\runtime\\library.js:121:6623)\n    at $n.request (D:\\Projects\\ProctorX\\Back-End\\node_modules\\@prisma\\client\\runtime\\library.js:121:6307)\n    at async l (D:\\Projects\\ProctorX\\Back-End\\node_modules\\@prisma\\client\\runtime\\library.js:130:9633)\n    at async Timeout._onTimeout (D:\\Projects\\ProctorX\\Back-End\\src\\config\\scheduler.js:14:30)","timestamp":"2026-07-07 16:26:33"}
{"clientVersion":"5.22.0","code":"P1001","level":"error","message":"Error inside background scheduler tick: \nInvalid `prisma.quiz.findMany()` invocation in\nD:\\Projects\\ProctorX\\Back-End\\src\\config\\scheduler.js:14:48\n\n  11 const now = new Date();\n  12 \n  13 // 1. Auto-start scheduled PENDING quizzes\n→ 14 const pendingQuizzes = await prisma.quiz.findMany(\nCan't reach database server at `ep-rapid-resonance-ao44cup4-pooler.c-2.ap-southeast-1.aws.neon.tech:5432`\n\nPlease make sure your database server is running at `ep-rapid-resonance-ao44cup4-pooler.c-2.ap-southeast-1.aws.neon.tech:5432`.","meta":{"database_host":"ep-rapid-resonance-ao44cup4-pooler.c-2.ap-southeast-1.aws.neon.tech","database_port":5432,"modelName":"Quiz"},"name":"PrismaClientKnownRequestError","service":"proctorx-backend","stack":"PrismaClientKnownRequestError: \nInvalid `prisma.quiz.findMany()` invocation in\nD:\\Projects\\ProctorX\\Back-End\\src\\config\\scheduler.js:14:48\n\n  11 const now = new Date();\n  12 \n  13 // 1. Auto-start scheduled PENDING quizzes\n→ 14 const pendingQuizzes = await prisma.quiz.findMany(\nCan't reach database server at `ep-rapid-resonance-ao44cup4-pooler.c-2.ap-southeast-1.aws.neon.tech:5432`\n\nPlease make sure your database server is running at `ep-rapid-resonance-ao44cup4-pooler.c-2.ap-southeast-1.aws.neon.tech:5432`.\n    at $n.handleRequestError (D:\\Projects\\ProctorX\\Back-End\\node_modules\\@prisma\\client\\runtime\\library.js:121:7315)\n    at $n.handleAndLogRequestError (D:\\Projects\\ProctorX\\Back-End\\node_modules\\@prisma\\client\\runtime\\library.js:121:6623)\n    at $n.request (D:\\Projects\\ProctorX\\Back-End\\node_modules\\@prisma\\client\\runtime\\library.js:121:6307)\n    at async l (D:\\Projects\\ProctorX\\Back-End\\node_modules\\@prisma\\client\\runtime\\library.js:130:9633)\n    at async Timeout._onTimeout (D:\\Projects\\ProctorX\\Back-End\\src\\config\\scheduler.js:14:30)","timestamp":"2026-07-07 16:26:43"}
{"clientVersion":"5.22.0","code":"P1001","level":"error","message":"Error inside background scheduler tick: \nInvalid `prisma.quiz.findMany()` invocation in\nD:\\Projects\\ProctorX\\Back-End\\src\\config\\scheduler.js:14:48\n\n  11 const now = new Date();\n  12 \n  13 // 1. Auto-start scheduled PENDING quizzes\n→ 14 const pendingQuizzes = await prisma.quiz.findMany(\nCan't reach database server at `ep-rapid-resonance-ao44cup4-pooler.c-2.ap-southeast-1.aws.neon.tech:5432`\n\nPlease make sure your database server is running at `ep-rapid-resonance-ao44cup4-pooler.c-2.ap-southeast-1.aws.neon.tech:5432`.","meta":{"database_host":"ep-rapid-resonance-ao44cup4-pooler.c-2.ap-southeast-1.aws.neon.tech","database_port":5432,"modelName":"Quiz"},"name":"PrismaClientKnownRequestError","service":"proctorx-backend","stack":"PrismaClientKnownRequestError: \nInvalid `prisma.quiz.findMany()` invocation in\nD:\\Projects\\ProctorX\\Back-End\\src\\config\\scheduler.js:14:48\n\n  11 const now = new Date();\n  12 \n  13 // 1. Auto-start scheduled PENDING quizzes\n→ 14 const pendingQuizzes = await prisma.quiz.findMany(\nCan't reach database server at `ep-rapid-resonance-ao44cup4-pooler.c-2.ap-southeast-1.aws.neon.tech:5432`\n\nPlease make sure your database server is running at `ep-rapid-resonance-ao44cup4-pooler.c-2.ap-southeast-1.aws.neon.tech:5432`.\n    at $n.handleRequestError (D:\\Projects\\ProctorX\\Back-End\\node_modules\\@prisma\\client\\runtime\\library.js:121:7315)\n    at $n.handleAndLogRequestError (D:\\Projects\\ProctorX\\Back-End\\node_modules\\@prisma\\client\\runtime\\library.js:121:6623)\n    at $n.request (D:\\Projects\\ProctorX\\Back-End\\node_modules\\@prisma\\client\\runtime\\library.js:121:6307)\n    at async l (D:\\Projects\\ProctorX\\Back-End\\node_modules\\@prisma\\client\\runtime\\library.js:130:9633)\n    at async Timeout._onTimeout (D:\\Projects\\ProctorX\\Back-End\\src\\config\\scheduler.js:14:30)","timestamp":"2026-07-07 16:26:53"}
{"clientVersion":"5.22.0","code":"P1001","level":"error","message":"Error inside background scheduler tick: \nInvalid `prisma.quiz.findMany()` invocation in\nD:\\Projects\\ProctorX\\Back-End\\src\\config\\scheduler.js:14:48\n\n  11 const now = new Date();\n  12 \n  13 // 1. Auto-start scheduled PENDING quizzes\n→ 14 const pendingQuizzes = await prisma.quiz.findMany(\nCan't reach database server at `ep-rapid-resonance-ao44cup4-pooler.c-2.ap-southeast-1.aws.neon.tech:5432`\n\nPlease make sure your database server is running at `ep-rapid-resonance-ao44cup4-pooler.c-2.ap-southeast-1.aws.neon.tech:5432`.","meta":{"database_host":"ep-rapid-resonance-ao44cup4-pooler.c-2.ap-southeast-1.aws.neon.tech","database_port":5432,"modelName":"Quiz"},"name":"PrismaClientKnownRequestError","service":"proctorx-backend","stack":"PrismaClientKnownRequestError: \nInvalid `prisma.quiz.findMany()` invocation in\nD:\\Projects\\ProctorX\\Back-End\\src\\config\\scheduler.js:14:48\n\n  11 const now = new Date();\n  12 \n  13 // 1. Auto-start scheduled PENDING quizzes\n→ 14 const pendingQuizzes = await prisma.quiz.findMany(\nCan't reach database server at `ep-rapid-resonance-ao44cup4-pooler.c-2.ap-southeast-1.aws.neon.tech:5432`\n\nPlease make sure your database server is running at `ep-rapid-resonance-ao44cup4-pooler.c-2.ap-southeast-1.aws.neon.tech:5432`.\n    at $n.handleRequestError (D:\\Projects\\ProctorX\\Back-End\\node_modules\\@prisma\\client\\runtime\\library.js:121:7315)\n    at $n.handleAndLogRequestError (D:\\Projects\\ProctorX\\Back-End\\node_modules\\@prisma\\client\\runtime\\library.js:121:6623)\n    at $n.request (D:\\Projects\\ProctorX\\Back-End\\node_modules\\@prisma\\client\\runtime\\library.js:121:6307)\n    at async l (D:\\Projects\\ProctorX\\Back-End\\node_modules\\@prisma\\client\\runtime\\library.js:130:9633)\n    at async Timeout._onTimeout (D:\\Projects\\ProctorX\\Back-End\\src\\config\\scheduler.js:14:30)","timestamp":"2026-07-07 16:27:03"}
{"clientVersion":"5.22.0","code":"P1001","level":"error","message":"Error inside background scheduler tick: \nInvalid `prisma.quiz.findMany()` invocation in\nD:\\Projects\\ProctorX\\Back-End\\src\\config\\scheduler.js:14:48\n\n  11 const now = new Date();\n  12 \n  13 // 1. Auto-start scheduled PENDING quizzes\n→ 14 const pendingQuizzes = await prisma.quiz.findMany(\nCan't reach database server at `ep-rapid-resonance-ao44cup4-pooler.c-2.ap-southeast-1.aws.neon.tech:5432`\n\nPlease make sure your database server is running at `ep-rapid-resonance-ao44cup4-pooler.c-2.ap-southeast-1.aws.neon.tech:5432`.","meta":{"database_host":"ep-rapid-resonance-ao44cup4-pooler.c-2.ap-southeast-1.aws.neon.tech","database_port":5432,"modelName":"Quiz"},"name":"PrismaClientKnownRequestError","service":"proctorx-backend","stack":"PrismaClientKnownRequestError: \nInvalid `prisma.quiz.findMany()` invocation in\nD:\\Projects\\ProctorX\\Back-End\\src\\config\\scheduler.js:14:48\n\n  11 const now = new Date();\n  12 \n  13 // 1. Auto-start scheduled PENDING quizzes\n→ 14 const pendingQuizzes = await prisma.quiz.findMany(\nCan't reach database server at `ep-rapid-resonance-ao44cup4-pooler.c-2.ap-southeast-1.aws.neon.tech:5432`\n\nPlease make sure your database server is running at `ep-rapid-resonance-ao44cup4-pooler.c-2.ap-southeast-1.aws.neon.tech:5432`.\n    at $n.handleRequestError (D:\\Projects\\ProctorX\\Back-End\\node_modules\\@prisma\\client\\runtime\\library.js:121:7315)\n    at $n.handleAndLogRequestError (D:\\Projects\\ProctorX\\Back-End\\node_modules\\@prisma\\client\\runtime\\library.js:121:6623)\n    at $n.request (D:\\Projects\\ProctorX\\Back-End\\node_modules\\@prisma\\client\\runtime\\library.js:121:6307)\n    at async l (D:\\Projects\\ProctorX\\Back-End\\node_modules\\@prisma\\client\\runtime\\library.js:130:9633)\n    at async Timeout._onTimeout (D:\\Projects\\ProctorX\\Back-End\\src\\config\\scheduler.js:14:30)","timestamp":"2026-07-07 16:27:13"}
{"clientVersion":"5.22.0","code":"P1001","level":"error","message":"Error inside background scheduler tick: \nInvalid `prisma.quiz.findMany()` invocation in\nD:\\Projects\\ProctorX\\Back-End\\src\\config\\scheduler.js:14:48\n\n  11 const now = new Date();\n  12 \n  13 // 1. Auto-start scheduled PENDING quizzes\n→ 14 const pendingQuizzes = await prisma.quiz.findMany(\nCan't reach database server at `ep-rapid-resonance-ao44cup4-pooler.c-2.ap-southeast-1.aws.neon.tech:5432`\n\nPlease make sure your database server is running at `ep-rapid-resonance-ao44cup4-pooler.c-2.ap-southeast-1.aws.neon.tech:5432`.","meta":{"database_host":"ep-rapid-resonance-ao44cup4-pooler.c-2.ap-southeast-1.aws.neon.tech","database_port":5432,"modelName":"Quiz"},"name":"PrismaClientKnownRequestError","service":"proctorx-backend","stack":"PrismaClientKnownRequestError: \nInvalid `prisma.quiz.findMany()` invocation in\nD:\\Projects\\ProctorX\\Back-End\\src\\config\\scheduler.js:14:48\n\n  11 const now = new Date();\n  12 \n  13 // 1. Auto-start scheduled PENDING quizzes\n→ 14 const pendingQuizzes = await prisma.quiz.findMany(\nCan't reach database server at `ep-rapid-resonance-ao44cup4-pooler.c-2.ap-southeast-1.aws.neon.tech:5432`\n\nPlease make sure your database server is running at `ep-rapid-resonance-ao44cup4-pooler.c-2.ap-southeast-1.aws.neon.tech:5432`.\n    at $n.handleRequestError (D:\\Projects\\ProctorX\\Back-End\\node_modules\\@prisma\\client\\runtime\\library.js:121:7315)\n    at $n.handleAndLogRequestError (D:\\Projects\\ProctorX\\Back-End\\node_modules\\@prisma\\client\\runtime\\library.js:121:6623)\n    at $n.request (D:\\Projects\\ProctorX\\Back-End\\node_modules\\@prisma\\client\\runtime\\library.js:121:6307)\n    at async l (D:\\Projects\\ProctorX\\Back-End\\node_modules\\@prisma\\client\\runtime\\library.js:130:9633)\n    at async Timeout._onTimeout (D:\\Projects\\ProctorX\\Back-End\\src\\config\\scheduler.js:14:30)","timestamp":"2026-07-07 16:27:23"}
{"clientVersion":"5.22.0","code":"P1001","level":"error","message":"Error inside background scheduler tick: \nInvalid `prisma.quiz.findMany()` invocation in\nD:\\Projects\\ProctorX\\Back-End\\src\\config\\scheduler.js:14:48\n\n  11 const now = new Date();\n  12 \n  13 // 1. Auto-start scheduled PENDING quizzes\n→ 14 const pendingQuizzes = await prisma.quiz.findMany(\nCan't reach database server at `ep-rapid-resonance-ao44cup4-pooler.c-2.ap-southeast-1.aws.neon.tech:5432`\n\nPlease make sure your database server is running at `ep-rapid-resonance-ao44cup4-pooler.c-2.ap-southeast-1.aws.neon.tech:5432`.","meta":{"database_host":"ep-rapid-resonance-ao44cup4-pooler.c-2.ap-southeast-1.aws.neon.tech","database_port":5432,"modelName":"Quiz"},"name":"PrismaClientKnownRequestError","service":"proctorx-backend","stack":"PrismaClientKnownRequestError: \nInvalid `prisma.quiz.findMany()` invocation in\nD:\\Projects\\ProctorX\\Back-End\\src\\config\\scheduler.js:14:48\n\n  11 const now = new Date();\n  12 \n  13 // 1. Auto-start scheduled PENDING quizzes\n→ 14 const pendingQuizzes = await prisma.quiz.findMany(\nCan't reach database server at `ep-rapid-resonance-ao44cup4-pooler.c-2.ap-southeast-1.aws.neon.tech:5432`\n\nPlease make sure your database server is running at `ep-rapid-resonance-ao44cup4-pooler.c-2.ap-southeast-1.aws.neon.tech:5432`.\n    at $n.handleRequestError (D:\\Projects\\ProctorX\\Back-End\\node_modules\\@prisma\\client\\runtime\\library.js:121:7315)\n    at $n.handleAndLogRequestError (D:\\Projects\\ProctorX\\Back-End\\node_modules\\@prisma\\client\\runtime\\library.js:121:6623)\n    at $n.request (D:\\Projects\\ProctorX\\Back-End\\node_modules\\@prisma\\client\\runtime\\library.js:121:6307)\n    at async l (D:\\Projects\\ProctorX\\Back-End\\node_modules\\@prisma\\client\\runtime\\library.js:130:9633)\n    at async Timeout._onTimeout (D:\\Projects\\ProctorX\\Back-End\\src\\config\\scheduler.js:14:30)","timestamp":"2026-07-07 16:27:33"}
{"clientVersion":"5.22.0","code":"P1001","level":"error","message":"Error inside background scheduler tick: \nInvalid `prisma.quiz.findMany()` invocation in\nD:\\Projects\\ProctorX\\Back-End\\src\\config\\scheduler.js:14:48\n\n  11 const now = new Date();\n  12 \n  13 // 1. Auto-start scheduled PENDING quizzes\n→ 14 const pendingQuizzes = await prisma.quiz.findMany(\nCan't reach database server at `ep-rapid-resonance-ao44cup4-pooler.c-2.ap-southeast-1.aws.neon.tech:5432`\n\nPlease make sure your database server is running at `ep-rapid-resonance-ao44cup4-pooler.c-2.ap-southeast-1.aws.neon.tech:5432`.","meta":{"database_host":"ep-rapid-resonance-ao44cup4-pooler.c-2.ap-southeast-1.aws.neon.tech","database_port":5432,"modelName":"Quiz"},"name":"PrismaClientKnownRequestError","service":"proctorx-backend","stack":"PrismaClientKnownRequestError: \nInvalid `prisma.quiz.findMany()` invocation in\nD:\\Projects\\ProctorX\\Back-End\\src\\config\\scheduler.js:14:48\n\n  11 const now = new Date();\n  12 \n  13 // 1. Auto-start scheduled PENDING quizzes\n→ 14 const pendingQuizzes = await prisma.quiz.findMany(\nCan't reach database server at `ep-rapid-resonance-ao44cup4-pooler.c-2.ap-southeast-1.aws.neon.tech:5432`\n\nPlease make sure your database server is running at `ep-rapid-resonance-ao44cup4-pooler.c-2.ap-southeast-1.aws.neon.tech:5432`.\n    at $n.handleRequestError (D:\\Projects\\ProctorX\\Back-End\\node_modules\\@prisma\\client\\runtime\\library.js:121:7315)\n    at $n.handleAndLogRequestError (D:\\Projects\\ProctorX\\Back-End\\node_modules\\@prisma\\client\\runtime\\library.js:121:6623)\n    at $n.request (D:\\Projects\\ProctorX\\Back-End\\node_modules\\@prisma\\client\\runtime\\library.js:121:6307)\n    at async l (D:\\Projects\\ProctorX\\Back-End\\node_modules\\@prisma\\client\\runtime\\library.js:130:9633)\n    at async Timeout._onTimeout (D:\\Projects\\ProctorX\\Back-End\\src\\config\\scheduler.js:14:30)","timestamp":"2026-07-07 16:27:43"}
{"clientVersion":"5.22.0","code":"P1001","level":"error","message":"Error inside background scheduler tick: \nInvalid `prisma.quiz.findMany()` invocation in\nD:\\Projects\\ProctorX\\Back-End\\src\\config\\scheduler.js:14:48\n\n  11 const now = new Date();\n  12 \n  13 // 1. Auto-start scheduled PENDING quizzes\n→ 14 const pendingQuizzes = await prisma.quiz.findMany(\nCan't reach database server at `ep-rapid-resonance-ao44cup4-pooler.c-2.ap-southeast-1.aws.neon.tech:5432`\n\nPlease make sure your database server is running at `ep-rapid-resonance-ao44cup4-pooler.c-2.ap-southeast-1.aws.neon.tech:5432`.","meta":{"database_host":"ep-rapid-resonance-ao44cup4-pooler.c-2.ap-southeast-1.aws.neon.tech","database_port":5432,"modelName":"Quiz"},"name":"PrismaClientKnownRequestError","service":"proctorx-backend","stack":"PrismaClientKnownRequestError: \nInvalid `prisma.quiz.findMany()` invocation in\nD:\\Projects\\ProctorX\\Back-End\\src\\config\\scheduler.js:14:48\n\n  11 const now = new Date();\n  12 \n  13 // 1. Auto-start scheduled PENDING quizzes\n→ 14 const pendingQuizzes = await prisma.quiz.findMany(\nCan't reach database server at `ep-rapid-resonance-ao44cup4-pooler.c-2.ap-southeast-1.aws.neon.tech:5432`\n\nPlease make sure your database server is running at `ep-rapid-resonance-ao44cup4-pooler.c-2.ap-southeast-1.aws.neon.tech:5432`.\n    at $n.handleRequestError (D:\\Projects\\ProctorX\\Back-End\\node_modules\\@prisma\\client\\runtime\\library.js:121:7315)\n    at $n.handleAndLogRequestError (D:\\Projects\\ProctorX\\Back-End\\node_modules\\@prisma\\client\\runtime\\library.js:121:6623)\n    at $n.request (D:\\Projects\\ProctorX\\Back-End\\node_modules\\@prisma\\client\\runtime\\library.js:121:6307)\n    at async l (D:\\Projects\\ProctorX\\Back-End\\node_modules\\@prisma\\client\\runtime\\library.js:130:9633)\n    at async Timeout._onTimeout (D:\\Projects\\ProctorX\\Back-End\\src\\config\\scheduler.js:14:30)","timestamp":"2026-07-07 16:27:53"}
{"clientVersion":"5.22.0","code":"P1001","level":"error","message":"Error inside background scheduler tick: \nInvalid `prisma.quiz.findMany()` invocation in\nD:\\Projects\\ProctorX\\Back-End\\src\\config\\scheduler.js:14:48\n\n  11 const now = new Date();\n  12 \n  13 // 1. Auto-start scheduled PENDING quizzes\n→ 14 const pendingQuizzes = await prisma.quiz.findMany(\nCan't reach database server at `ep-rapid-resonance-ao44cup4-pooler.c-2.ap-southeast-1.aws.neon.tech:5432`\n\nPlease make sure your database server is running at `ep-rapid-resonance-ao44cup4-pooler.c-2.ap-southeast-1.aws.neon.tech:5432`.","meta":{"database_host":"ep-rapid-resonance-ao44cup4-pooler.c-2.ap-southeast-1.aws.neon.tech","database_port":5432,"modelName":"Quiz"},"name":"PrismaClientKnownRequestError","service":"proctorx-backend","stack":"PrismaClientKnownRequestError: \nInvalid `prisma.quiz.findMany()` invocation in\nD:\\Projects\\ProctorX\\Back-End\\src\\config\\scheduler.js:14:48\n\n  11 const now = new Date();\n  12 \n  13 // 1. Auto-start scheduled PENDING quizzes\n→ 14 const pendingQuizzes = await prisma.quiz.findMany(\nCan't reach database server at `ep-rapid-resonance-ao44cup4-pooler.c-2.ap-southeast-1.aws.neon.tech:5432`\n\nPlease make sure your database server is running at `ep-rapid-resonance-ao44cup4-pooler.c-2.ap-southeast-1.aws.neon.tech:5432`.\n    at $n.handleRequestError (D:\\Projects\\ProctorX\\Back-End\\node_modules\\@prisma\\client\\runtime\\library.js:121:7315)\n    at $n.handleAndLogRequestError (D:\\Projects\\ProctorX\\Back-End\\node_modules\\@prisma\\client\\runtime\\library.js:121:6623)\n    at $n.request (D:\\Projects\\ProctorX\\Back-End\\node_modules\\@prisma\\client\\runtime\\library.js:121:6307)\n    at async l (D:\\Projects\\ProctorX\\Back-End\\node_modules\\@prisma\\client\\runtime\\library.js:130:9633)\n    at async Timeout._onTimeout (D:\\Projects\\ProctorX\\Back-End\\src\\config\\scheduler.js:14:30)","timestamp":"2026-07-07 16:28:03"}
{"clientVersion":"5.22.0","code":"P1001","level":"error","message":"Error inside background scheduler tick: \nInvalid `prisma.quiz.findMany()` invocation in\nD:\\Projects\\ProctorX\\Back-End\\src\\config\\scheduler.js:14:48\n\n  11 const now = new Date();\n  12 \n  13 // 1. Auto-start scheduled PENDING quizzes\n→ 14 const pendingQuizzes = await prisma.quiz.findMany(\nCan't reach database server at `ep-rapid-resonance-ao44cup4-pooler.c-2.ap-southeast-1.aws.neon.tech:5432`\n\nPlease make sure your database server is running at `ep-rapid-resonance-ao44cup4-pooler.c-2.ap-southeast-1.aws.neon.tech:5432`.","meta":{"database_host":"ep-rapid-resonance-ao44cup4-pooler.c-2.ap-southeast-1.aws.neon.tech","database_port":5432,"modelName":"Quiz"},"name":"PrismaClientKnownRequestError","service":"proctorx-backend","stack":"PrismaClientKnownRequestError: \nInvalid `prisma.quiz.findMany()` invocation in\nD:\\Projects\\ProctorX\\Back-End\\src\\config\\scheduler.js:14:48\n\n  11 const now = new Date();\n  12 \n  13 // 1. Auto-start scheduled PENDING quizzes\n→ 14 const pendingQuizzes = await prisma.quiz.findMany(\nCan't reach database server at `ep-rapid-resonance-ao44cup4-pooler.c-2.ap-southeast-1.aws.neon.tech:5432`\n\nPlease make sure your database server is running at `ep-rapid-resonance-ao44cup4-pooler.c-2.ap-southeast-1.aws.neon.tech:5432`.\n    at $n.handleRequestError (D:\\Projects\\ProctorX\\Back-End\\node_modules\\@prisma\\client\\runtime\\library.js:121:7315)\n    at $n.handleAndLogRequestError (D:\\Projects\\ProctorX\\Back-End\\node_modules\\@prisma\\client\\runtime\\library.js:121:6623)\n    at $n.request (D:\\Projects\\ProctorX\\Back-End\\node_modules\\@prisma\\client\\runtime\\library.js:121:6307)\n    at async l (D:\\Projects\\ProctorX\\Back-End\\node_modules\\@prisma\\client\\runtime\\library.js:130:9633)\n    at async Timeout._onTimeout (D:\\Projects\\ProctorX\\Back-End\\src\\config\\scheduler.js:14:30)","timestamp":"2026-07-07 16:28:13"}
{"clientVersion":"5.22.0","code":"P1001","level":"error","message":"Error inside background scheduler tick: \nInvalid `prisma.quiz.findMany()` invocation in\nD:\\Projects\\ProctorX\\Back-End\\src\\config\\scheduler.js:14:48\n\n  11 const now = new Date();\n  12 \n  13 // 1. Auto-start scheduled PENDING quizzes\n→ 14 const pendingQuizzes = await prisma.quiz.findMany(\nCan't reach database server at `ep-rapid-resonance-ao44cup4-pooler.c-2.ap-southeast-1.aws.neon.tech:5432`\n\nPlease make sure your database server is running at `ep-rapid-resonance-ao44cup4-pooler.c-2.ap-southeast-1.aws.neon.tech:5432`.","meta":{"database_host":"ep-rapid-resonance-ao44cup4-pooler.c-2.ap-southeast-1.aws.neon.tech","database_port":5432,"modelName":"Quiz"},"name":"PrismaClientKnownRequestError","service":"proctorx-backend","stack":"PrismaClientKnownRequestError: \nInvalid `prisma.quiz.findMany()` invocation in\nD:\\Projects\\ProctorX\\Back-End\\src\\config\\scheduler.js:14:48\n\n  11 const now = new Date();\n  12 \n  13 // 1. Auto-start scheduled PENDING quizzes\n→ 14 const pendingQuizzes = await prisma.quiz.findMany(\nCan't reach database server at `ep-rapid-resonance-ao44cup4-pooler.c-2.ap-southeast-1.aws.neon.tech:5432`\n\nPlease make sure your database server is running at `ep-rapid-resonance-ao44cup4-pooler.c-2.ap-southeast-1.aws.neon.tech:5432`.\n    at $n.handleRequestError (D:\\Projects\\ProctorX\\Back-End\\node_modules\\@prisma\\client\\runtime\\library.js:121:7315)\n    at $n.handleAndLogRequestError (D:\\Projects\\ProctorX\\Back-End\\node_modules\\@prisma\\client\\runtime\\library.js:121:6623)\n    at $n.request (D:\\Projects\\ProctorX\\Back-End\\node_modules\\@prisma\\client\\runtime\\library.js:121:6307)\n    at async l (D:\\Projects\\ProctorX\\Back-End\\node_modules\\@prisma\\client\\runtime\\library.js:130:9633)\n    at async Timeout._onTimeout (D:\\Projects\\ProctorX\\Back-End\\src\\config\\scheduler.js:14:30)","timestamp":"2026-07-07 16:28:23"}
{"clientVersion":"5.22.0","code":"P1001","level":"error","message":"Error inside background scheduler tick: \nInvalid `prisma.quiz.findMany()` invocation in\nD:\\Projects\\ProctorX\\Back-End\\src\\config\\scheduler.js:14:48\n\n  11 const now = new Date();\n  12 \n  13 // 1. Auto-start scheduled PENDING quizzes\n→ 14 const pendingQuizzes = await prisma.quiz.findMany(\nCan't reach database server at `ep-rapid-resonance-ao44cup4-pooler.c-2.ap-southeast-1.aws.neon.tech:5432`\n\nPlease make sure your database server is running at `ep-rapid-resonance-ao44cup4-pooler.c-2.ap-southeast-1.aws.neon.tech:5432`.","meta":{"database_host":"ep-rapid-resonance-ao44cup4-pooler.c-2.ap-southeast-1.aws.neon.tech","database_port":5432,"modelName":"Quiz"},"name":"PrismaClientKnownRequestError","service":"proctorx-backend","stack":"PrismaClientKnownRequestError: \nInvalid `prisma.quiz.findMany()` invocation in\nD:\\Projects\\ProctorX\\Back-End\\src\\config\\scheduler.js:14:48\n\n  11 const now = new Date();\n  12 \n  13 // 1. Auto-start scheduled PENDING quizzes\n→ 14 const pendingQuizzes = await prisma.quiz.findMany(\nCan't reach database server at `ep-rapid-resonance-ao44cup4-pooler.c-2.ap-southeast-1.aws.neon.tech:5432`\n\nPlease make sure your database server is running at `ep-rapid-resonance-ao44cup4-pooler.c-2.ap-southeast-1.aws.neon.tech:5432`.\n    at $n.handleRequestError (D:\\Projects\\ProctorX\\Back-End\\node_modules\\@prisma\\client\\runtime\\library.js:121:7315)\n    at $n.handleAndLogRequestError (D:\\Projects\\ProctorX\\Back-End\\node_modules\\@prisma\\client\\runtime\\library.js:121:6623)\n    at $n.request (D:\\Projects\\ProctorX\\Back-End\\node_modules\\@prisma\\client\\runtime\\library.js:121:6307)\n    at async l (D:\\Projects\\ProctorX\\Back-End\\node_modules\\@prisma\\client\\runtime\\library.js:130:9633)\n    at async Timeout._onTimeout (D:\\Projects\\ProctorX\\Back-End\\src\\config\\scheduler.js:14:30)","timestamp":"2026-07-07 16:28:33"}
{"clientVersion":"5.22.0","code":"P1001","level":"error","message":"Error inside background scheduler tick: \nInvalid `prisma.quiz.findMany()` invocation in\nD:\\Projects\\ProctorX\\Back-End\\src\\config\\scheduler.js:14:48\n\n  11 const now = new Date();\n  12 \n  13 // 1. Auto-start scheduled PENDING quizzes\n→ 14 const pendingQuizzes = await prisma.quiz.findMany(\nCan't reach database server at `ep-rapid-resonance-ao44cup4-pooler.c-2.ap-southeast-1.aws.neon.tech:5432`\n\nPlease make sure your database server is running at `ep-rapid-resonance-ao44cup4-pooler.c-2.ap-southeast-1.aws.neon.tech:5432`.","meta":{"database_host":"ep-rapid-resonance-ao44cup4-pooler.c-2.ap-southeast-1.aws.neon.tech","database_port":5432,"modelName":"Quiz"},"name":"PrismaClientKnownRequestError","service":"proctorx-backend","stack":"PrismaClientKnownRequestError: \nInvalid `prisma.quiz.findMany()` invocation in\nD:\\Projects\\ProctorX\\Back-End\\src\\config\\scheduler.js:14:48\n\n  11 const now = new Date();\n  12 \n  13 // 1. Auto-start scheduled PENDING quizzes\n→ 14 const pendingQuizzes = await prisma.quiz.findMany(\nCan't reach database server at `ep-rapid-resonance-ao44cup4-pooler.c-2.ap-southeast-1.aws.neon.tech:5432`\n\nPlease make sure your database server is running at `ep-rapid-resonance-ao44cup4-pooler.c-2.ap-southeast-1.aws.neon.tech:5432`.\n    at $n.handleRequestError (D:\\Projects\\ProctorX\\Back-End\\node_modules\\@prisma\\client\\runtime\\library.js:121:7315)\n    at $n.handleAndLogRequestError (D:\\Projects\\ProctorX\\Back-End\\node_modules\\@prisma\\client\\runtime\\library.js:121:6623)\n    at $n.request (D:\\Projects\\ProctorX\\Back-End\\node_modules\\@prisma\\client\\runtime\\library.js:121:6307)\n    at async l (D:\\Projects\\ProctorX\\Back-End\\node_modules\\@prisma\\client\\runtime\\library.js:130:9633)\n    at async Timeout._onTimeout (D:\\Projects\\ProctorX\\Back-End\\src\\config\\scheduler.js:14:30)","timestamp":"2026-07-07 16:28:43"}
{"clientVersion":"5.22.0","code":"P1001","level":"error","message":"Error inside background scheduler tick: \nInvalid `prisma.quiz.findMany()` invocation in\nD:\\Projects\\ProctorX\\Back-End\\src\\config\\scheduler.js:14:48\n\n  11 const now = new Date();\n  12 \n  13 // 1. Auto-start scheduled PENDING quizzes\n→ 14 const pendingQuizzes = await prisma.quiz.findMany(\nCan't reach database server at `ep-rapid-resonance-ao44cup4-pooler.c-2.ap-southeast-1.aws.neon.tech:5432`\n\nPlease make sure your database server is running at `ep-rapid-resonance-ao44cup4-pooler.c-2.ap-southeast-1.aws.neon.tech:5432`.","meta":{"database_host":"ep-rapid-resonance-ao44cup4-pooler.c-2.ap-southeast-1.aws.neon.tech","database_port":5432,"modelName":"Quiz"},"name":"PrismaClientKnownRequestError","service":"proctorx-backend","stack":"PrismaClientKnownRequestError: \nInvalid `prisma.quiz.findMany()` invocation in\nD:\\Projects\\ProctorX\\Back-End\\src\\config\\scheduler.js:14:48\n\n  11 const now = new Date();\n  12 \n  13 // 1. Auto-start scheduled PENDING quizzes\n→ 14 const pendingQuizzes = await prisma.quiz.findMany(\nCan't reach database server at `ep-rapid-resonance-ao44cup4-pooler.c-2.ap-southeast-1.aws.neon.tech:5432`\n\nPlease make sure your database server is running at `ep-rapid-resonance-ao44cup4-pooler.c-2.ap-southeast-1.aws.neon.tech:5432`.\n    at $n.handleRequestError (D:\\Projects\\ProctorX\\Back-End\\node_modules\\@prisma\\client\\runtime\\library.js:121:7315)\n    at $n.handleAndLogRequestError (D:\\Projects\\ProctorX\\Back-End\\node_modules\\@prisma\\client\\runtime\\library.js:121:6623)\n    at $n.request (D:\\Projects\\ProctorX\\Back-End\\node_modules\\@prisma\\client\\runtime\\library.js:121:6307)\n    at async l (D:\\Projects\\ProctorX\\Back-End\\node_modules\\@prisma\\client\\runtime\\library.js:130:9633)\n    at async Timeout._onTimeout (D:\\Projects\\ProctorX\\Back-End\\src\\config\\scheduler.js:14:30)","timestamp":"2026-07-07 16:28:53"}
{"clientVersion":"5.22.0","code":"P1001","level":"error","message":"Error inside background scheduler tick: \nInvalid `prisma.quiz.findMany()` invocation in\nD:\\Projects\\ProctorX\\Back-End\\src\\config\\scheduler.js:14:48\n\n  11 const now = new Date();\n  12 \n  13 // 1. Auto-start scheduled PENDING quizzes\n→ 14 const pendingQuizzes = await prisma.quiz.findMany(\nCan't reach database server at `ep-rapid-resonance-ao44cup4-pooler.c-2.ap-southeast-1.aws.neon.tech:5432`\n\nPlease make sure your database server is running at `ep-rapid-resonance-ao44cup4-pooler.c-2.ap-southeast-1.aws.neon.tech:5432`.","meta":{"database_host":"ep-rapid-resonance-ao44cup4-pooler.c-2.ap-southeast-1.aws.neon.tech","database_port":5432,"modelName":"Quiz"},"name":"PrismaClientKnownRequestError","service":"proctorx-backend","stack":"PrismaClientKnownRequestError: \nInvalid `prisma.quiz.findMany()` invocation in\nD:\\Projects\\ProctorX\\Back-End\\src\\config\\scheduler.js:14:48\n\n  11 const now = new Date();\n  12 \n  13 // 1. Auto-start scheduled PENDING quizzes\n→ 14 const pendingQuizzes = await prisma.quiz.findMany(\nCan't reach database server at `ep-rapid-resonance-ao44cup4-pooler.c-2.ap-southeast-1.aws.neon.tech:5432`\n\nPlease make sure your database server is running at `ep-rapid-resonance-ao44cup4-pooler.c-2.ap-southeast-1.aws.neon.tech:5432`.\n    at $n.handleRequestError (D:\\Projects\\ProctorX\\Back-End\\node_modules\\@prisma\\client\\runtime\\library.js:121:7315)\n    at $n.handleAndLogRequestError (D:\\Projects\\ProctorX\\Back-End\\node_modules\\@prisma\\client\\runtime\\library.js:121:6623)\n    at $n.request (D:\\Projects\\ProctorX\\Back-End\\node_modules\\@prisma\\client\\runtime\\library.js:121:6307)\n    at async l (D:\\Projects\\ProctorX\\Back-End\\node_modules\\@prisma\\client\\runtime\\library.js:130:9633)\n    at async Timeout._onTimeout (D:\\Projects\\ProctorX\\Back-End\\src\\config\\scheduler.js:14:30)","timestamp":"2026-07-07 16:29:03"}
{"clientVersion":"5.22.0","code":"P1001","level":"error","message":"Error inside background scheduler tick: \nInvalid `prisma.quiz.findMany()` invocation in\nD:\\Projects\\ProctorX\\Back-End\\src\\config\\scheduler.js:14:48\n\n  11 const now = new Date();\n  12 \n  13 // 1. Auto-start scheduled PENDING quizzes\n→ 14 const pendingQuizzes = await prisma.quiz.findMany(\nCan't reach database server at `ep-rapid-resonance-ao44cup4-pooler.c-2.ap-southeast-1.aws.neon.tech:5432`\n\nPlease make sure your database server is running at `ep-rapid-resonance-ao44cup4-pooler.c-2.ap-southeast-1.aws.neon.tech:5432`.","meta":{"database_host":"ep-rapid-resonance-ao44cup4-pooler.c-2.ap-southeast-1.aws.neon.tech","database_port":5432,"modelName":"Quiz"},"name":"PrismaClientKnownRequestError","service":"proctorx-backend","stack":"PrismaClientKnownRequestError: \nInvalid `prisma.quiz.findMany()` invocation in\nD:\\Projects\\ProctorX\\Back-End\\src\\config\\scheduler.js:14:48\n\n  11 const now = new Date();\n  12 \n  13 // 1. Auto-start scheduled PENDING quizzes\n→ 14 const pendingQuizzes = await prisma.quiz.findMany(\nCan't reach database server at `ep-rapid-resonance-ao44cup4-pooler.c-2.ap-southeast-1.aws.neon.tech:5432`\n\nPlease make sure your database server is running at `ep-rapid-resonance-ao44cup4-pooler.c-2.ap-southeast-1.aws.neon.tech:5432`.\n    at $n.handleRequestError (D:\\Projects\\ProctorX\\Back-End\\node_modules\\@prisma\\client\\runtime\\library.js:121:7315)\n    at $n.handleAndLogRequestError (D:\\Projects\\ProctorX\\Back-End\\node_modules\\@prisma\\client\\runtime\\library.js:121:6623)\n    at $n.request (D:\\Projects\\ProctorX\\Back-End\\node_modules\\@prisma\\client\\runtime\\library.js:121:6307)\n    at async l (D:\\Projects\\ProctorX\\Back-End\\node_modules\\@prisma\\client\\runtime\\library.js:130:9633)\n    at async Timeout._onTimeout (D:\\Projects\\ProctorX\\Back-End\\src\\config\\scheduler.js:14:30)","timestamp":"2026-07-07 16:29:13"}
{"clientVersion":"5.22.0","code":"P1001","level":"error","message":"Error inside background scheduler tick: \nInvalid `prisma.quiz.findMany()` invocation in\nD:\\Projects\\ProctorX\\Back-End\\src\\config\\scheduler.js:14:48\n\n  11 const now = new Date();\n  12 \n  13 // 1. Auto-start scheduled PENDING quizzes\n→ 14 const pendingQuizzes = await prisma.quiz.findMany(\nCan't reach database server at `ep-rapid-resonance-ao44cup4-pooler.c-2.ap-southeast-1.aws.neon.tech:5432`\n\nPlease make sure your database server is running at `ep-rapid-resonance-ao44cup4-pooler.c-2.ap-southeast-1.aws.neon.tech:5432`.","meta":{"database_host":"ep-rapid-resonance-ao44cup4-pooler.c-2.ap-southeast-1.aws.neon.tech","database_port":5432,"modelName":"Quiz"},"name":"PrismaClientKnownRequestError","service":"proctorx-backend","stack":"PrismaClientKnownRequestError: \nInvalid `prisma.quiz.findMany()` invocation in\nD:\\Projects\\ProctorX\\Back-End\\src\\config\\scheduler.js:14:48\n\n  11 const now = new Date();\n  12 \n  13 // 1. Auto-start scheduled PENDING quizzes\n→ 14 const pendingQuizzes = await prisma.quiz.findMany(\nCan't reach database server at `ep-rapid-resonance-ao44cup4-pooler.c-2.ap-southeast-1.aws.neon.tech:5432`\n\nPlease make sure your database server is running at `ep-rapid-resonance-ao44cup4-pooler.c-2.ap-southeast-1.aws.neon.tech:5432`.\n    at $n.handleRequestError (D:\\Projects\\ProctorX\\Back-End\\node_modules\\@prisma\\client\\runtime\\library.js:121:7315)\n    at $n.handleAndLogRequestError (D:\\Projects\\ProctorX\\Back-End\\node_modules\\@prisma\\client\\runtime\\library.js:121:6623)\n    at $n.request (D:\\Projects\\ProctorX\\Back-End\\node_modules\\@prisma\\client\\runtime\\library.js:121:6307)\n    at async l (D:\\Projects\\ProctorX\\Back-End\\node_modules\\@prisma\\client\\runtime\\library.js:130:9633)\n    at async Timeout._onTimeout (D:\\Projects\\ProctorX\\Back-End\\src\\config\\scheduler.js:14:30)","timestamp":"2026-07-07 16:29:23"}
{"clientVersion":"5.22.0","code":"P1001","level":"error","message":"Error inside background scheduler tick: \nInvalid `prisma.quiz.findMany()` invocation in\nD:\\Projects\\ProctorX\\Back-End\\src\\config\\scheduler.js:14:48\n\n  11 const now = new Date();\n  12 \n  13 // 1. Auto-start scheduled PENDING quizzes\n→ 14 const pendingQuizzes = await prisma.quiz.findMany(\nCan't reach database server at `ep-rapid-resonance-ao44cup4-pooler.c-2.ap-southeast-1.aws.neon.tech:5432`\n\nPlease make sure your database server is running at `ep-rapid-resonance-ao44cup4-pooler.c-2.ap-southeast-1.aws.neon.tech:5432`.","meta":{"database_host":"ep-rapid-resonance-ao44cup4-pooler.c-2.ap-southeast-1.aws.neon.tech","database_port":5432,"modelName":"Quiz"},"name":"PrismaClientKnownRequestError","service":"proctorx-backend","stack":"PrismaClientKnownRequestError: \nInvalid `prisma.quiz.findMany()` invocation in\nD:\\Projects\\ProctorX\\Back-End\\src\\config\\scheduler.js:14:48\n\n  11 const now = new Date();\n  12 \n  13 // 1. Auto-start scheduled PENDING quizzes\n→ 14 const pendingQuizzes = await prisma.quiz.findMany(\nCan't reach database server at `ep-rapid-resonance-ao44cup4-pooler.c-2.ap-southeast-1.aws.neon.tech:5432`\n\nPlease make sure your database server is running at `ep-rapid-resonance-ao44cup4-pooler.c-2.ap-southeast-1.aws.neon.tech:5432`.\n    at $n.handleRequestError (D:\\Projects\\ProctorX\\Back-End\\node_modules\\@prisma\\client\\runtime\\library.js:121:7315)\n    at $n.handleAndLogRequestError (D:\\Projects\\ProctorX\\Back-End\\node_modules\\@prisma\\client\\runtime\\library.js:121:6623)\n    at $n.request (D:\\Projects\\ProctorX\\Back-End\\node_modules\\@prisma\\client\\runtime\\library.js:121:6307)\n    at async l (D:\\Projects\\ProctorX\\Back-End\\node_modules\\@prisma\\client\\runtime\\library.js:130:9633)\n    at async Timeout._onTimeout (D:\\Projects\\ProctorX\\Back-End\\src\\config\\scheduler.js:14:30)","timestamp":"2026-07-07 16:29:34"}
{"clientVersion":"5.22.0","code":"P1001","level":"error","message":"Error inside background scheduler tick: \nInvalid `prisma.quiz.findMany()` invocation in\nD:\\Projects\\ProctorX\\Back-End\\src\\config\\scheduler.js:14:48\n\n  11 const now = new Date();\n  12 \n  13 // 1. Auto-start scheduled PENDING quizzes\n→ 14 const pendingQuizzes = await prisma.quiz.findMany(\nCan't reach database server at `ep-rapid-resonance-ao44cup4-pooler.c-2.ap-southeast-1.aws.neon.tech:5432`\n\nPlease make sure your database server is running at `ep-rapid-resonance-ao44cup4-pooler.c-2.ap-southeast-1.aws.neon.tech:5432`.","meta":{"database_host":"ep-rapid-resonance-ao44cup4-pooler.c-2.ap-southeast-1.aws.neon.tech","database_port":5432,"modelName":"Quiz"},"name":"PrismaClientKnownRequestError","service":"proctorx-backend","stack":"PrismaClientKnownRequestError: \nInvalid `prisma.quiz.findMany()` invocation in\nD:\\Projects\\ProctorX\\Back-End\\src\\config\\scheduler.js:14:48\n\n  11 const now = new Date();\n  12 \n  13 // 1. Auto-start scheduled PENDING quizzes\n→ 14 const pendingQuizzes = await prisma.quiz.findMany(\nCan't reach database server at `ep-rapid-resonance-ao44cup4-pooler.c-2.ap-southeast-1.aws.neon.tech:5432`\n\nPlease make sure your database server is running at `ep-rapid-resonance-ao44cup4-pooler.c-2.ap-southeast-1.aws.neon.tech:5432`.\n    at $n.handleRequestError (D:\\Projects\\ProctorX\\Back-End\\node_modules\\@prisma\\client\\runtime\\library.js:121:7315)\n    at $n.handleAndLogRequestError (D:\\Projects\\ProctorX\\Back-End\\node_modules\\@prisma\\client\\runtime\\library.js:121:6623)\n    at $n.request (D:\\Projects\\ProctorX\\Back-End\\node_modules\\@prisma\\client\\runtime\\library.js:121:6307)\n    at async l (D:\\Projects\\ProctorX\\Back-End\\node_modules\\@prisma\\client\\runtime\\library.js:130:9633)\n    at async Timeout._onTimeout (D:\\Projects\\ProctorX\\Back-End\\src\\config\\scheduler.js:14:30)","timestamp":"2026-07-07 16:29:44"}
{"clientVersion":"5.22.0","code":"P1001","level":"error","message":"Error inside background scheduler tick: \nInvalid `prisma.quiz.findMany()` invocation in\nD:\\Projects\\ProctorX\\Back-End\\src\\config\\scheduler.js:14:48\n\n  11 const now = new Date();\n  12 \n  13 // 1. Auto-start scheduled PENDING quizzes\n→ 14 const pendingQuizzes = await prisma.quiz.findMany(\nCan't reach database server at `ep-rapid-resonance-ao44cup4-pooler.c-2.ap-southeast-1.aws.neon.tech:5432`\n\nPlease make sure your database server is running at `ep-rapid-resonance-ao44cup4-pooler.c-2.ap-southeast-1.aws.neon.tech:5432`.","meta":{"database_host":"ep-rapid-resonance-ao44cup4-pooler.c-2.ap-southeast-1.aws.neon.tech","database_port":5432,"modelName":"Quiz"},"name":"PrismaClientKnownRequestError","service":"proctorx-backend","stack":"PrismaClientKnownRequestError: \nInvalid `prisma.quiz.findMany()` invocation in\nD:\\Projects\\ProctorX\\Back-End\\src\\config\\scheduler.js:14:48\n\n  11 const now = new Date();\n  12 \n  13 // 1. Auto-start scheduled PENDING quizzes\n→ 14 const pendingQuizzes = await prisma.quiz.findMany(\nCan't reach database server at `ep-rapid-resonance-ao44cup4-pooler.c-2.ap-southeast-1.aws.neon.tech:5432`\n\nPlease make sure your database server is running at `ep-rapid-resonance-ao44cup4-pooler.c-2.ap-southeast-1.aws.neon.tech:5432`.\n    at $n.handleRequestError (D:\\Projects\\ProctorX\\Back-End\\node_modules\\@prisma\\client\\runtime\\library.js:121:7315)\n    at $n.handleAndLogRequestError (D:\\Projects\\ProctorX\\Back-End\\node_modules\\@prisma\\client\\runtime\\library.js:121:6623)\n    at $n.request (D:\\Projects\\ProctorX\\Back-End\\node_modules\\@prisma\\client\\runtime\\library.js:121:6307)\n    at async l (D:\\Projects\\ProctorX\\Back-End\\node_modules\\@prisma\\client\\runtime\\library.js:130:9633)\n    at async Timeout._onTimeout (D:\\Projects\\ProctorX\\Back-End\\src\\config\\scheduler.js:14:30)","timestamp":"2026-07-07 16:29:54"}
{"clientVersion":"5.22.0","code":"P1001","level":"error","message":"Error inside background scheduler tick: \nInvalid `prisma.quiz.findMany()` invocation in\nD:\\Projects\\ProctorX\\Back-End\\src\\config\\scheduler.js:14:48\n\n  11 const now = new Date();\n  12 \n  13 // 1. Auto-start scheduled PENDING quizzes\n→ 14 const pendingQuizzes = await prisma.quiz.findMany(\nCan't reach database server at `ep-rapid-resonance-ao44cup4-pooler.c-2.ap-southeast-1.aws.neon.tech:5432`\n\nPlease make sure your database server is running at `ep-rapid-resonance-ao44cup4-pooler.c-2.ap-southeast-1.aws.neon.tech:5432`.","meta":{"database_host":"ep-rapid-resonance-ao44cup4-pooler.c-2.ap-southeast-1.aws.neon.tech","database_port":5432,"modelName":"Quiz"},"name":"PrismaClientKnownRequestError","service":"proctorx-backend","stack":"PrismaClientKnownRequestError: \nInvalid `prisma.quiz.findMany()` invocation in\nD:\\Projects\\ProctorX\\Back-End\\src\\config\\scheduler.js:14:48\n\n  11 const now = new Date();\n  12 \n  13 // 1. Auto-start scheduled PENDING quizzes\n→ 14 const pendingQuizzes = await prisma.quiz.findMany(\nCan't reach database server at `ep-rapid-resonance-ao44cup4-pooler.c-2.ap-southeast-1.aws.neon.tech:5432`\n\nPlease make sure your database server is running at `ep-rapid-resonance-ao44cup4-pooler.c-2.ap-southeast-1.aws.neon.tech:5432`.\n    at $n.handleRequestError (D:\\Projects\\ProctorX\\Back-End\\node_modules\\@prisma\\client\\runtime\\library.js:121:7315)\n    at $n.handleAndLogRequestError (D:\\Projects\\ProctorX\\Back-End\\node_modules\\@prisma\\client\\runtime\\library.js:121:6623)\n    at $n.request (D:\\Projects\\ProctorX\\Back-End\\node_modules\\@prisma\\client\\runtime\\library.js:121:6307)\n    at async l (D:\\Projects\\ProctorX\\Back-End\\node_modules\\@prisma\\client\\runtime\\library.js:130:9633)\n    at async Timeout._onTimeout (D:\\Projects\\ProctorX\\Back-End\\src\\config\\scheduler.js:14:30)","timestamp":"2026-07-07 16:30:04"}
{"clientVersion":"5.22.0","code":"P1001","level":"error","message":"Error inside background scheduler tick: \nInvalid `prisma.quiz.findMany()` invocation in\nD:\\Projects\\ProctorX\\Back-End\\src\\config\\scheduler.js:14:48\n\n  11 const now = new Date();\n  12 \n  13 // 1. Auto-start scheduled PENDING quizzes\n→ 14 const pendingQuizzes = await prisma.quiz.findMany(\nCan't reach database server at `ep-rapid-resonance-ao44cup4-pooler.c-2.ap-southeast-1.aws.neon.tech:5432`\n\nPlease make sure your database server is running at `ep-rapid-resonance-ao44cup4-pooler.c-2.ap-southeast-1.aws.neon.tech:5432`.","meta":{"database_host":"ep-rapid-resonance-ao44cup4-pooler.c-2.ap-southeast-1.aws.neon.tech","database_port":5432,"modelName":"Quiz"},"name":"PrismaClientKnownRequestError","service":"proctorx-backend","stack":"PrismaClientKnownRequestError: \nInvalid `prisma.quiz.findMany()` invocation in\nD:\\Projects\\ProctorX\\Back-End\\src\\config\\scheduler.js:14:48\n\n  11 const now = new Date();\n  12 \n  13 // 1. Auto-start scheduled PENDING quizzes\n→ 14 const pendingQuizzes = await prisma.quiz.findMany(\nCan't reach database server at `ep-rapid-resonance-ao44cup4-pooler.c-2.ap-southeast-1.aws.neon.tech:5432`\n\nPlease make sure your database server is running at `ep-rapid-resonance-ao44cup4-pooler.c-2.ap-southeast-1.aws.neon.tech:5432`.\n    at $n.handleRequestError (D:\\Projects\\ProctorX\\Back-End\\node_modules\\@prisma\\client\\runtime\\library.js:121:7315)\n    at $n.handleAndLogRequestError (D:\\Projects\\ProctorX\\Back-End\\node_modules\\@prisma\\client\\runtime\\library.js:121:6623)\n    at $n.request (D:\\Projects\\ProctorX\\Back-End\\node_modules\\@prisma\\client\\runtime\\library.js:121:6307)\n    at async l (D:\\Projects\\ProctorX\\Back-End\\node_modules\\@prisma\\client\\runtime\\library.js:130:9633)\n    at async Timeout._onTimeout (D:\\Projects\\ProctorX\\Back-End\\src\\config\\scheduler.js:14:30)","timestamp":"2026-07-07 16:30:14"}
{"clientVersion":"5.22.0","code":"P1001","level":"error","message":"Error inside background scheduler tick: \nInvalid `prisma.quiz.findMany()` invocation in\nD:\\Projects\\ProctorX\\Back-End\\src\\config\\scheduler.js:14:48\n\n  11 const now = new Date();\n  12 \n  13 // 1. Auto-start scheduled PENDING quizzes\n→ 14 const pendingQuizzes = await prisma.quiz.findMany(\nCan't reach database server at `ep-rapid-resonance-ao44cup4-pooler.c-2.ap-southeast-1.aws.neon.tech:5432`\n\nPlease make sure your database server is running at `ep-rapid-resonance-ao44cup4-pooler.c-2.ap-southeast-1.aws.neon.tech:5432`.","meta":{"database_host":"ep-rapid-resonance-ao44cup4-pooler.c-2.ap-southeast-1.aws.neon.tech","database_port":5432,"modelName":"Quiz"},"name":"PrismaClientKnownRequestError","service":"proctorx-backend","stack":"PrismaClientKnownRequestError: \nInvalid `prisma.quiz.findMany()` invocation in\nD:\\Projects\\ProctorX\\Back-End\\src\\config\\scheduler.js:14:48\n\n  11 const now = new Date();\n  12 \n  13 // 1. Auto-start scheduled PENDING quizzes\n→ 14 const pendingQuizzes = await prisma.quiz.findMany(\nCan't reach database server at `ep-rapid-resonance-ao44cup4-pooler.c-2.ap-southeast-1.aws.neon.tech:5432`\n\nPlease make sure your database server is running at `ep-rapid-resonance-ao44cup4-pooler.c-2.ap-southeast-1.aws.neon.tech:5432`.\n    at $n.handleRequestError (D:\\Projects\\ProctorX\\Back-End\\node_modules\\@prisma\\client\\runtime\\library.js:121:7315)\n    at $n.handleAndLogRequestError (D:\\Projects\\ProctorX\\Back-End\\node_modules\\@prisma\\client\\runtime\\library.js:121:6623)\n    at $n.request (D:\\Projects\\ProctorX\\Back-End\\node_modules\\@prisma\\client\\runtime\\library.js:121:6307)\n    at async l (D:\\Projects\\ProctorX\\Back-End\\node_modules\\@prisma\\client\\runtime\\library.js:130:9633)\n    at async Timeout._onTimeout (D:\\Projects\\ProctorX\\Back-End\\src\\config\\scheduler.js:14:30)","timestamp":"2026-07-07 16:30:24"}
{"clientVersion":"5.22.0","code":"P1001","level":"error","message":"Error inside background scheduler tick: \nInvalid `prisma.quiz.findMany()` invocation in\nD:\\Projects\\ProctorX\\Back-End\\src\\config\\scheduler.js:14:48\n\n  11 const now = new Date();\n  12 \n  13 // 1. Auto-start scheduled PENDING quizzes\n→ 14 const pendingQuizzes = await prisma.quiz.findMany(\nCan't reach database server at `ep-rapid-resonance-ao44cup4-pooler.c-2.ap-southeast-1.aws.neon.tech:5432`\n\nPlease make sure your database server is running at `ep-rapid-resonance-ao44cup4-pooler.c-2.ap-southeast-1.aws.neon.tech:5432`.","meta":{"database_host":"ep-rapid-resonance-ao44cup4-pooler.c-2.ap-southeast-1.aws.neon.tech","database_port":5432,"modelName":"Quiz"},"name":"PrismaClientKnownRequestError","service":"proctorx-backend","stack":"PrismaClientKnownRequestError: \nInvalid `prisma.quiz.findMany()` invocation in\nD:\\Projects\\ProctorX\\Back-End\\src\\config\\scheduler.js:14:48\n\n  11 const now = new Date();\n  12 \n  13 // 1. Auto-start scheduled PENDING quizzes\n→ 14 const pendingQuizzes = await prisma.quiz.findMany(\nCan't reach database server at `ep-rapid-resonance-ao44cup4-pooler.c-2.ap-southeast-1.aws.neon.tech:5432`\n\nPlease make sure your database server is running at `ep-rapid-resonance-ao44cup4-pooler.c-2.ap-southeast-1.aws.neon.tech:5432`.\n    at $n.handleRequestError (D:\\Projects\\ProctorX\\Back-End\\node_modules\\@prisma\\client\\runtime\\library.js:121:7315)\n    at $n.handleAndLogRequestError (D:\\Projects\\ProctorX\\Back-End\\node_modules\\@prisma\\client\\runtime\\library.js:121:6623)\n    at $n.request (D:\\Projects\\ProctorX\\Back-End\\node_modules\\@prisma\\client\\runtime\\library.js:121:6307)\n    at async l (D:\\Projects\\ProctorX\\Back-End\\node_modules\\@prisma\\client\\runtime\\library.js:130:9633)\n    at async Timeout._onTimeout (D:\\Projects\\ProctorX\\Back-End\\src\\config\\scheduler.js:14:30)","timestamp":"2026-07-07 16:30:34"}
{"clientVersion":"5.22.0","code":"P1001","level":"error","message":"Error inside background scheduler tick: \nInvalid `prisma.quiz.findMany()` invocation in\nD:\\Projects\\ProctorX\\Back-End\\src\\config\\scheduler.js:14:48\n\n  11 const now = new Date();\n  12 \n  13 // 1. Auto-start scheduled PENDING quizzes\n→ 14 const pendingQuizzes = await prisma.quiz.findMany(\nCan't reach database server at `ep-rapid-resonance-ao44cup4-pooler.c-2.ap-southeast-1.aws.neon.tech:5432`\n\nPlease make sure your database server is running at `ep-rapid-resonance-ao44cup4-pooler.c-2.ap-southeast-1.aws.neon.tech:5432`.","meta":{"database_host":"ep-rapid-resonance-ao44cup4-pooler.c-2.ap-southeast-1.aws.neon.tech","database_port":5432,"modelName":"Quiz"},"name":"PrismaClientKnownRequestError","service":"proctorx-backend","stack":"PrismaClientKnownRequestError: \nInvalid `prisma.quiz.findMany()` invocation in\nD:\\Projects\\ProctorX\\Back-End\\src\\config\\scheduler.js:14:48\n\n  11 const now = new Date();\n  12 \n  13 // 1. Auto-start scheduled PENDING quizzes\n→ 14 const pendingQuizzes = await prisma.quiz.findMany(\nCan't reach database server at `ep-rapid-resonance-ao44cup4-pooler.c-2.ap-southeast-1.aws.neon.tech:5432`\n\nPlease make sure your database server is running at `ep-rapid-resonance-ao44cup4-pooler.c-2.ap-southeast-1.aws.neon.tech:5432`.\n    at $n.handleRequestError (D:\\Projects\\ProctorX\\Back-End\\node_modules\\@prisma\\client\\runtime\\library.js:121:7315)\n    at $n.handleAndLogRequestError (D:\\Projects\\ProctorX\\Back-End\\node_modules\\@prisma\\client\\runtime\\library.js:121:6623)\n    at $n.request (D:\\Projects\\ProctorX\\Back-End\\node_modules\\@prisma\\client\\runtime\\library.js:121:6307)\n    at async l (D:\\Projects\\ProctorX\\Back-End\\node_modules\\@prisma\\client\\runtime\\library.js:130:9633)\n    at async Timeout._onTimeout (D:\\Projects\\ProctorX\\Back-End\\src\\config\\scheduler.js:14:30)","timestamp":"2026-07-07 16:30:44"}
{"clientVersion":"5.22.0","code":"P1001","level":"error","message":"Error inside background scheduler tick: \nInvalid `prisma.quiz.findMany()` invocation in\nD:\\Projects\\ProctorX\\Back-End\\src\\config\\scheduler.js:14:48\n\n  11 const now = new Date();\n  12 \n  13 // 1. Auto-start scheduled PENDING quizzes\n→ 14 const pendingQuizzes = await prisma.quiz.findMany(\nCan't reach database server at `ep-rapid-resonance-ao44cup4-pooler.c-2.ap-southeast-1.aws.neon.tech:5432`\n\nPlease make sure your database server is running at `ep-rapid-resonance-ao44cup4-pooler.c-2.ap-southeast-1.aws.neon.tech:5432`.","meta":{"database_host":"ep-rapid-resonance-ao44cup4-pooler.c-2.ap-southeast-1.aws.neon.tech","database_port":5432,"modelName":"Quiz"},"name":"PrismaClientKnownRequestError","service":"proctorx-backend","stack":"PrismaClientKnownRequestError: \nInvalid `prisma.quiz.findMany()` invocation in\nD:\\Projects\\ProctorX\\Back-End\\src\\config\\scheduler.js:14:48\n\n  11 const now = new Date();\n  12 \n  13 // 1. Auto-start scheduled PENDING quizzes\n→ 14 const pendingQuizzes = await prisma.quiz.findMany(\nCan't reach database server at `ep-rapid-resonance-ao44cup4-pooler.c-2.ap-southeast-1.aws.neon.tech:5432`\n\nPlease make sure your database server is running at `ep-rapid-resonance-ao44cup4-pooler.c-2.ap-southeast-1.aws.neon.tech:5432`.\n    at $n.handleRequestError (D:\\Projects\\ProctorX\\Back-End\\node_modules\\@prisma\\client\\runtime\\library.js:121:7315)\n    at $n.handleAndLogRequestError (D:\\Projects\\ProctorX\\Back-End\\node_modules\\@prisma\\client\\runtime\\library.js:121:6623)\n    at $n.request (D:\\Projects\\ProctorX\\Back-End\\node_modules\\@prisma\\client\\runtime\\library.js:121:6307)\n    at async l (D:\\Projects\\ProctorX\\Back-End\\node_modules\\@prisma\\client\\runtime\\library.js:130:9633)\n    at async Timeout._onTimeout (D:\\Projects\\ProctorX\\Back-End\\src\\config\\scheduler.js:14:30)","timestamp":"2026-07-07 16:30:54"}
{"clientVersion":"5.22.0","code":"P1001","level":"error","message":"Error inside background scheduler tick: \nInvalid `prisma.quiz.findMany()` invocation in\nD:\\Projects\\ProctorX\\Back-End\\src\\config\\scheduler.js:14:48\n\n  11 const now = new Date();\n  12 \n  13 // 1. Auto-start scheduled PENDING quizzes\n→ 14 const pendingQuizzes = await prisma.quiz.findMany(\nCan't reach database server at `ep-rapid-resonance-ao44cup4-pooler.c-2.ap-southeast-1.aws.neon.tech:5432`\n\nPlease make sure your database server is running at `ep-rapid-resonance-ao44cup4-pooler.c-2.ap-southeast-1.aws.neon.tech:5432`.","meta":{"database_host":"ep-rapid-resonance-ao44cup4-pooler.c-2.ap-southeast-1.aws.neon.tech","database_port":5432,"modelName":"Quiz"},"name":"PrismaClientKnownRequestError","service":"proctorx-backend","stack":"PrismaClientKnownRequestError: \nInvalid `prisma.quiz.findMany()` invocation in\nD:\\Projects\\ProctorX\\Back-End\\src\\config\\scheduler.js:14:48\n\n  11 const now = new Date();\n  12 \n  13 // 1. Auto-start scheduled PENDING quizzes\n→ 14 const pendingQuizzes = await prisma.quiz.findMany(\nCan't reach database server at `ep-rapid-resonance-ao44cup4-pooler.c-2.ap-southeast-1.aws.neon.tech:5432`\n\nPlease make sure your database server is running at `ep-rapid-resonance-ao44cup4-pooler.c-2.ap-southeast-1.aws.neon.tech:5432`.\n    at $n.handleRequestError (D:\\Projects\\ProctorX\\Back-End\\node_modules\\@prisma\\client\\runtime\\library.js:121:7315)\n    at $n.handleAndLogRequestError (D:\\Projects\\ProctorX\\Back-End\\node_modules\\@prisma\\client\\runtime\\library.js:121:6623)\n    at $n.request (D:\\Projects\\ProctorX\\Back-End\\node_modules\\@prisma\\client\\runtime\\library.js:121:6307)\n    at async l (D:\\Projects\\ProctorX\\Back-End\\node_modules\\@prisma\\client\\runtime\\library.js:130:9633)\n    at async Timeout._onTimeout (D:\\Projects\\ProctorX\\Back-End\\src\\config\\scheduler.js:14:30)","timestamp":"2026-07-07 16:31:04"}
{"clientVersion":"5.22.0","code":"P1001","level":"error","message":"Error inside background scheduler tick: \nInvalid `prisma.quiz.findMany()` invocation in\nD:\\Projects\\ProctorX\\Back-End\\src\\config\\scheduler.js:14:48\n\n  11 const now = new Date();\n  12 \n  13 // 1. Auto-start scheduled PENDING quizzes\n→ 14 const pendingQuizzes = await prisma.quiz.findMany(\nCan't reach database server at `ep-rapid-resonance-ao44cup4-pooler.c-2.ap-southeast-1.aws.neon.tech:5432`\n\nPlease make sure your database server is running at `ep-rapid-resonance-ao44cup4-pooler.c-2.ap-southeast-1.aws.neon.tech:5432`.","meta":{"database_host":"ep-rapid-resonance-ao44cup4-pooler.c-2.ap-southeast-1.aws.neon.tech","database_port":5432,"modelName":"Quiz"},"name":"PrismaClientKnownRequestError","service":"proctorx-backend","stack":"PrismaClientKnownRequestError: \nInvalid `prisma.quiz.findMany()` invocation in\nD:\\Projects\\ProctorX\\Back-End\\src\\config\\scheduler.js:14:48\n\n  11 const now = new Date();\n  12 \n  13 // 1. Auto-start scheduled PENDING quizzes\n→ 14 const pendingQuizzes = await prisma.quiz.findMany(\nCan't reach database server at `ep-rapid-resonance-ao44cup4-pooler.c-2.ap-southeast-1.aws.neon.tech:5432`\n\nPlease make sure your database server is running at `ep-rapid-resonance-ao44cup4-pooler.c-2.ap-southeast-1.aws.neon.tech:5432`.\n    at $n.handleRequestError (D:\\Projects\\ProctorX\\Back-End\\node_modules\\@prisma\\client\\runtime\\library.js:121:7315)\n    at $n.handleAndLogRequestError (D:\\Projects\\ProctorX\\Back-End\\node_modules\\@prisma\\client\\runtime\\library.js:121:6623)\n    at $n.request (D:\\Projects\\ProctorX\\Back-End\\node_modules\\@prisma\\client\\runtime\\library.js:121:6307)\n    at async l (D:\\Projects\\ProctorX\\Back-End\\node_modules\\@prisma\\client\\runtime\\library.js:130:9633)\n    at async Timeout._onTimeout (D:\\Projects\\ProctorX\\Back-End\\src\\config\\scheduler.js:14:30)","timestamp":"2026-07-07 16:31:14"}
{"clientVersion":"5.22.0","code":"P1001","level":"error","message":"Error inside background scheduler tick: \nInvalid `prisma.quiz.findMany()` invocation in\nD:\\Projects\\ProctorX\\Back-End\\src\\config\\scheduler.js:14:48\n\n  11 const now = new Date();\n  12 \n  13 // 1. Auto-start scheduled PENDING quizzes\n→ 14 const pendingQuizzes = await prisma.quiz.findMany(\nCan't reach database server at `ep-rapid-resonance-ao44cup4-pooler.c-2.ap-southeast-1.aws.neon.tech:5432`\n\nPlease make sure your database server is running at `ep-rapid-resonance-ao44cup4-pooler.c-2.ap-southeast-1.aws.neon.tech:5432`.","meta":{"database_host":"ep-rapid-resonance-ao44cup4-pooler.c-2.ap-southeast-1.aws.neon.tech","database_port":5432,"modelName":"Quiz"},"name":"PrismaClientKnownRequestError","service":"proctorx-backend","stack":"PrismaClientKnownRequestError: \nInvalid `prisma.quiz.findMany()` invocation in\nD:\\Projects\\ProctorX\\Back-End\\src\\config\\scheduler.js:14:48\n\n  11 const now = new Date();\n  12 \n  13 // 1. Auto-start scheduled PENDING quizzes\n→ 14 const pendingQuizzes = await prisma.quiz.findMany(\nCan't reach database server at `ep-rapid-resonance-ao44cup4-pooler.c-2.ap-southeast-1.aws.neon.tech:5432`\n\nPlease make sure your database server is running at `ep-rapid-resonance-ao44cup4-pooler.c-2.ap-southeast-1.aws.neon.tech:5432`.\n    at $n.handleRequestError (D:\\Projects\\ProctorX\\Back-End\\node_modules\\@prisma\\client\\runtime\\library.js:121:7315)\n    at $n.handleAndLogRequestError (D:\\Projects\\ProctorX\\Back-End\\node_modules\\@prisma\\client\\runtime\\library.js:121:6623)\n    at $n.request (D:\\Projects\\ProctorX\\Back-End\\node_modules\\@prisma\\client\\runtime\\library.js:121:6307)\n    at async l (D:\\Projects\\ProctorX\\Back-End\\node_modules\\@prisma\\client\\runtime\\library.js:130:9633)\n    at async Timeout._onTimeout (D:\\Projects\\ProctorX\\Back-End\\src\\config\\scheduler.js:14:30)","timestamp":"2026-07-07 16:31:24"}
{"clientVersion":"5.22.0","code":"P1001","level":"error","message":"Error inside background scheduler tick: \nInvalid `prisma.quiz.findMany()` invocation in\nD:\\Projects\\ProctorX\\Back-End\\src\\config\\scheduler.js:14:48\n\n  11 const now = new Date();\n  12 \n  13 // 1. Auto-start scheduled PENDING quizzes\n→ 14 const pendingQuizzes = await prisma.quiz.findMany(\nCan't reach database server at `ep-rapid-resonance-ao44cup4-pooler.c-2.ap-southeast-1.aws.neon.tech:5432`\n\nPlease make sure your database server is running at `ep-rapid-resonance-ao44cup4-pooler.c-2.ap-southeast-1.aws.neon.tech:5432`.","meta":{"database_host":"ep-rapid-resonance-ao44cup4-pooler.c-2.ap-southeast-1.aws.neon.tech","database_port":5432,"modelName":"Quiz"},"name":"PrismaClientKnownRequestError","service":"proctorx-backend","stack":"PrismaClientKnownRequestError: \nInvalid `prisma.quiz.findMany()` invocation in\nD:\\Projects\\ProctorX\\Back-End\\src\\config\\scheduler.js:14:48\n\n  11 const now = new Date();\n  12 \n  13 // 1. Auto-start scheduled PENDING quizzes\n→ 14 const pendingQuizzes = await prisma.quiz.findMany(\nCan't reach database server at `ep-rapid-resonance-ao44cup4-pooler.c-2.ap-southeast-1.aws.neon.tech:5432`\n\nPlease make sure your database server is running at `ep-rapid-resonance-ao44cup4-pooler.c-2.ap-southeast-1.aws.neon.tech:5432`.\n    at $n.handleRequestError (D:\\Projects\\ProctorX\\Back-End\\node_modules\\@prisma\\client\\runtime\\library.js:121:7315)\n    at $n.handleAndLogRequestError (D:\\Projects\\ProctorX\\Back-End\\node_modules\\@prisma\\client\\runtime\\library.js:121:6623)\n    at $n.request (D:\\Projects\\ProctorX\\Back-End\\node_modules\\@prisma\\client\\runtime\\library.js:121:6307)\n    at async l (D:\\Projects\\ProctorX\\Back-End\\node_modules\\@prisma\\client\\runtime\\library.js:130:9633)\n    at async Timeout._onTimeout (D:\\Projects\\ProctorX\\Back-End\\src\\config\\scheduler.js:14:30)","timestamp":"2026-07-07 16:31:34"}
{"clientVersion":"5.22.0","code":"P1001","level":"error","message":"Error inside background scheduler tick: \nInvalid `prisma.quiz.findMany()` invocation in\nD:\\Projects\\ProctorX\\Back-End\\src\\config\\scheduler.js:14:48\n\n  11 const now = new Date();\n  12 \n  13 // 1. Auto-start scheduled PENDING quizzes\n→ 14 const pendingQuizzes = await prisma.quiz.findMany(\nCan't reach database server at `ep-rapid-resonance-ao44cup4-pooler.c-2.ap-southeast-1.aws.neon.tech:5432`\n\nPlease make sure your database server is running at `ep-rapid-resonance-ao44cup4-pooler.c-2.ap-southeast-1.aws.neon.tech:5432`.","meta":{"database_host":"ep-rapid-resonance-ao44cup4-pooler.c-2.ap-southeast-1.aws.neon.tech","database_port":5432,"modelName":"Quiz"},"name":"PrismaClientKnownRequestError","service":"proctorx-backend","stack":"PrismaClientKnownRequestError: \nInvalid `prisma.quiz.findMany()` invocation in\nD:\\Projects\\ProctorX\\Back-End\\src\\config\\scheduler.js:14:48\n\n  11 const now = new Date();\n  12 \n  13 // 1. Auto-start scheduled PENDING quizzes\n→ 14 const pendingQuizzes = await prisma.quiz.findMany(\nCan't reach database server at `ep-rapid-resonance-ao44cup4-pooler.c-2.ap-southeast-1.aws.neon.tech:5432`\n\nPlease make sure your database server is running at `ep-rapid-resonance-ao44cup4-pooler.c-2.ap-southeast-1.aws.neon.tech:5432`.\n    at $n.handleRequestError (D:\\Projects\\ProctorX\\Back-End\\node_modules\\@prisma\\client\\runtime\\library.js:121:7315)\n    at $n.handleAndLogRequestError (D:\\Projects\\ProctorX\\Back-End\\node_modules\\@prisma\\client\\runtime\\library.js:121:6623)\n    at $n.request (D:\\Projects\\ProctorX\\Back-End\\node_modules\\@prisma\\client\\runtime\\library.js:121:6307)\n    at async l (D:\\Projects\\ProctorX\\Back-End\\node_modules\\@prisma\\client\\runtime\\library.js:130:9633)\n    at async Timeout._onTimeout (D:\\Projects\\ProctorX\\Back-End\\src\\config\\scheduler.js:14:30)","timestamp":"2026-07-07 16:31:44"}
{"clientVersion":"5.22.0","code":"P1001","level":"error","message":"Error inside background scheduler tick: \nInvalid `prisma.quiz.findMany()` invocation in\nD:\\Projects\\ProctorX\\Back-End\\src\\config\\scheduler.js:14:48\n\n  11 const now = new Date();\n  12 \n  13 // 1. Auto-start scheduled PENDING quizzes\n→ 14 const pendingQuizzes = await prisma.quiz.findMany(\nCan't reach database server at `ep-rapid-resonance-ao44cup4-pooler.c-2.ap-southeast-1.aws.neon.tech:5432`\n\nPlease make sure your database server is running at `ep-rapid-resonance-ao44cup4-pooler.c-2.ap-southeast-1.aws.neon.tech:5432`.","meta":{"database_host":"ep-rapid-resonance-ao44cup4-pooler.c-2.ap-southeast-1.aws.neon.tech","database_port":5432,"modelName":"Quiz"},"name":"PrismaClientKnownRequestError","service":"proctorx-backend","stack":"PrismaClientKnownRequestError: \nInvalid `prisma.quiz.findMany()` invocation in\nD:\\Projects\\ProctorX\\Back-End\\src\\config\\scheduler.js:14:48\n\n  11 const now = new Date();\n  12 \n  13 // 1. Auto-start scheduled PENDING quizzes\n→ 14 const pendingQuizzes = await prisma.quiz.findMany(\nCan't reach database server at `ep-rapid-resonance-ao44cup4-pooler.c-2.ap-southeast-1.aws.neon.tech:5432`\n\nPlease make sure your database server is running at `ep-rapid-resonance-ao44cup4-pooler.c-2.ap-southeast-1.aws.neon.tech:5432`.\n    at $n.handleRequestError (D:\\Projects\\ProctorX\\Back-End\\node_modules\\@prisma\\client\\runtime\\library.js:121:7315)\n    at $n.handleAndLogRequestError (D:\\Projects\\ProctorX\\Back-End\\node_modules\\@prisma\\client\\runtime\\library.js:121:6623)\n    at $n.request (D:\\Projects\\ProctorX\\Back-End\\node_modules\\@prisma\\client\\runtime\\library.js:121:6307)\n    at async l (D:\\Projects\\ProctorX\\Back-End\\node_modules\\@prisma\\client\\runtime\\library.js:130:9633)\n    at async Timeout._onTimeout (D:\\Projects\\ProctorX\\Back-End\\src\\config\\scheduler.js:14:30)","timestamp":"2026-07-07 16:31:54"}
{"level":"info","message":"Socket client connected: n99bhcuiYYVqyVZLAAAI (user: sanjai)","service":"proctorx-backend","timestamp":"2026-07-07 16:33:08"}
{"level":"info","message":"OTP and Quiz scheduler initialized.","service":"proctorx-backend","timestamp":"2026-07-07 16:38:41"}
{"level":"info","message":"ProctorX Backend Server listening on port 8000 in development environment.","service":"proctorx-backend","timestamp":"2026-07-07 16:38:41"}
{"level":"info","message":"OTP Lifecycle: Quiz \"Computer Science and Programming \" (QZ-9H9ZTY) OTP auto-regenerated -> 510169","service":"proctorx-backend","timestamp":"2026-07-07 16:40:02"}
{"level":"info","message":"Socket client connected: zyW0dcEH_leay376AAAC (user: sanjai)","service":"proctorx-backend","timestamp":"2026-07-07 16:43:04"}
{"level":"info","message":"Auto-start: Quiz \"Computer Science and Programming  (Clone)\" (QZ-6IJLUL) activated successfully.","service":"proctorx-backend","timestamp":"2026-07-07 16:45:02"}
{"level":"info","message":"OTP Lifecycle: Quiz \"Computer Science and Programming \" (QZ-9H9ZTY) OTP auto-regenerated -> 604394","service":"proctorx-backend","timestamp":"2026-07-07 16:45:02"}
{"level":"info","message":"Socket client connected: JVDbqZJfniUCoUCDAAAE (user: sanjai)","service":"proctorx-backend","timestamp":"2026-07-07 16:45:08"}
{"level":"info","message":"OTP Lifecycle: Quiz \"Computer Science and Programming  (Clone)\" (QZ-6IJLUL) OTP auto-regenerated -> 249990","service":"proctorx-backend","timestamp":"2026-07-07 16:50:02"}
{"level":"info","message":"OTP Lifecycle: Quiz \"Computer Science and Programming \" (QZ-9H9ZTY) OTP auto-regenerated -> 437332","service":"proctorx-backend","timestamp":"2026-07-07 16:50:12"}
{"level":"info","message":"Socket client connected: yzIrjOr0eoe4NflFAAAH (user: sanjai)","service":"proctorx-backend","timestamp":"2026-07-07 16:50:40"}
{"level":"info","message":"Socket client connected: O233O3kPs7ry3Wz6AAAJ (user: sanjai)","service":"proctorx-backend","timestamp":"2026-07-07 16:51:31"}
{"level":"info","message":"OTP Lifecycle: Quiz \"Computer Science and Programming \" (QZ-9H9ZTY) joining window closed.","service":"proctorx-backend","timestamp":"2026-07-07 16:52:53"}
{"level":"info","message":"Socket client connected: xDIyqMQn3ZdIbStaAAAM (user: sanjai)","service":"proctorx-backend","timestamp":"2026-07-07 16:52:56"}
{"level":"info","message":"OTP Lifecycle: Quiz \"Computer Science and Programming  (Clone)\" (QZ-6IJLUL) OTP auto-regenerated -> 929263","service":"proctorx-backend","timestamp":"2026-07-07 16:55:02"}
{"level":"info","message":"OTP Lifecycle: Quiz \"Computer Science and Programming  (Clone)\" (QZ-6IJLUL) OTP auto-regenerated -> 164582","service":"proctorx-backend","timestamp":"2026-07-07 17:00:02"}
{"level":"info","message":"OTP Lifecycle: Quiz \"Computer Science and Programming  (Clone)\" (QZ-6IJLUL) joining window closed.","service":"proctorx-backend","timestamp":"2026-07-07 17:03:02"}
{"level":"info","message":"Socket client connected: Zzg4XVrlEdfKLM5zAAAO (user: sanjai)","service":"proctorx-backend","timestamp":"2026-07-07 17:20:11"}
{"level":"info","message":"OTP Lifecycle: Quiz \"Computer Science and Programming  (Clone)\" (QZ-6IJLUL) joining window closed.","service":"proctorx-backend","timestamp":"2026-07-07 17:20:33"}
{"level":"info","message":"OTP Lifecycle: Quiz \"Computer Science and Programming  (Clone)\" (QZ-6IJLUL) joining window closed.","service":"proctorx-backend","timestamp":"2026-07-07 17:21:14"}
{"level":"info","message":"OTP Lifecycle: Quiz \"Computer Science and Programming  (Clone)\" (QZ-6IJLUL) joining window closed.","service":"proctorx-backend","timestamp":"2026-07-07 17:21:23"}
{"level":"error","message":"Global Error caught: OTP has expired or is invalid. Please request a new one.","service":"proctorx-backend","stack":"Error: OTP has expired or is invalid. Please request a new one.\n    at Object.verifyOTP (D:\\Projects\\ProctorX\\Back-End\\src\\services\\quiz.service.js:260:19)\n    at async verifyOTP (D:\\Projects\\ProctorX\\Back-End\\src\\controllers\\quiz.controller.js:92:20)","statusCode":400,"timestamp":"2026-07-07 17:21:31"}
{"level":"info","message":"Socket client connected: DqGp-V85tWjrdGCTAAAR (user: sanjai)","service":"proctorx-backend","timestamp":"2026-07-07 17:31:21"}
{"level":"info","message":"OTP and Quiz scheduler initialized.","service":"proctorx-backend","timestamp":"2026-07-07 17:31:44"}
{"level":"info","message":"ProctorX Backend Server listening on port 8000 in development environment.","service":"proctorx-backend","timestamp":"2026-07-07 17:31:44"}
{"level":"info","message":"Socket client connected: XqBtwOAM-v2ARq1HAAAB (user: sanjai)","service":"proctorx-backend","timestamp":"2026-07-07 17:31:47"}
{"level":"info","message":"Socket client connected: Refx-xkdU1M6jS7KAAAD (user: sanjai)","service":"proctorx-backend","timestamp":"2026-07-07 17:31:53"}
{"level":"info","message":"Socket client connected: BukI8lQ1rMC8UBr8AAAF (user: sanjai)","service":"proctorx-backend","timestamp":"2026-07-07 17:32:05"}
{"level":"info","message":"Socket client connected: yQ230p__ea1fyUaHAAAH (user: sanjai)","service":"proctorx-backend","timestamp":"2026-07-07 17:32:09"}
{"level":"info","message":"Auto-start: Quiz \"Computer Science and Programming  (Clone) (Clone)\" (QZ-SF0E70) activated successfully.","service":"proctorx-backend","timestamp":"2026-07-07 17:35:05"}
{"level":"info","message":"OTP Lifecycle: Quiz \"Computer Science and Programming  (Clone) (Clone)\" (QZ-SF0E70) OTP auto-regenerated -> 368264","service":"proctorx-backend","timestamp":"2026-07-07 17:40:05"}
{"level":"info","message":"OTP and Quiz scheduler initialized.","service":"proctorx-backend","timestamp":"2026-07-07 17:40:52"}
{"level":"info","message":"ProctorX Backend Server listening on port 8000 in development environment.","service":"proctorx-backend","timestamp":"2026-07-07 17:40:52"}
{"level":"info","message":"Auto-start: Quiz \"Full Stack Developer Assessment - Advanced\" (QZ-W5U2XE) activated successfully.","service":"proctorx-backend","timestamp":"2026-07-07 17:43:03"}
{"level":"info","message":"Socket client connected: Tk8UdvEW4t8fuVahAAAB (user: sanjai)","service":"proctorx-backend","timestamp":"2026-07-07 17:43:08"}
{"level":"info","message":"Socket client connected: hZCdeecioiAPwmv9AAAD (user: sanjai)","service":"proctorx-backend","timestamp":"2026-07-07 17:43:28"}
{"level":"info","message":"Socket student:join -> student: sanjai (eb3c68a1-f857-405a-9e2b-412e89e001d1), quiz: QZ-W5U2XE","service":"proctorx-backend","timestamp":"2026-07-07 17:43:51"}
{"level":"info","message":"Socket student:join -> student: sanjai (eb3c68a1-f857-405a-9e2b-412e89e001d1), quiz: QZ-W5U2XE","service":"proctorx-backend","timestamp":"2026-07-07 17:43:52"}
{"level":"info","message":"OTP Lifecycle: Quiz \"Full Stack Developer Assessment - Advanced\" (QZ-W5U2XE) OTP auto-regenerated -> 797423","service":"proctorx-backend","timestamp":"2026-07-07 17:43:53"}
{"level":"info","message":"Socket student:join -> student: sanjai (eb3c68a1-f857-405a-9e2b-412e89e001d1), quiz: QZ-W5U2XE","service":"proctorx-backend","timestamp":"2026-07-07 17:43:53"}
{"level":"info","message":"Socket student:join -> student: sanjai (eb3c68a1-f857-405a-9e2b-412e89e001d1), quiz: QZ-W5U2XE","service":"proctorx-backend","timestamp":"2026-07-07 17:43:54"}
{"level":"info","message":"Socket student:join -> student: sanjai (eb3c68a1-f857-405a-9e2b-412e89e001d1), quiz: QZ-W5U2XE","service":"proctorx-backend","timestamp":"2026-07-07 17:43:55"}
{"level":"info","message":"Socket student:join -> student: sanjai (eb3c68a1-f857-405a-9e2b-412e89e001d1), quiz: QZ-W5U2XE","service":"proctorx-backend","timestamp":"2026-07-07 17:43:56"}
{"level":"info","message":"Socket student:join -> student: sanjai (eb3c68a1-f857-405a-9e2b-412e89e001d1), quiz: QZ-W5U2XE","service":"proctorx-backend","timestamp":"2026-07-07 17:43:57"}
{"level":"info","message":"Socket student:join -> student: sanjai (eb3c68a1-f857-405a-9e2b-412e89e001d1), quiz: QZ-W5U2XE","service":"proctorx-backend","timestamp":"2026-07-07 17:43:58"}
{"level":"info","message":"Socket student:join -> student: sanjai (eb3c68a1-f857-405a-9e2b-412e89e001d1), quiz: QZ-W5U2XE","service":"proctorx-backend","timestamp":"2026-07-07 17:43:59"}
{"level":"info","message":"Socket student:join -> student: sanjai (eb3c68a1-f857-405a-9e2b-412e89e001d1), quiz: QZ-W5U2XE","service":"proctorx-backend","timestamp":"2026-07-07 17:44:00"}
{"level":"info","message":"Socket student:join -> student: sanjai (eb3c68a1-f857-405a-9e2b-412e89e001d1), quiz: QZ-W5U2XE","service":"proctorx-backend","timestamp":"2026-07-07 17:44:01"}
{"level":"info","message":"Socket student:join -> student: sanjai (eb3c68a1-f857-405a-9e2b-412e89e001d1), quiz: QZ-W5U2XE","service":"proctorx-backend","timestamp":"2026-07-07 17:44:02"}
{"level":"info","message":"Socket student:join -> student: sanjai (eb3c68a1-f857-405a-9e2b-412e89e001d1), quiz: QZ-W5U2XE","service":"proctorx-backend","timestamp":"2026-07-07 17:44:03"}
{"level":"info","message":"Socket student:join -> student: sanjai (eb3c68a1-f857-405a-9e2b-412e89e001d1), quiz: QZ-W5U2XE","service":"proctorx-backend","timestamp":"2026-07-07 17:44:04"}
{"level":"info","message":"Socket student:join -> student: sanjai (eb3c68a1-f857-405a-9e2b-412e89e001d1), quiz: QZ-W5U2XE","service":"proctorx-backend","timestamp":"2026-07-07 17:44:05"}
{"level":"info","message":"Socket student:join -> student: sanjai (eb3c68a1-f857-405a-9e2b-412e89e001d1), quiz: QZ-W5U2XE","service":"proctorx-backend","timestamp":"2026-07-07 17:44:06"}
{"level":"info","message":"Socket student:join -> student: sanjai (eb3c68a1-f857-405a-9e2b-412e89e001d1), quiz: QZ-W5U2XE","service":"proctorx-backend","timestamp":"2026-07-07 17:44:07"}
{"level":"info","message":"Socket student:warning -> student: eb3c68a1-f857-405a-9e2b-412e89e001d1, quiz: QZ-W5U2XE, type: TAB_SWITCH","service":"proctorx-backend","timestamp":"2026-07-07 17:44:08"}
{"level":"info","message":"Socket student:warning -> student: eb3c68a1-f857-405a-9e2b-412e89e001d1, quiz: QZ-W5U2XE, type: TAB_SWITCH","service":"proctorx-backend","timestamp":"2026-07-07 17:44:08"}
{"level":"info","message":"Socket student:join -> student: sanjai (eb3c68a1-f857-405a-9e2b-412e89e001d1), quiz: QZ-W5U2XE","service":"proctorx-backend","timestamp":"2026-07-07 17:44:08"}
{"level":"info","message":"Socket student:join -> student: sanjai (eb3c68a1-f857-405a-9e2b-412e89e001d1), quiz: QZ-W5U2XE","service":"proctorx-backend","timestamp":"2026-07-07 17:44:09"}
{"level":"info","message":"Socket student:join -> student: sanjai (eb3c68a1-f857-405a-9e2b-412e89e001d1), quiz: QZ-W5U2XE","service":"proctorx-backend","timestamp":"2026-07-07 17:44:10"}
{"level":"info","message":"Socket student:join -> student: sanjai (eb3c68a1-f857-405a-9e2b-412e89e001d1), quiz: QZ-W5U2XE","service":"proctorx-backend","timestamp":"2026-07-07 17:44:11"}
{"level":"info","message":"Socket student:join -> student: sanjai (eb3c68a1-f857-405a-9e2b-412e89e001d1), quiz: QZ-W5U2XE","service":"proctorx-backend","timestamp":"2026-07-07 17:44:12"}
{"level":"info","message":"Socket student:join -> student: sanjai (eb3c68a1-f857-405a-9e2b-412e89e001d1), quiz: QZ-W5U2XE","service":"proctorx-backend","timestamp":"2026-07-07 17:44:13"}
{"level":"info","message":"Socket student:join -> student: sanjai (eb3c68a1-f857-405a-9e2b-412e89e001d1), quiz: QZ-W5U2XE","service":"proctorx-backend","timestamp":"2026-07-07 17:44:14"}
{"level":"info","message":"Socket student:join -> student: sanjai (eb3c68a1-f857-405a-9e2b-412e89e001d1), quiz: QZ-W5U2XE","service":"proctorx-backend","timestamp":"2026-07-07 17:44:15"}
{"level":"info","message":"Socket student:join -> student: sanjai (eb3c68a1-f857-405a-9e2b-412e89e001d1), quiz: QZ-W5U2XE","service":"proctorx-backend","timestamp":"2026-07-07 17:44:16"}
{"level":"info","message":"Socket student:join -> student: sanjai (eb3c68a1-f857-405a-9e2b-412e89e001d1), quiz: QZ-W5U2XE","service":"proctorx-backend","timestamp":"2026-07-07 17:44:17"}
{"level":"info","message":"Socket student:warning -> student: eb3c68a1-f857-405a-9e2b-412e89e001d1, quiz: QZ-W5U2XE, type: TAB_SWITCH","service":"proctorx-backend","timestamp":"2026-07-07 17:44:17"}
{"level":"info","message":"OTP Lifecycle: Quiz \"Computer Science and Programming  (Clone) (Clone)\" (QZ-SF0E70) OTP auto-regenerated -> 699507","service":"proctorx-backend","timestamp":"2026-07-07 17:45:13"}
{"level":"info","message":"Heartbeat timeout -> Student session removed: eb3c68a1-f857-405a-9e2b-412e89e001d1:QZ-W5U2XE","service":"proctorx-backend","timestamp":"2026-07-07 17:45:22"}
{"level":"info","message":"Socket client connected: Ftoe3WgCujzIBra4AAAF (user: sanjai)","service":"proctorx-backend","timestamp":"2026-07-07 17:47:53"}
{"level":"info","message":"Socket student:join -> student: sanjai (eb3c68a1-f857-405a-9e2b-412e89e001d1), quiz: QZ-W5U2XE","service":"proctorx-backend","timestamp":"2026-07-07 17:48:35"}
{"level":"info","message":"Socket student:join -> student: sanjai (eb3c68a1-f857-405a-9e2b-412e89e001d1), quiz: QZ-W5U2XE","service":"proctorx-backend","timestamp":"2026-07-07 17:48:36"}
{"level":"info","message":"Socket student:join -> student: sanjai (eb3c68a1-f857-405a-9e2b-412e89e001d1), quiz: QZ-W5U2XE","service":"proctorx-backend","timestamp":"2026-07-07 17:48:37"}
{"level":"info","message":"Socket student:join -> student: sanjai (eb3c68a1-f857-405a-9e2b-412e89e001d1), quiz: QZ-W5U2XE","service":"proctorx-backend","timestamp":"2026-07-07 17:48:38"}
{"level":"info","message":"Socket student:join -> student: sanjai (eb3c68a1-f857-405a-9e2b-412e89e001d1), quiz: QZ-W5U2XE","service":"proctorx-backend","timestamp":"2026-07-07 17:48:39"}
{"level":"info","message":"Socket student:join -> student: sanjai (eb3c68a1-f857-405a-9e2b-412e89e001d1), quiz: QZ-W5U2XE","service":"proctorx-backend","timestamp":"2026-07-07 17:48:39"}
{"level":"info","message":"Socket student:join -> student: sanjai (eb3c68a1-f857-405a-9e2b-412e89e001d1), quiz: QZ-W5U2XE","service":"proctorx-backend","timestamp":"2026-07-07 17:48:40"}
{"level":"info","message":"Socket student:join -> student: sanjai (eb3c68a1-f857-405a-9e2b-412e89e001d1), quiz: QZ-W5U2XE","service":"proctorx-backend","timestamp":"2026-07-07 17:48:41"}
{"level":"info","message":"Socket student:join -> student: sanjai (eb3c68a1-f857-405a-9e2b-412e89e001d1), quiz: QZ-W5U2XE","service":"proctorx-backend","timestamp":"2026-07-07 17:48:42"}
{"level":"info","message":"Socket student:join -> student: sanjai (eb3c68a1-f857-405a-9e2b-412e89e001d1), quiz: QZ-W5U2XE","service":"proctorx-backend","timestamp":"2026-07-07 17:48:43"}
{"level":"info","message":"OTP Lifecycle: Quiz \"Full Stack Developer Assessment - Advanced\" (QZ-W5U2XE) OTP auto-regenerated -> 521779","service":"proctorx-backend","timestamp":"2026-07-07 17:48:43"}
{"level":"info","message":"Socket student:join -> student: sanjai (eb3c68a1-f857-405a-9e2b-412e89e001d1), quiz: QZ-W5U2XE","service":"proctorx-backend","timestamp":"2026-07-07 17:48:44"}
{"level":"info","message":"Socket student:join -> student: sanjai (eb3c68a1-f857-405a-9e2b-412e89e001d1), quiz: QZ-W5U2XE","service":"proctorx-backend","timestamp":"2026-07-07 17:48:45"}
{"level":"info","message":"Socket student:join -> student: sanjai (eb3c68a1-f857-405a-9e2b-412e89e001d1), quiz: QZ-W5U2XE","service":"proctorx-backend","timestamp":"2026-07-07 17:48:46"}
{"level":"info","message":"Socket student:join -> student: sanjai (eb3c68a1-f857-405a-9e2b-412e89e001d1), quiz: QZ-W5U2XE","service":"proctorx-backend","timestamp":"2026-07-07 17:48:47"}
{"level":"info","message":"Socket student:join -> student: sanjai (eb3c68a1-f857-405a-9e2b-412e89e001d1), quiz: QZ-W5U2XE","service":"proctorx-backend","timestamp":"2026-07-07 17:48:48"}
{"level":"info","message":"Socket student:join -> student: sanjai (eb3c68a1-f857-405a-9e2b-412e89e001d1), quiz: QZ-W5U2XE","service":"proctorx-backend","timestamp":"2026-07-07 17:48:49"}
{"level":"info","message":"Socket disconnect -> Student: sanjai (eb3c68a1-f857-405a-9e2b-412e89e001d1), quiz: QZ-W5U2XE","service":"proctorx-backend","timestamp":"2026-07-07 17:48:50"}
{"level":"info","message":"Socket client connected: Za3V9NK--OoCH4j0AAAH (user: sanjai)","service":"proctorx-backend","timestamp":"2026-07-07 17:49:28"}
{"level":"info","message":"Socket client connected: j66p2WWz66mphIFzAAAK (user: sanjai)","service":"proctorx-backend","timestamp":"2026-07-07 17:49:40"}
{"level":"info","message":"Socket student:join -> student: sanjai (eb3c68a1-f857-405a-9e2b-412e89e001d1), quiz: QZ-W5U2XE","service":"proctorx-backend","timestamp":"2026-07-07 17:50:11"}
{"level":"info","message":"Socket student:join -> student: sanjai (eb3c68a1-f857-405a-9e2b-412e89e001d1), quiz: QZ-W5U2XE","service":"proctorx-backend","timestamp":"2026-07-07 17:50:12"}
{"level":"info","message":"Socket student:join -> student: sanjai (eb3c68a1-f857-405a-9e2b-412e89e001d1), quiz: QZ-W5U2XE","service":"proctorx-backend","timestamp":"2026-07-07 17:50:13"}
{"level":"info","message":"OTP Lifecycle: Quiz \"Computer Science and Programming  (Clone) (Clone)\" (QZ-SF0E70) OTP auto-regenerated -> 617322","service":"proctorx-backend","timestamp":"2026-07-07 17:50:14"}
{"level":"info","message":"Socket student:join -> student: sanjai (eb3c68a1-f857-405a-9e2b-412e89e001d1), quiz: QZ-W5U2XE","service":"proctorx-backend","timestamp":"2026-07-07 17:50:14"}
{"level":"info","message":"OTP Lifecycle: Quiz \"Full Stack Developer Assessment - Advanced\" (QZ-W5U2XE) OTP auto-regenerated -> 545349","service":"proctorx-backend","timestamp":"2026-07-07 17:50:14"}
{"level":"info","message":"Socket student:join -> student: sanjai (eb3c68a1-f857-405a-9e2b-412e89e001d1), quiz: QZ-W5U2XE","service":"proctorx-backend","timestamp":"2026-07-07 17:50:15"}
{"level":"info","message":"Socket student:join -> student: sanjai (eb3c68a1-f857-405a-9e2b-412e89e001d1), quiz: QZ-W5U2XE","service":"proctorx-backend","timestamp":"2026-07-07 17:50:16"}
{"level":"info","message":"Socket student:join -> student: sanjai (eb3c68a1-f857-405a-9e2b-412e89e001d1), quiz: QZ-W5U2XE","service":"proctorx-backend","timestamp":"2026-07-07 17:50:17"}
{"level":"info","message":"Socket student:join -> student: sanjai (eb3c68a1-f857-405a-9e2b-412e89e001d1), quiz: QZ-W5U2XE","service":"proctorx-backend","timestamp":"2026-07-07 17:50:18"}
{"level":"info","message":"Socket student:join -> student: sanjai (eb3c68a1-f857-405a-9e2b-412e89e001d1), quiz: QZ-W5U2XE","service":"proctorx-backend","timestamp":"2026-07-07 17:50:19"}
{"level":"info","message":"Socket student:join -> student: sanjai (eb3c68a1-f857-405a-9e2b-412e89e001d1), quiz: QZ-W5U2XE","service":"proctorx-backend","timestamp":"2026-07-07 17:50:20"}
{"level":"info","message":"Socket student:warning -> student: eb3c68a1-f857-405a-9e2b-412e89e001d1, quiz: QZ-W5U2XE, type: TAB_SWITCH","service":"proctorx-backend","timestamp":"2026-07-07 17:50:20"}
{"level":"info","message":"Socket student:warning -> student: eb3c68a1-f857-405a-9e2b-412e89e001d1, quiz: QZ-W5U2XE, type: TAB_SWITCH","service":"proctorx-backend","timestamp":"2026-07-07 17:50:20"}
{"level":"info","message":"Socket student:join -> student: sanjai (eb3c68a1-f857-405a-9e2b-412e89e001d1), quiz: QZ-W5U2XE","service":"proctorx-backend","timestamp":"2026-07-07 17:50:20"}
{"level":"info","message":"Socket student:join -> student: sanjai (eb3c68a1-f857-405a-9e2b-412e89e001d1), quiz: QZ-W5U2XE","service":"proctorx-backend","timestamp":"2026-07-07 17:50:21"}
{"level":"info","message":"Socket student:join -> student: sanjai (eb3c68a1-f857-405a-9e2b-412e89e001d1), quiz: QZ-W5U2XE","service":"proctorx-backend","timestamp":"2026-07-07 17:50:22"}
{"level":"info","message":"Socket student:submitted -> student: eb3c68a1-f857-405a-9e2b-412e89e001d1, quiz: QZ-W5U2XE","service":"proctorx-backend","timestamp":"2026-07-07 17:50:22"}
{"level":"info","message":"Socket student:warning -> student: eb3c68a1-f857-405a-9e2b-412e89e001d1, quiz: QZ-W5U2XE, type: TAB_SWITCH","service":"proctorx-backend","timestamp":"2026-07-07 17:50:22"}
{"level":"info","message":"OTP Lifecycle: Quiz \"Computer Science and Programming  (Clone) (Clone)\" (QZ-SF0E70) joining window closed.","service":"proctorx-backend","timestamp":"2026-07-07 17:53:14"}
{"level":"info","message":"OTP Lifecycle: Quiz \"Full Stack Developer Assessment - Advanced\" (QZ-W5U2XE) OTP auto-regenerated -> 592497","service":"proctorx-backend","timestamp":"2026-07-07 17:55:23"}
{"level":"info","message":"OTP and Quiz scheduler initialized.","service":"proctorx-backend","timestamp":"2026-07-07 17:59:13"}
{"level":"info","message":"ProctorX Backend Server listening on port 8000 in development environment.","service":"proctorx-backend","timestamp":"2026-07-07 17:59:13"}
